CustomerID,Age,Gender,City,Membership,TotalOrders,TotalSpent,AvgOrderValue,DaysSinceLastPurchase,WebsiteVisits,ProductsViewed,CartAbandonmentRate,DiscountUsage,SupportTickets,PaymentMethod,Churn
10001,56,Female,Ahmedabad,Gold,13,4829.36,344.33,59,16,35,0.205,7,3,COD,0
10002,46,Female,Kolkata,Silver,15,49131.97,3346.7,79,12,46,0.507,10,1,UPI,0
10003,32,Male,Kolkata,Bronze,16,20872.36,1508.9,39,16,35,0.181,6,0,Credit Card,0
10004,60,Female,Delhi,Silver,15,16842.57,1182.33,46,12,33,0.555,2,0,UPI,0
10005,25,Female,Ahmedabad,Gold,10,14158.45,1506.06,27,17,39,0.14,3,2,Net Banking,0
10006,38,Male,Bangalore,Silver,14,18338.04,1395.69,9,23,43,0.816,8,2,Credit Card,0
10007,56,Male,Ahmedabad,Silver,12,23902.21,2059.86,42,12,41,0.321,4,3,Net Banking,0
10008,36,Female,Hyderabad,Silver,14,19489.55,1425.54,35,14,35,0.717,6,2,Net Banking,0
10009,40,Male,Delhi,Bronze,15,31217.74,1929.26,30,16,46,0.406,5,1,Credit Card,0
10010,28,Female,Bangalore,Bronze,11,8507.03,811.95,34,14,32,0.312,3,0,Debit Card,0
10011,28,Female,Hyderabad,Silver,12,26065.08,1973.52,100,12,34,0.501,4,0,Credit Card,1
10012,41,Male,Hyderabad,Bronze,11,38861.87,3480.33,28,13,42,0.378,5,3,UPI,1
10013,53,Male,Mumbai,Bronze,11,18242.74,1796.27,76,15,33,0.186,4,1,Credit Card,0
10014,57,Male,Delhi,Bronze,13,32971.09,2761.73,36,15,38,0.347,5,0,Credit Card,1
10015,41,Male,Hyderabad,Silver,12,13588.92,1069.34,14,15,38,0.205,5,0,Credit Card,0
10016,20,Female,Chennai,Bronze,14,44953.19,2721.73,23,13,33,0.205,2,2,UPI,0
10017,39,Female,Kolkata,Gold,17,49216.72,3223.83,31,18,35,0.49,4,3,UPI,0
10018,19,Male,Hyderabad,Silver,20,73530.03,3482.69,17,11,27,0.767,8,0,Net Banking,0
10019,41,Male,Bangalore,Gold,15,31115.12,2380.67,178,14,34,0.185,3,0,UPI,1
10020,61,Female,Mumbai,Gold,9,23034.64,2804.3,25,18,39,0.695,3,0,UPI,0
10021,47,Female,Pune,Bronze,14,14532.93,1047.53,90,14,32,0.471,6,3,UPI,1
10022,55,Female,Kolkata,Silver,14,27237.99,1854.93,23,14,32,0.336,6,1,Credit Card,0
10023,19,Female,Mumbai,Platinum,10,15118.11,1479.74,18,21,33,0.425,4,1,Debit Card,0
10024,38,Male,Pune,Gold,14,36416.78,2495.61,91,13,24,0.186,4,0,UPI,0
10025,50,Female,Delhi,Platinum,14,23820.47,1724.61,13,17,30,0.385,6,3,UPI,0
10026,29,Female,Delhi,Gold,15,43476.41,2818.11,6,16,27,0.426,4,3,Credit Card,0
10027,39,Male,Hyderabad,Bronze,9,38071.76,4421.73,34,15,36,0.157,6,1,Net Banking,0
10028,61,Female,Chennai,Bronze,13,38421.65,2759.42,16,16,34,0.321,5,2,COD,0
10029,42,Female,Delhi,Silver,17,57408.59,3470.49,67,17,30,0.057,5,2,Credit Card,1
10030,44,Male,Ahmedabad,Silver,11,11174.02,1133.9,44,18,24,0.271,1,1,UPI,0
10031,59,Male,Hyderabad,Bronze,11,21275.84,2123.53,52,15,41,0.389,5,1,UPI,1
10032,45,Male,Kolkata,Gold,10,23830.73,2395.17,37,15,37,0.017,6,0,Credit Card,0
10033,33,Female,Mumbai,Silver,11,22453.66,2258.55,52,16,25,0.223,8,0,Credit Card,0
10034,32,Female,Delhi,Bronze,9,39691.77,3859.0,50,10,32,0.202,7,4,UPI,1
10035,64,Male,Ahmedabad,Gold,13,18996.28,1530.5,24,18,23,0.19,4,0,Net Banking,0
10036,61,Male,Mumbai,Gold,11,25092.66,2490.81,53,12,42,0.602,3,4,UPI,1
10037,20,Female,Mumbai,Silver,14,4217.08,300.0,15,13,35,0.253,7,2,Credit Card,0
10038,54,Male,Chennai,Gold,9,24980.29,2582.21,45,13,28,0.32,3,1,UPI,0
10039,24,Male,Delhi,Gold,13,35792.79,2655.32,13,8,28,0.184,3,0,Credit Card,0
10040,38,Male,Mumbai,Silver,14,29559.68,2152.97,25,14,44,0.549,4,1,UPI,0
10041,26,Female,Chennai,Bronze,12,29675.07,2555.77,23,16,41,0.322,3,2,COD,0
10042,56,Female,Chennai,Bronze,13,22858.58,1691.96,92,15,34,0.295,3,2,Credit Card,0
10043,35,Female,Delhi,Silver,10,12436.87,1100.63,30,19,37,0.454,6,3,UPI,0
10044,21,Female,Chennai,Bronze,9,11589.3,1310.31,34,22,36,0.102,5,4,Debit Card,0
10045,42,Female,Delhi,Platinum,4,5739.7,1432.69,47,17,39,0.835,6,1,Credit Card,1
10046,31,Female,Ahmedabad,Gold,12,11396.4,1036.88,39,10,30,0.339,5,2,Credit Card,0
10047,26,Male,Delhi,Gold,11,11620.05,1001.36,35,15,38,0.56,3,1,UPI,0
10048,43,Female,Pune,Platinum,13,15694.89,1452.94,36,12,40,0.356,6,3,Credit Card,0
10049,19,Female,Mumbai,Platinum,15,24823.83,1879.51,52,18,48,0.495,3,3,UPI,0
10050,37,Male,Ahmedabad,Bronze,13,30168.57,2318.69,48,16,32,0.134,4,2,COD,0
10051,45,Female,Bangalore,Bronze,9,9394.02,1098.48,10,7,44,0.545,10,1,Debit Card,0
10052,64,Female,Delhi,Gold,9,12474.12,1359.53,37,20,39,0.204,5,2,UPI,0
10053,24,Male,Mumbai,Silver,19,28743.96,1647.16,74,18,39,0.323,4,3,Debit Card,0
10054,61,Male,Kolkata,Silver,14,33509.1,2593.19,33,21,34,0.209,5,0,UPI,0
10055,25,Male,Chennai,Silver,17,19694.02,1124.38,21,17,32,0.529,3,1,UPI,0
10056,64,Female,Hyderabad,Platinum,11,17045.28,1734.46,48,11,38,0.45,3,3,Credit Card,0
10057,52,Male,Delhi,Silver,14,41511.02,3075.16,42,9,31,0.379,5,0,Debit Card,1
10058,31,Female,Chennai,Gold,12,18588.38,1484.84,36,15,45,0.133,6,0,Credit Card,0
10059,34,Female,Chennai,Bronze,14,15122.11,1077.45,126,13,36,0.457,2,1,Credit Card,1
10060,53,Female,Chennai,Gold,14,31471.96,2121.5,25,9,48,0.21,5,1,Credit Card,0
10061,57,Female,Chennai,Bronze,8,9521.83,1451.91,43,9,28,0.409,6,1,Net Banking,0
10062,21,Male,Chennai,Gold,9,2841.9,300.0,35,16,48,0.094,3,4,Debit Card,0
10063,19,Male,Delhi,Bronze,14,34545.11,2379.14,17,11,30,0.28,4,3,Credit Card,1
10064,23,Female,Kolkata,Gold,5,16436.15,2983.21,37,20,50,0.172,4,1,Credit Card,0
10065,59,Male,Bangalore,Bronze,16,31702.5,2179.88,36,6,34,0.806,7,3,UPI,0
10066,21,Female,Pune,Bronze,11,34589.63,3138.88,48,16,23,0.287,5,1,UPI,0
10067,46,Female,Chennai,Silver,4,12365.55,2779.62,64,12,47,0.692,5,2,COD,0
10068,35,Female,Chennai,Silver,14,22606.43,1430.59,114,12,33,0.654,7,2,Net Banking,0
10069,43,Male,Pune,Bronze,10,35555.32,4044.56,48,15,42,0.198,3,0,Debit Card,0
10070,61,Female,Kolkata,Bronze,14,34481.26,2489.03,15,19,36,0.566,8,7,Net Banking,0
10071,51,Female,Ahmedabad,Gold,17,40375.71,2585.02,63,13,35,0.431,4,1,Debit Card,0
10072,27,Male,Kolkata,Gold,8,9710.23,1305.88,86,15,35,0.609,6,0,COD,0
10073,53,Male,Ahmedabad,Bronze,13,9482.85,808.74,10,15,24,0.342,11,1,UPI,0
10074,31,Male,Delhi,Gold,11,11553.8,1224.95,82,11,36,0.356,7,2,Net Banking,0
10075,48,Male,Mumbai,Bronze,15,45992.05,3028.09,23,23,40,0.479,5,1,Credit Card,0
10076,65,Female,Hyderabad,Silver,12,40117.42,3739.45,33,19,32,0.479,6,6,Net Banking,0
10077,32,Male,Hyderabad,Bronze,20,46113.55,2459.88,48,10,32,0.376,6,0,Debit Card,0
10078,25,Female,Mumbai,Silver,11,26446.9,2283.27,48,20,42,0.375,9,4,Credit Card,0
10079,31,Male,Delhi,Bronze,13,42736.19,3070.52,39,14,38,0.418,6,2,UPI,0
10080,40,Male,Hyderabad,Platinum,14,52674.15,3443.05,88,13,45,0.33,7,2,Credit Card,1
10081,57,Male,Kolkata,Bronze,13,10629.43,893.14,43,16,37,0.23,5,1,UPI,0
10082,38,Male,Pune,Bronze,13,47693.25,3665.14,65,13,33,0.269,3,2,COD,0
10083,33,Male,Mumbai,Bronze,11,18907.84,1857.56,53,22,30,0.333,2,4,UPI,0
10084,62,Male,Kolkata,Platinum,11,31856.82,3175.58,19,14,39,0.399,2,1,UPI,0
10085,35,Female,Bangalore,Silver,8,10210.73,1239.13,14,21,36,0.583,4,0,Credit Card,0
10086,64,Male,Delhi,Gold,23,63633.75,3130.15,115,17,39,0.126,5,1,Debit Card,0
10087,41,Male,Mumbai,Platinum,8,6398.79,909.67,36,22,36,0.691,5,2,Debit Card,0
10088,43,Male,Hyderabad,Platinum,14,44083.86,3209.18,74,15,32,0.399,6,1,UPI,1
10089,42,Male,Delhi,Gold,10,30525.35,2779.01,143,13,35,0.135,7,1,UPI,1
10090,62,Female,Pune,Bronze,13,10525.59,785.16,28,17,26,0.183,6,1,Net Banking,0
10091,58,Male,Delhi,Gold,17,56247.4,3347.87,78,15,42,0.113,6,1,COD,0
10092,46,Male,Delhi,Bronze,9,12946.09,1321.62,14,20,29,0.548,4,2,UPI,0
10093,32,Male,Pune,Gold,17,53535.91,3228.62,22,13,31,0.378,3,0,Credit Card,1
10094,62,Male,Chennai,Gold,11,20125.7,2330.03,69,9,30,0.357,7,3,Debit Card,0
10095,18,Female,Pune,Gold,7,6631.71,1078.36,78,18,41,0.517,6,3,UPI,0
10096,42,Male,Kolkata,Silver,16,19896.24,1288.1,13,15,35,0.236,9,3,UPI,0
10097,24,Female,Delhi,Silver,14,76820.92,5712.52,22,19,29,0.181,7,0,Credit Card,0
10098,26,Male,Ahmedabad,Platinum,11,47987.26,4276.61,64,16,39,0.598,5,0,UPI,0
10099,41,Female,Pune,Bronze,17,38628.21,2010.39,25,16,37,0.108,5,3,Credit Card,0
10100,18,Female,Chennai,Bronze,13,37937.07,2582.17,16,13,31,0.684,5,0,UPI,0
10101,61,Male,Kolkata,Silver,9,28130.89,3282.73,40,7,35,0.048,5,2,UPI,1
10102,25,Male,Ahmedabad,Platinum,14,13823.65,1037.31,31,13,29,0.024,7,2,Net Banking,0
10103,41,Female,Ahmedabad,Bronze,11,32410.61,2820.94,44,9,36,0.233,5,0,UPI,0
10104,28,Female,Mumbai,Bronze,11,36067.71,3088.45,53,17,29,0.111,4,3,COD,1
10105,34,Male,Pune,Bronze,10,20300.55,2525.66,149,16,37,0.421,4,0,Credit Card,0
10106,25,Female,Pune,Bronze,12,39110.49,3451.85,73,19,33,0.349,7,3,Credit Card,0
10107,52,Female,Delhi,Platinum,22,53338.31,2337.38,49,22,39,0.077,1,1,Credit Card,0
10108,52,Female,Kolkata,Gold,17,56008.43,3194.77,31,12,37,0.077,1,1,UPI,0
10109,50,Male,Mumbai,Gold,13,29423.67,2412.67,61,18,41,0.372,6,3,UPI,0
10110,22,Female,Bangalore,Silver,13,11010.25,819.67,15,8,41,0.321,3,3,UPI,0
10111,59,Female,Bangalore,Gold,11,31534.22,3045.07,61,12,35,0.472,2,2,Debit Card,0
10112,56,Female,Hyderabad,Bronze,16,52775.92,3371.75,61,11,32,0.56,8,1,UPI,0
10113,58,Male,Pune,Silver,8,15676.54,2063.92,43,14,42,0.217,9,2,Debit Card,0
10114,45,Male,Pune,Silver,9,9978.48,994.82,65,16,32,0.3,3,2,Credit Card,0
10115,24,Female,Mumbai,Bronze,12,36556.01,2981.27,28,15,27,0.277,4,1,Debit Card,0
10116,26,Male,Chennai,Silver,6,14421.55,2484.83,29,13,37,0.217,9,1,COD,0
10117,25,Female,Bangalore,Bronze,15,45033.8,2467.31,64,13,31,0.412,7,0,Credit Card,0
10118,29,Male,Hyderabad,Bronze,7,16013.56,2370.12,43,16,33,0.68,3,1,UPI,0
10119,51,Male,Mumbai,Bronze,12,36968.81,3106.94,62,17,33,0.186,6,3,Debit Card,1
10120,50,Female,Pune,Gold,10,23227.21,2459.14,44,15,31,0.541,7,0,Credit Card,0
10121,65,Male,Bangalore,Bronze,11,19836.82,1772.57,57,26,43,0.205,3,2,COD,0
10122,40,Male,Kolkata,Platinum,12,7955.52,746.27,108,16,33,0.612,5,1,Net Banking,0
10123,41,Male,Hyderabad,Bronze,16,27679.62,1784.63,100,14,46,0.277,7,0,Net Banking,1
10124,54,Female,Delhi,Gold,13,47087.64,3018.6,12,10,30,0.529,6,0,COD,0
10125,52,Male,Bangalore,Platinum,12,20178.89,1898.71,23,17,22,0.307,7,2,UPI,0
10126,61,Male,Hyderabad,Platinum,10,32180.8,3017.06,61,16,39,0.117,1,0,COD,0
10127,57,Female,Mumbai,Gold,15,15169.96,927.18,29,15,52,0.581,5,5,Debit Card,0
10128,39,Male,Delhi,Bronze,16,21810.65,1289.51,47,14,40,0.224,2,1,UPI,0
10129,44,Male,Hyderabad,Bronze,13,13996.57,1237.27,138,18,36,0.084,6,0,UPI,1
10130,52,Male,Hyderabad,Silver,19,46472.43,2321.84,42,16,42,0.447,6,1,Net Banking,0
10131,18,Male,Ahmedabad,Bronze,17,63665.46,3812.81,73,18,41,0.417,5,3,Net Banking,0
10132,52,Male,Ahmedabad,Bronze,10,42888.98,4219.87,41,23,44,0.272,4,0,COD,0
10133,54,Female,Ahmedabad,Gold,10,33506.49,3151.78,56,12,36,0.269,7,0,UPI,0
10134,64,Female,Pune,Silver,7,3142.86,437.88,78,13,40,0.575,4,3,Credit Card,1
10135,31,Male,Chennai,Silver,16,27483.74,1523.13,84,12,36,0.234,2,3,UPI,1
10136,20,Male,Bangalore,Platinum,8,2410.96,300.0,54,18,32,0.681,6,3,UPI,0
10137,18,Male,Pune,Gold,11,23440.43,2348.68,49,11,32,0.44,5,3,UPI,0
10138,22,Female,Kolkata,Gold,14,54265.02,3662.39,44,15,47,0.25,2,1,UPI,0
10139,43,Female,Delhi,Gold,7,17797.43,2933.96,13,12,34,0.233,6,1,Credit Card,0
10140,31,Male,Chennai,Bronze,13,8318.92,611.08,26,18,34,0.52,1,0,UPI,0
10141,56,Male,Hyderabad,Silver,9,30523.31,3449.85,37,15,35,0.351,3,1,UPI,0
10142,44,Female,Pune,Platinum,11,35129.64,3283.85,119,10,34,0.381,5,0,UPI,0
10143,26,Male,Ahmedabad,Platinum,11,38706.27,3588.82,37,22,29,0.405,2,0,UPI,0
10144,32,Female,Chennai,Platinum,12,34970.73,3198.2,56,17,34,0.758,4,0,Net Banking,0
10145,32,Female,Kolkata,Silver,19,34587.07,1726.48,49,18,40,0.182,3,1,UPI,0
10146,43,Male,Bangalore,Gold,10,5499.2,530.58,42,11,39,0.084,4,1,UPI,0
10147,59,Female,Kolkata,Bronze,16,48232.9,3253.83,41,14,39,0.379,6,2,COD,0
10148,30,Male,Delhi,Bronze,10,29671.11,2898.94,80,13,39,0.433,3,1,UPI,0
10149,49,Male,Mumbai,Silver,14,5937.81,425.26,47,18,32,0.366,5,0,COD,0
10150,56,Male,Pune,Silver,10,12270.81,1332.13,60,13,37,0.115,3,1,UPI,0
10151,49,Male,Ahmedabad,Bronze,20,26465.86,1357.41,15,18,24,0.353,10,2,UPI,0
10152,21,Male,Delhi,Silver,6,17399.05,2854.72,48,21,44,0.2,1,1,COD,0
10153,47,Male,Mumbai,Bronze,19,39758.24,2186.05,13,13,30,0.69,5,1,UPI,0
10154,54,Female,Ahmedabad,Silver,11,19235.79,1962.69,27,13,35,0.299,5,1,Credit Card,0
10155,40,Female,Ahmedabad,Gold,16,32550.48,1822.47,27,11,32,0.459,3,3,Debit Card,0
10156,56,Female,Ahmedabad,Gold,11,13777.36,1186.9,37,9,38,0.629,3,2,UPI,0
10157,62,Female,Pune,Bronze,17,42065.59,3068.84,16,5,46,0.103,7,2,UPI,0
10158,32,Male,Delhi,Silver,9,14933.73,1545.8,22,16,46,0.18,4,0,UPI,0
10159,60,Female,Ahmedabad,Gold,10,30432.73,3246.14,44,20,35,0.579,1,3,COD,0
10160,46,Female,Kolkata,Silver,14,13003.75,946.27,80,15,35,0.172,8,1,COD,1
10161,53,Female,Delhi,Silver,18,37264.94,1757.23,13,12,42,0.052,2,1,Debit Card,0
10162,30,Male,Chennai,Silver,9,33519.69,3968.35,44,15,33,0.615,3,1,COD,1
10163,49,Female,Kolkata,Platinum,15,35256.73,2411.16,115,17,31,0.326,7,1,Credit Card,0
10164,24,Male,Pune,Bronze,18,36410.02,1758.51,158,14,39,0.479,3,0,COD,1
10165,39,Female,Ahmedabad,Silver,7,11585.5,1634.72,180,11,34,0.223,3,3,Credit Card,1
10166,45,Male,Delhi,Silver,8,10408.73,1417.55,86,18,34,0.177,1,2,Credit Card,1
10167,19,Male,Hyderabad,Silver,13,32607.88,2608.33,40,26,38,0.276,9,2,Credit Card,0
10168,59,Female,Pune,Bronze,13,36887.16,3008.74,23,9,42,0.623,4,0,Net Banking,0
10169,62,Male,Delhi,Bronze,17,40157.71,2426.17,68,17,38,0.264,6,3,Debit Card,0
10170,23,Male,Chennai,Bronze,11,21401.85,2146.7,25,17,31,0.423,7,1,UPI,0
10171,45,Female,Ahmedabad,Platinum,12,38296.5,2741.41,93,17,42,0.169,3,0,Credit Card,0
10172,45,Female,Mumbai,Gold,16,13876.92,935.9,140,15,38,0.245,3,2,Debit Card,1
10173,61,Female,Ahmedabad,Gold,16,39587.77,2540.27,97,19,53,0.123,6,4,Credit Card,0
10174,61,Male,Mumbai,Gold,16,39145.74,2591.19,43,19,42,0.301,5,1,Debit Card,0
10175,37,Male,Hyderabad,Bronze,9,22751.55,2440.62,32,19,33,0.272,3,0,UPI,0
10176,47,Male,Pune,Gold,12,20908.63,1700.29,32,19,38,0.632,4,1,Credit Card,0
10177,28,Female,Chennai,Silver,12,19543.51,1502.46,90,15,29,0.305,2,3,UPI,1
10178,45,Male,Delhi,Bronze,14,14762.1,1029.25,26,13,39,0.634,4,1,Debit Card,0
10179,42,Male,Delhi,Gold,7,22996.67,3523.52,58,22,32,0.161,6,0,UPI,0
10180,56,Male,Mumbai,Gold,15,31666.61,2149.89,152,22,41,0.757,3,0,Credit Card,1
10181,50,Male,Chennai,Gold,16,31751.66,1818.58,47,13,41,0.239,8,0,Debit Card,0
10182,18,Male,Kolkata,Bronze,8,14772.13,1730.89,21,19,37,0.336,8,2,UPI,0
10183,44,Male,Hyderabad,Platinum,13,16116.25,1339.16,48,19,39,0.408,5,3,Credit Card,0
10184,30,Male,Mumbai,Platinum,9,13115.32,1717.87,17,16,39,0.468,3,1,Debit Card,0
10185,58,Female,Mumbai,Silver,12,44104.66,3290.11,92,14,37,0.254,3,1,Credit Card,1
10186,20,Female,Hyderabad,Bronze,9,22469.06,2723.54,25,17,37,0.381,3,2,UPI,0
10187,56,Female,Pune,Bronze,12,33343.51,2945.64,49,19,36,0.443,3,1,Credit Card,0
10188,23,Male,Delhi,Platinum,17,55668.34,3063.36,55,20,31,0.629,6,2,UPI,0
10189,25,Male,Pune,Silver,10,38719.0,4179.85,77,20,38,0.216,6,1,COD,0
10190,44,Female,Chennai,Silver,12,25844.86,2224.95,106,7,32,0.323,8,0,Credit Card,1
10191,26,Male,Kolkata,Bronze,12,20644.39,1814.81,113,11,32,0.595,5,1,UPI,1
10192,54,Female,Ahmedabad,Bronze,9,21013.92,2593.46,62,11,37,0.367,6,0,Debit Card,1
10193,50,Male,Bangalore,Gold,11,28902.58,2783.81,61,17,27,0.269,4,2,Credit Card,0
10194,59,Male,Bangalore,Silver,12,25857.22,2169.36,42,11,31,0.501,2,3,UPI,1
10195,61,Female,Bangalore,Platinum,15,20740.3,1395.43,42,12,36,0.683,8,1,Credit Card,0
10196,41,Female,Hyderabad,Gold,8,19234.54,2367.4,47,18,41,0.236,5,2,Debit Card,0
10197,32,Female,Mumbai,Gold,3,8332.79,2690.04,26,17,28,0.479,4,0,Credit Card,0
10198,49,Female,Kolkata,Bronze,11,27083.1,2512.65,36,18,41,0.413,8,0,Credit Card,0
10199,49,Female,Pune,Bronze,14,6550.39,546.12,28,13,28,0.38,2,1,UPI,0
10200,41,Male,Ahmedabad,Silver,17,13281.12,768.92,49,20,33,0.494,3,0,UPI,0
10201,58,Male,Delhi,Bronze,9,26375.65,2845.11,10,13,33,0.484,4,1,Net Banking,0
10202,29,Male,Bangalore,Bronze,8,14941.1,1864.92,101,13,44,0.117,5,1,COD,0
10203,56,Female,Pune,Platinum,12,48817.67,4202.12,55,15,39,0.422,7,1,UPI,0
10204,19,Female,Bangalore,Silver,14,49672.3,3407.04,53,14,38,0.657,4,1,UPI,1
10205,20,Female,Kolkata,Bronze,12,12929.93,1058.68,44,14,30,0.54,5,0,Credit Card,0
10206,54,Female,Bangalore,Bronze,14,40343.48,3123.86,7,17,34,0.606,5,2,UPI,0
10207,34,Female,Delhi,Bronze,14,45593.09,3640.52,21,15,41,0.392,4,1,Debit Card,0
10208,19,Female,Ahmedabad,Platinum,8,15249.94,1799.25,46,17,28,0.553,6,1,Debit Card,1
10209,19,Male,Chennai,Bronze,7,16476.95,2122.44,35,17,37,0.461,3,1,Credit Card,1
10210,45,Male,Chennai,Bronze,15,30434.86,1706.77,36,20,30,0.078,3,2,Debit Card,0
10211,40,Male,Kolkata,Gold,11,13709.09,1189.61,18,17,38,0.416,5,1,UPI,0
10212,54,Male,Chennai,Bronze,9,33342.79,3619.28,13,15,30,0.669,7,2,UPI,1
10213,49,Male,Hyderabad,Bronze,10,3050.13,300.0,30,15,39,0.121,3,1,UPI,0
10214,50,Female,Mumbai,Bronze,13,18953.34,1592.88,14,13,37,0.607,3,4,Net Banking,0
10215,18,Female,Hyderabad,Bronze,9,16535.5,1819.79,171,23,40,0.184,8,2,Net Banking,1
10216,36,Female,Pune,Bronze,10,29203.89,2341.47,74,13,30,0.131,6,3,COD,1
10217,19,Female,Hyderabad,Bronze,10,11615.0,1084.27,26,18,34,0.665,6,0,UPI,0
10218,61,Female,Pune,Gold,10,36691.04,3419.44,21,8,36,0.769,1,0,Net Banking,0
10219,43,Female,Pune,Bronze,15,7905.11,547.69,36,13,43,0.147,6,3,UPI,1
10220,49,Male,Mumbai,Gold,19,10889.67,560.85,86,19,32,0.612,5,1,Credit Card,1
10221,23,Female,Delhi,Gold,14,31144.12,2252.25,61,13,41,0.634,3,0,Credit Card,0
10222,49,Female,Ahmedabad,Silver,10,10278.28,1041.74,49,19,47,0.331,6,0,Debit Card,0
10223,21,Female,Kolkata,Bronze,16,34447.7,2386.98,20,21,34,0.876,4,3,Credit Card,0
10224,28,Female,Mumbai,Bronze,6,8145.64,1533.92,82,11,26,0.341,9,1,Debit Card,1
10225,34,Male,Kolkata,Gold,14,40436.27,2926.66,141,16,44,0.418,6,0,COD,1
10226,55,Male,Chennai,Silver,10,11804.03,1364.92,76,19,40,0.405,4,5,Debit Card,0
10227,41,Female,Chennai,Gold,12,39173.98,3500.1,62,11,33,0.417,9,2,Debit Card,0
10228,22,Male,Hyderabad,Bronze,13,38154.88,2766.47,46,15,40,0.316,3,1,UPI,0
10229,51,Male,Pune,Platinum,9,14760.26,1517.71,110,14,36,0.379,5,2,UPI,0
10230,23,Female,Bangalore,Bronze,14,43097.53,2761.82,14,18,37,0.877,5,2,Credit Card,1
10231,39,Female,Bangalore,Silver,10,22707.83,2331.41,101,26,38,0.168,8,1,Credit Card,0
10232,28,Female,Kolkata,Silver,15,44162.98,2906.96,22,8,33,0.023,8,5,UPI,1
10233,65,Female,Pune,Bronze,11,32594.15,2739.5,58,19,30,0.202,9,2,UPI,1
10234,33,Female,Kolkata,Silver,7,17266.59,2523.36,93,14,34,0.431,5,0,Credit Card,0
10235,50,Male,Mumbai,Gold,7,16891.4,2258.19,36,9,37,0.388,5,1,Credit Card,0
10236,26,Female,Delhi,Gold,12,38493.96,3014.03,21,15,49,0.615,4,0,COD,0
10237,23,Female,Ahmedabad,Gold,7,23022.17,3253.54,81,15,36,0.072,11,1,UPI,0
10238,33,Female,Mumbai,Silver,13,29066.25,2322.91,38,16,43,0.516,5,1,Debit Card,0
10239,46,Male,Pune,Silver,8,20860.02,2745.53,31,9,35,0.321,2,5,COD,0
10240,20,Female,Pune,Bronze,6,17308.0,3043.53,35,17,44,0.044,6,0,Credit Card,0
10241,37,Female,Delhi,Silver,9,33497.57,3646.23,55,16,30,0.356,4,1,Debit Card,1
10242,53,Female,Kolkata,Bronze,18,58051.99,3488.91,138,19,30,0.165,4,1,Credit Card,1
10243,36,Male,Hyderabad,Silver,9,24080.64,3126.87,90,13,33,0.715,1,1,Credit Card,1
10244,43,Female,Hyderabad,Bronze,8,14715.51,1827.29,53,12,30,0.457,5,1,UPI,0
10245,20,Female,Delhi,Silver,14,13758.25,1018.41,30,14,45,0.536,5,3,Debit Card,1
10246,36,Female,Hyderabad,Silver,10,32283.89,2703.37,33,11,35,0.337,3,2,Credit Card,1
10247,37,Male,Bangalore,Platinum,13,29891.38,2696.55,28,18,23,0.233,5,0,Credit Card,0
10248,49,Female,Hyderabad,Silver,20,37756.2,1842.75,23,18,29,0.141,6,0,Debit Card,0
10249,24,Female,Hyderabad,Platinum,14,14859.84,999.18,62,12,41,0.571,1,0,Debit Card,0
10250,58,Female,Hyderabad,Gold,8,30070.5,3690.21,24,9,43,0.315,2,2,UPI,1
10251,50,Male,Bangalore,Silver,12,31908.17,2583.03,63,10,43,0.232,10,0,Credit Card,0
10252,57,Female,Kolkata,Silver,12,13815.03,1112.58,136,15,28,0.09,3,2,Credit Card,1
10253,56,Female,Hyderabad,Bronze,12,26391.62,2085.72,42,15,39,0.291,5,0,COD,0
10254,35,Female,Chennai,Gold,12,11382.89,990.68,61,22,47,0.437,3,4,UPI,1
10255,57,Male,Bangalore,Silver,6,18277.08,2813.61,46,13,28,0.338,6,1,COD,0
10256,18,Male,Delhi,Platinum,10,40567.52,3865.07,37,14,48,0.42,4,2,COD,0
10257,28,Female,Mumbai,Silver,13,25960.69,2032.58,48,17,30,0.559,4,1,COD,0
10258,45,Male,Delhi,Gold,8,17932.63,2116.76,13,11,35,0.319,11,1,UPI,0
10259,42,Male,Mumbai,Gold,11,22542.12,1951.34,85,17,33,0.343,7,1,COD,0
10260,40,Male,Ahmedabad,Bronze,12,25693.76,1998.04,53,20,39,0.509,3,1,Credit Card,0
10261,48,Female,Delhi,Bronze,15,23717.5,1501.67,44,14,34,0.512,5,3,Credit Card,0
10262,47,Female,Chennai,Silver,19,66062.45,3443.84,43,18,28,0.428,2,0,UPI,0
10263,59,Male,Mumbai,Silver,13,33192.19,2375.53,37,11,29,0.231,5,0,COD,0
10264,52,Male,Mumbai,Bronze,14,36054.88,2257.04,27,15,35,0.225,3,2,UPI,0
10265,24,Male,Pune,Platinum,10,22844.02,1996.55,24,24,41,0.013,3,1,Credit Card,0
10266,33,Female,Mumbai,Silver,8,9417.35,1054.39,55,12,44,0.179,1,1,UPI,1
10267,43,Female,Mumbai,Platinum,13,38611.92,3044.54,12,18,29,0.529,5,0,Credit Card,0
10268,65,Male,Pune,Gold,14,50925.83,3480.66,17,11,46,0.381,6,2,COD,0
10269,19,Male,Hyderabad,Silver,16,7764.98,524.68,28,16,34,0.312,2,2,UPI,0
10270,18,Male,Hyderabad,Platinum,17,50805.07,2838.5,72,18,35,0.295,5,1,Credit Card,0
10271,65,Male,Pune,Silver,12,38119.81,2976.21,129,12,38,0.382,7,2,COD,1
10272,29,Female,Bangalore,Platinum,10,30151.84,3355.78,10,16,41,0.269,1,0,UPI,0
10273,22,Male,Ahmedabad,Silver,11,38774.49,3284.92,75,10,25,0.313,4,2,Debit Card,1
10274,54,Female,Mumbai,Silver,12,55039.2,4572.22,21,12,30,0.211,4,2,UPI,0
10275,49,Male,Mumbai,Silver,16,37651.93,2560.23,99,19,36,0.384,5,0,COD,0
10276,26,Male,Pune,Silver,10,35160.21,3093.41,159,18,28,0.205,10,4,UPI,1
10277,58,Male,Pune,Silver,11,29651.52,2211.19,12,19,32,0.617,4,0,Debit Card,0
10278,52,Male,Bangalore,Silver,11,16113.15,1477.45,51,14,36,0.351,5,1,UPI,0
10279,36,Male,Chennai,Bronze,14,31040.77,2837.45,65,12,40,0.174,4,0,UPI,1
10280,65,Female,Hyderabad,Platinum,14,40926.29,3094.41,17,15,27,0.345,4,1,Net Banking,0
10281,33,Male,Delhi,Silver,7,14363.14,2507.61,18,11,41,0.313,8,3,UPI,0
10282,20,Male,Chennai,Silver,12,9264.59,705.78,47,17,32,0.269,10,2,UPI,0
10283,37,Male,Kolkata,Gold,7,6108.13,895.94,52,12,33,0.285,8,3,COD,0
10284,41,Female,Hyderabad,Gold,12,32440.66,2890.57,57,10,37,0.296,7,3,UPI,0
10285,50,Female,Mumbai,Platinum,22,40480.37,1870.84,33,23,32,0.266,6,1,Debit Card,0
10286,41,Female,Kolkata,Silver,11,26708.77,2520.48,52,14,40,0.33,4,3,Credit Card,1
10287,28,Female,Chennai,Bronze,16,42372.53,2634.42,23,21,32,0.299,1,2,Credit Card,0
10288,25,Male,Pune,Silver,10,19493.1,2097.02,44,21,30,0.178,6,2,UPI,0
10289,53,Male,Bangalore,Silver,13,26084.45,1969.52,26,9,36,0.513,3,1,Debit Card,0
10290,55,Male,Hyderabad,Platinum,10,21821.88,2082.76,14,18,31,0.411,5,1,UPI,0
10291,57,Female,Bangalore,Silver,11,22982.68,2732.34,31,17,33,0.318,8,0,Credit Card,0
10292,37,Male,Kolkata,Platinum,19,46828.74,2632.0,51,14,32,0.461,4,2,Debit Card,0
10293,52,Male,Hyderabad,Silver,15,21212.85,1480.92,107,16,47,0.506,6,1,Net Banking,0
10294,65,Female,Ahmedabad,Platinum,12,28629.07,2186.65,81,18,37,0.119,8,0,UPI,0
10295,42,Female,Ahmedabad,Bronze,8,10109.67,1245.36,26,23,41,0.144,6,1,UPI,0
10296,52,Female,Chennai,Platinum,11,24883.66,2662.92,50,11,35,0.285,9,0,Debit Card,0
10297,42,Male,Mumbai,Platinum,9,17834.65,1781.01,31,11,23,0.404,3,1,UPI,0
10298,46,Male,Ahmedabad,Platinum,9,25346.89,2847.79,7,17,27,0.312,7,2,Debit Card,0
10299,35,Female,Ahmedabad,Bronze,15,30631.53,1983.61,48,15,40,0.348,4,1,UPI,0
10300,63,Male,Delhi,Bronze,10,35783.59,3229.61,78,20,40,0.181,1,0,UPI,0
10301,35,Female,Bangalore,Gold,15,45792.55,3399.75,124,13,35,0.311,4,1,Debit Card,0
10302,19,Female,Bangalore,Bronze,11,29815.9,2599.78,34,13,37,0.754,8,1,Debit Card,0
10303,52,Male,Ahmedabad,Bronze,9,15487.4,1869.48,33,17,28,0.342,2,2,COD,0
10304,33,Female,Delhi,Bronze,13,18251.9,1356.43,45,19,32,0.191,5,0,COD,0
10305,58,Female,Bangalore,Silver,12,35334.83,3065.47,24,13,22,0.067,4,0,UPI,0
10306,53,Female,Bangalore,Silver,13,29778.31,2140.43,51,16,34,0.582,7,0,UPI,1
10307,50,Male,Hyderabad,Bronze,18,38004.43,2243.34,25,18,38,0.26,5,2,UPI,0
10308,21,Female,Hyderabad,Bronze,9,15068.91,1850.44,9,20,36,0.437,9,2,Debit Card,0
10309,50,Female,Delhi,Silver,15,15028.74,955.49,86,20,39,0.476,5,0,Net Banking,1
10310,31,Female,Kolkata,Silver,14,49597.42,3167.03,46,8,37,0.299,0,2,COD,1
10311,38,Female,Mumbai,Bronze,14,30465.74,2123.76,31,15,33,0.362,6,1,UPI,1
10312,65,Female,Chennai,Silver,11,6318.62,523.98,19,14,33,0.203,6,3,Debit Card,0
10313,37,Female,Ahmedabad,Platinum,17,32504.6,2075.77,92,15,37,0.66,8,2,Debit Card,1
10314,25,Female,Ahmedabad,Platinum,19,16717.93,980.78,27,17,50,0.194,6,2,COD,0
10315,24,Male,Chennai,Platinum,10,25845.99,2731.34,58,12,26,0.503,5,1,UPI,0
10316,20,Male,Ahmedabad,Platinum,8,20532.88,2607.7,114,20,33,0.242,7,3,COD,0
10317,34,Female,Ahmedabad,Silver,16,52596.77,3557.43,53,18,43,0.19,3,2,Credit Card,0
10318,50,Male,Kolkata,Gold,11,8765.25,871.07,60,15,35,0.536,3,2,Credit Card,0
10319,65,Male,Bangalore,Silver,15,53337.8,3493.49,43,20,31,0.217,5,1,UPI,0
10320,29,Female,Mumbai,Silver,18,47277.84,2667.4,60,14,35,0.569,4,1,Net Banking,0
10321,39,Male,Ahmedabad,Bronze,12,11810.29,969.78,31,15,29,0.259,4,0,Debit Card,1
10322,39,Female,Delhi,Silver,14,55188.49,3844.32,56,22,34,0.415,5,1,Net Banking,0
10323,63,Female,Kolkata,Silver,13,26825.81,2087.99,26,16,29,0.315,8,1,Credit Card,0
10324,47,Female,Ahmedabad,Bronze,9,9264.47,1127.89,123,16,36,0.266,6,3,UPI,1
10325,55,Female,Delhi,Gold,9,32139.91,3135.62,58,11,48,0.232,2,1,UPI,0
10326,55,Female,Hyderabad,Bronze,9,12829.86,1219.98,28,11,29,0.24,8,2,Credit Card,0
10327,62,Male,Bangalore,Bronze,9,29302.87,3240.6,33,18,35,0.349,5,2,Credit Card,0
10328,25,Female,Pune,Bronze,11,25408.21,2027.24,45,19,32,0.524,9,0,UPI,0
10329,44,Male,Ahmedabad,Silver,17,30066.0,1885.7,76,16,38,0.605,5,3,UPI,0
10330,44,Female,Delhi,Bronze,7,6547.52,1028.52,29,10,20,0.063,10,0,Credit Card,0
10331,51,Female,Kolkata,Platinum,13,15477.72,1260.77,26,12,33,0.191,4,1,COD,0
10332,38,Female,Bangalore,Silver,12,26296.18,2344.42,59,16,37,0.227,7,1,UPI,0
10333,47,Male,Mumbai,Silver,13,9003.02,724.72,56,12,29,0.245,4,0,Credit Card,0
10334,50,Female,Kolkata,Bronze,13,34774.3,2820.3,10,11,51,0.427,4,2,Debit Card,0
10335,45,Female,Hyderabad,Silver,14,23221.86,1727.67,50,11,39,0.384,6,2,Credit Card,0
10336,64,Female,Chennai,Gold,10,19653.56,1843.25,14,20,39,0.293,4,2,Credit Card,0
10337,50,Female,Ahmedabad,Silver,13,36402.92,2724.85,45,12,44,0.327,5,3,UPI,1
10338,22,Male,Mumbai,Gold,10,19095.53,2016.33,43,14,27,0.032,7,2,Net Banking,1
10339,65,Female,Delhi,Platinum,13,39217.72,3307.52,26,18,35,0.167,1,1,UPI,0
10340,36,Male,Ahmedabad,Gold,12,3817.18,354.68,12,18,34,0.328,5,0,UPI,0
10341,21,Female,Delhi,Gold,19,50491.13,2920.41,15,13,39,0.488,5,2,Credit Card,0
10342,52,Male,Mumbai,Bronze,9,19936.7,2221.68,71,20,23,0.441,6,2,UPI,1
10343,34,Male,Delhi,Silver,11,17185.02,1607.91,7,27,38,0.68,4,2,Net Banking,0
10344,61,Female,Kolkata,Silver,8,23595.43,3054.09,91,14,30,0.33,3,1,Credit Card,0
10345,45,Female,Bangalore,Gold,11,32132.96,2728.14,94,17,27,0.205,7,1,Credit Card,0
10346,47,Male,Delhi,Gold,11,30050.99,2405.51,30,16,36,0.266,3,3,Net Banking,0
10347,46,Female,Hyderabad,Gold,20,35473.27,1972.23,54,16,27,0.141,6,1,Credit Card,0
10348,63,Female,Bangalore,Gold,10,16213.72,1565.08,35,7,43,0.329,5,2,COD,0
10349,23,Female,Kolkata,Bronze,6,8118.21,1228.95,56,15,29,0.193,3,0,UPI,0
10350,52,Male,Ahmedabad,Bronze,17,56635.27,3429.34,15,14,35,0.614,4,4,UPI,0
10351,58,Female,Pune,Bronze,14,43188.38,2944.06,19,17,39,0.568,4,1,Credit Card,0
10352,54,Female,Ahmedabad,Platinum,10,23797.47,2711.79,57,20,33,0.259,6,1,Net Banking,0
10353,41,Female,Delhi,Gold,14,25179.97,1815.7,51,22,42,0.471,4,3,Debit Card,0
10354,46,Male,Delhi,Gold,12,41716.51,4030.5,56,15,33,0.486,6,1,UPI,0
10355,63,Female,Hyderabad,Gold,15,22816.5,1575.0,9,16,39,0.225,6,3,Net Banking,0
10356,48,Male,Kolkata,Gold,13,26971.04,1859.74,51,12,30,0.179,7,2,Credit Card,0
10357,52,Female,Hyderabad,Platinum,12,43158.13,3831.66,21,15,32,0.161,4,2,Debit Card,0
10358,50,Male,Chennai,Gold,16,36985.45,2152.83,103,10,40,0.306,4,3,Net Banking,0
10359,38,Female,Kolkata,Silver,9,29170.01,3764.3,33,16,40,0.277,5,0,Debit Card,0
10360,49,Female,Mumbai,Gold,8,19368.21,2540.74,34,14,44,0.15,6,2,Credit Card,0
10361,40,Male,Mumbai,Bronze,9,14734.44,1736.7,38,13,28,0.288,4,1,COD,0
10362,50,Male,Mumbai,Gold,14,27023.08,2023.77,91,18,38,0.432,5,0,Net Banking,0
10363,20,Male,Hyderabad,Silver,4,5614.31,1554.88,27,15,30,0.289,1,2,Net Banking,0
10364,35,Female,Mumbai,Bronze,7,20555.67,2824.0,27,14,31,0.123,7,2,Net Banking,0
10365,42,Female,Kolkata,Gold,11,32645.55,3300.6,16,13,27,0.358,4,2,Credit Card,0
10366,59,Female,Mumbai,Silver,13,31512.81,2620.59,31,29,32,0.57,8,1,COD,0
10367,48,Female,Pune,Platinum,13,33010.78,2455.27,101,13,34,0.227,1,2,Debit Card,1
10368,20,Male,Mumbai,Bronze,14,16972.76,1264.69,45,12,29,0.356,7,0,UPI,0
10369,57,Female,Delhi,Silver,14,41224.61,3184.05,86,15,42,0.362,7,1,Credit Card,0
10370,63,Female,Chennai,Silver,11,36151.72,2955.91,62,16,28,0.21,9,0,Debit Card,0
10371,41,Female,Hyderabad,Bronze,20,46742.95,2450.28,47,12,32,0.187,3,1,UPI,1
10372,49,Female,Bangalore,Silver,10,21441.68,1928.76,17,9,40,0.402,4,4,Net Banking,0
10373,64,Female,Chennai,Bronze,12,25934.09,2239.51,14,11,30,0.357,7,0,UPI,0
10374,39,Female,Pune,Bronze,15,21808.32,1381.1,32,13,34,0.261,7,5,UPI,0
10375,40,Female,Hyderabad,Bronze,15,13790.88,873.11,27,14,33,0.744,6,1,Credit Card,0
10376,19,Male,Kolkata,Bronze,17,27413.9,1930.14,106,12,21,0.43,4,0,Net Banking,1
10377,44,Female,Ahmedabad,Gold,14,20493.04,1425.98,7,15,41,0.26,4,1,UPI,0
10378,59,Female,Hyderabad,Bronze,13,23740.09,1743.13,67,10,33,0.381,8,1,UPI,1
10379,19,Female,Delhi,Silver,11,18274.1,1760.84,84,12,40,0.513,7,0,UPI,0
10380,43,Female,Kolkata,Gold,14,31244.58,2129.78,51,17,41,0.483,2,0,COD,0
10381,34,Male,Chennai,Silver,15,34581.78,2070.67,33,16,36,0.153,1,3,COD,0
10382,57,Male,Chennai,Platinum,9,2550.18,300.0,61,8,32,0.436,4,4,UPI,1
10383,50,Male,Mumbai,Gold,11,27539.81,2513.11,11,15,32,0.197,5,3,Debit Card,0
10384,26,Male,Kolkata,Gold,13,30612.77,2318.35,64,8,29,0.456,4,1,Net Banking,0
10385,60,Male,Ahmedabad,Bronze,19,58497.9,3065.03,79,11,31,0.263,5,0,UPI,1
10386,65,Male,Delhi,Gold,9,19040.05,2007.57,94,15,28,0.665,9,1,Credit Card,0
10387,56,Female,Mumbai,Gold,15,49271.66,3175.99,66,12,38,0.438,4,0,Credit Card,1
10388,46,Male,Mumbai,Silver,16,30139.2,2062.27,44,13,25,0.093,6,2,Net Banking,0
10389,59,Male,Ahmedabad,Bronze,11,25225.48,2506.07,35,12,44,0.353,4,1,UPI,0
10390,43,Female,Hyderabad,Silver,8,11024.19,1374.58,26,14,29,0.358,9,0,Credit Card,0
10391,52,Male,Chennai,Gold,12,40483.08,3222.47,9,15,30,0.145,3,1,Net Banking,0
10392,42,Female,Mumbai,Silver,10,30358.35,3370.0,64,12,39,0.452,4,4,Debit Card,0
10393,41,Female,Pune,Gold,10,38745.22,3894.98,19,18,32,0.342,9,2,Net Banking,0
10394,30,Male,Pune,Bronze,13,22388.54,1711.8,40,11,22,0.521,3,1,Net Banking,0
10395,24,Female,Chennai,Gold,15,40788.37,2676.72,20,18,35,0.174,4,1,Debit Card,0
10396,53,Male,Pune,Bronze,7,6334.76,904.18,31,13,34,0.214,5,2,UPI,0
10397,62,Male,Ahmedabad,Bronze,13,5900.83,501.49,45,12,28,0.295,4,0,Credit Card,0
10398,37,Female,Hyderabad,Silver,17,45467.41,2707.09,180,14,32,0.315,6,1,Credit Card,1
10399,18,Female,Delhi,Bronze,9,18738.94,2098.44,120,18,32,0.594,4,1,UPI,0
10400,25,Male,Bangalore,Bronze,11,11094.73,1043.42,64,16,40,0.363,1,1,UPI,1
10401,63,Female,Mumbai,Bronze,6,14127.47,2361.22,154,16,39,0.295,4,1,Credit Card,1
10402,33,Female,Bangalore,Silver,11,34898.77,3040.28,66,17,51,0.067,4,2,COD,0
10403,31,Male,Delhi,Platinum,7,14097.94,2256.79,96,14,28,0.638,6,0,Credit Card,1
10404,29,Male,Delhi,Gold,11,37998.11,3305.63,28,10,54,0.517,6,2,UPI,0
10405,40,Female,Ahmedabad,Silver,12,20150.85,1605.32,62,20,40,0.096,4,1,COD,0
10406,32,Male,Hyderabad,Bronze,16,58020.84,3174.47,61,9,40,0.092,5,2,COD,0
10407,45,Male,Pune,Silver,13,27753.27,1854.61,98,16,39,0.168,4,1,UPI,1
10408,51,Male,Pune,Gold,10,36894.74,3307.15,38,16,32,0.175,8,1,Credit Card,0
10409,19,Male,Ahmedabad,Bronze,13,14124.47,1055.93,69,18,28,0.306,6,1,UPI,0
10410,49,Male,Delhi,Bronze,12,31351.3,2407.66,65,9,43,0.199,6,1,COD,0
10411,40,Male,Hyderabad,Bronze,12,29915.35,2405.76,72,12,31,0.06,6,2,UPI,0
10412,39,Male,Hyderabad,Gold,11,31832.8,2629.4,45,15,39,0.389,10,2,COD,0
10413,42,Female,Chennai,Silver,13,24997.12,1883.72,42,13,44,0.362,7,3,UPI,0
10414,39,Male,Kolkata,Gold,8,19206.82,2588.51,103,13,36,0.22,7,2,UPI,0
10415,39,Female,Mumbai,Bronze,10,21084.76,2021.54,17,14,36,0.213,4,2,UPI,0
10416,59,Female,Ahmedabad,Bronze,9,13966.3,1726.08,112,9,42,0.455,3,1,Debit Card,1
10417,23,Female,Kolkata,Silver,11,39309.24,3472.68,12,18,31,0.512,0,2,COD,0
10418,32,Male,Ahmedabad,Silver,8,21292.68,2270.23,34,9,35,0.142,5,1,Credit Card,0
10419,60,Male,Pune,Bronze,13,9839.54,837.55,32,12,34,0.426,7,3,COD,0
10420,54,Female,Delhi,Bronze,16,25948.91,1594.27,53,21,41,0.197,3,2,UPI,0
10421,50,Male,Ahmedabad,Bronze,11,37781.44,3506.34,14,13,35,0.061,2,3,UPI,1
10422,25,Female,Ahmedabad,Bronze,13,20182.69,1382.25,136,16,39,0.292,3,1,COD,0
10423,61,Male,Chennai,Bronze,16,42586.84,2686.76,25,15,33,0.108,9,1,UPI,0
10424,61,Male,Bangalore,Platinum,18,25023.57,1574.91,28,16,44,0.04,5,3,Credit Card,0
10425,22,Female,Pune,Silver,15,13090.58,905.62,22,14,41,0.169,10,2,UPI,0
10426,56,Female,Mumbai,Silver,12,33551.69,2632.41,84,12,33,0.531,6,2,UPI,0
10427,21,Female,Hyderabad,Silver,7,14800.55,1904.27,40,14,32,0.354,8,1,Debit Card,0
10428,23,Male,Delhi,Bronze,17,57588.1,3629.68,53,14,43,0.315,6,2,Debit Card,0
10429,62,Female,Pune,Bronze,11,34851.98,3212.99,97,13,38,0.313,6,3,UPI,0
10430,49,Male,Bangalore,Silver,7,23560.07,3338.73,48,14,47,0.466,1,2,Debit Card,0
10431,47,Male,Ahmedabad,Silver,8,24629.71,3159.48,35,11,42,0.213,5,1,Net Banking,1
10432,64,Male,Mumbai,Bronze,9,24832.31,2820.56,63,22,43,0.684,5,4,UPI,0
10433,52,Female,Ahmedabad,Gold,13,13117.08,970.78,22,12,39,0.519,5,1,UPI,0
10434,57,Female,Mumbai,Silver,13,28770.82,1989.44,33,9,31,0.473,3,2,Credit Card,0
10435,33,Female,Chennai,Bronze,15,42632.49,2803.79,36,17,36,0.146,2,1,Credit Card,0
10436,30,Male,Ahmedabad,Bronze,10,19586.46,1938.64,26,15,34,0.289,4,2,UPI,1
10437,59,Male,Pune,Silver,10,18366.07,2173.0,92,15,33,0.456,7,1,UPI,0
10438,47,Female,Bangalore,Gold,8,25038.99,2852.15,7,10,37,0.497,4,1,UPI,0
10439,36,Male,Mumbai,Bronze,11,37017.56,3150.45,94,14,36,0.355,1,2,Credit Card,0
10440,34,Male,Delhi,Bronze,9,10778.28,1369.67,18,17,26,0.713,7,1,Debit Card,0
10441,36,Female,Mumbai,Silver,10,27147.33,2803.04,153,23,33,0.406,3,3,Net Banking,1
10442,45,Female,Bangalore,Bronze,12,27784.75,2708.47,115,16,31,0.426,3,0,Debit Card,1
10443,43,Female,Hyderabad,Gold,12,17036.17,1310.02,47,14,30,0.228,3,3,Debit Card,0
10444,54,Male,Hyderabad,Silver,12,20805.41,1834.17,127,8,36,0.17,4,1,COD,1
10445,43,Male,Chennai,Bronze,14,31825.83,2334.72,52,18,50,0.118,3,2,Net Banking,0
10446,40,Male,Pune,Bronze,8,25424.14,3450.95,34,7,35,0.229,6,1,UPI,0
10447,26,Male,Bangalore,Silver,15,26719.77,1826.72,24,13,38,0.554,5,8,Debit Card,1
10448,29,Male,Chennai,Bronze,13,27536.28,2575.89,74,11,28,0.378,3,1,Credit Card,1
10449,18,Female,Kolkata,Bronze,13,47044.61,3251.89,36,17,41,0.202,5,2,Debit Card,0
10450,18,Male,Mumbai,Gold,18,78019.45,3869.21,49,17,41,0.351,5,0,Credit Card,0
10451,64,Male,Kolkata,Bronze,9,20849.01,2404.15,91,11,49,0.639,9,0,UPI,1
10452,51,Male,Mumbai,Silver,16,4007.78,300.0,152,16,34,0.486,3,1,Debit Card,1
10453,49,Female,Hyderabad,Bronze,12,33618.59,3031.07,93,18,35,0.383,11,3,Credit Card,1
10454,65,Female,Chennai,Silver,15,33369.22,2389.96,89,10,29,0.398,8,2,Credit Card,0
10455,42,Female,Hyderabad,Bronze,11,15652.06,1439.58,89,15,36,0.404,5,3,Net Banking,0
10456,57,Male,Delhi,Platinum,7,18625.52,2839.96,55,15,34,0.583,5,1,COD,0
10457,62,Female,Kolkata,Gold,11,38476.03,3878.8,3,12,36,0.712,6,2,UPI,0
10458,18,Female,Kolkata,Bronze,15,33865.27,2388.09,48,12,27,0.621,9,1,Credit Card,1
10459,33,Female,Hyderabad,Silver,10,7330.18,740.37,43,14,32,0.312,5,1,UPI,1
10460,56,Male,Delhi,Silver,10,28703.14,3499.68,82,11,36,0.643,7,2,UPI,0
10461,22,Female,Mumbai,Silver,9,21640.75,2220.38,39,17,51,0.545,8,0,COD,0
10462,39,Male,Chennai,Gold,11,34040.31,2841.29,30,10,43,0.12,5,1,Net Banking,0
10463,46,Male,Delhi,Silver,10,23889.28,2255.81,41,21,34,0.358,7,2,UPI,0
10464,20,Female,Chennai,Bronze,8,21938.53,2610.55,17,16,34,0.347,6,0,UPI,0
10465,29,Male,Kolkata,Gold,8,19213.49,2799.11,92,9,40,0.351,4,2,COD,0
10466,43,Female,Chennai,Bronze,8,22282.15,2926.25,80,8,28,0.211,6,1,COD,1
10467,33,Male,Kolkata,Gold,7,15789.99,2332.0,62,12,38,0.555,6,0,UPI,0
10468,54,Female,Delhi,Gold,16,23295.85,1515.48,84,10,33,0.469,1,1,Credit Card,0
10469,39,Female,Kolkata,Bronze,16,39246.66,2374.31,31,9,39,0.24,2,1,Debit Card,0
10470,46,Female,Ahmedabad,Bronze,18,51979.66,2909.68,22,11,49,0.144,8,2,Net Banking,0
10471,31,Male,Pune,Gold,14,22114.65,1521.75,72,17,48,0.129,6,2,UPI,0
10472,45,Female,Kolkata,Gold,9,13049.25,1204.02,112,15,44,0.161,7,2,Debit Card,1
10473,22,Male,Hyderabad,Silver,11,37044.04,3399.73,37,20,44,0.584,3,4,UPI,0
10474,64,Female,Delhi,Bronze,7,26029.69,3722.42,44,13,28,0.57,8,1,Credit Card,1
10475,47,Male,Ahmedabad,Silver,16,37032.42,2234.53,30,18,37,0.675,4,1,Debit Card,0
10476,63,Male,Mumbai,Bronze,10,24917.28,2741.1,35,12,30,0.351,5,1,Net Banking,0
10477,22,Female,Chennai,Bronze,12,34023.55,2538.2,41,21,34,0.361,7,2,UPI,0
10478,29,Female,Ahmedabad,Bronze,21,7202.2,300.0,32,16,45,0.121,7,0,UPI,0
10479,33,Female,Bangalore,Bronze,12,26884.34,2386.05,27,19,45,0.559,3,1,Debit Card,0
10480,43,Female,Ahmedabad,Silver,12,38859.39,3519.38,81,14,50,0.176,6,2,Net Banking,1
10481,43,Female,Delhi,Platinum,9,9287.82,1143.06,48,18,36,0.496,5,2,Credit Card,0
10482,65,Male,Ahmedabad,Gold,10,10780.94,1060.75,52,19,36,0.393,4,1,Credit Card,0
10483,38,Female,Ahmedabad,Bronze,14,22914.08,1542.69,56,16,36,0.421,7,1,COD,0
10484,56,Female,Hyderabad,Silver,11,18537.6,1773.28,29,26,36,0.758,11,1,Debit Card,1
10485,53,Male,Kolkata,Silver,10,29470.01,2800.43,38,24,37,0.37,4,0,UPI,0
10486,50,Female,Chennai,Bronze,14,42098.01,3388.58,69,19,36,0.447,1,1,Credit Card,1
10487,47,Female,Pune,Platinum,10,35112.68,3367.46,58,15,34,0.458,6,1,Debit Card,1
10488,54,Male,Mumbai,Silver,10,28157.47,2788.55,82,14,32,0.087,10,1,COD,1
10489,40,Female,Pune,Platinum,15,9700.53,768.02,38,20,27,0.406,5,2,COD,0
10490,27,Female,Ahmedabad,Silver,9,8103.37,764.34,61,21,33,0.195,8,2,Credit Card,0
10491,22,Female,Bangalore,Silver,14,36553.94,2860.76,116,21,36,0.203,3,1,Credit Card,1
10492,53,Male,Delhi,Bronze,13,9545.93,771.71,81,18,43,0.483,6,0,Credit Card,1
10493,51,Female,Chennai,Silver,7,18665.15,2699.82,12,15,34,0.256,5,0,UPI,0
10494,48,Male,Delhi,Bronze,17,40539.68,2449.75,21,13,32,0.466,7,2,Net Banking,0
10495,27,Female,Hyderabad,Gold,12,20392.93,1782.89,109,16,29,0.084,3,2,UPI,0
10496,36,Male,Delhi,Gold,11,3655.8,300.0,17,13,32,0.24,4,1,UPI,0
10497,49,Female,Mumbai,Gold,12,26467.3,2381.6,11,10,39,0.492,4,1,COD,0
10498,18,Male,Bangalore,Gold,8,18811.0,2660.67,50,12,41,0.179,0,3,UPI,1
10499,22,Male,Pune,Gold,9,15987.36,1699.5,131,18,32,0.687,10,0,UPI,1
10500,62,Male,Ahmedabad,Bronze,15,16426.54,1217.26,62,11,35,0.207,3,3,UPI,1
10501,21,Male,Ahmedabad,Silver,11,23205.36,2464.0,61,19,33,0.167,2,1,UPI,0
10502,33,Male,Bangalore,Gold,14,13535.83,892.96,11,14,48,0.451,5,0,Credit Card,0
10503,41,Male,Chennai,Silver,10,27203.89,2755.17,25,18,36,0.264,6,2,UPI,0
10504,33,Female,Delhi,Gold,14,44082.1,3150.26,106,23,33,0.548,2,1,UPI,0
10505,19,Female,Chennai,Bronze,20,9592.33,435.87,50,19,43,0.486,6,2,UPI,1
10506,45,Male,Pune,Bronze,11,19134.19,1724.68,40,19,26,0.227,11,2,UPI,0
10507,49,Male,Chennai,Platinum,15,35504.93,2156.11,59,14,35,0.228,7,0,Debit Card,0
10508,44,Male,Hyderabad,Silver,9,19769.43,2182.54,113,14,44,0.523,7,1,UPI,1
10509,37,Male,Bangalore,Bronze,8,12079.7,1408.91,28,14,22,0.542,4,0,Credit Card,0
10510,41,Female,Pune,Gold,13,11487.28,997.36,23,22,22,0.365,5,2,Credit Card,0
10511,29,Male,Pune,Platinum,10,19057.98,1785.87,58,15,38,0.39,5,0,Debit Card,0
10512,52,Female,Kolkata,Bronze,11,29141.55,2779.71,31,19,39,0.139,10,2,COD,0
10513,50,Female,Pune,Gold,11,30199.66,2713.43,55,11,37,0.331,2,1,Credit Card,0
10514,50,Male,Kolkata,Platinum,15,41245.11,2724.43,36,16,38,0.272,0,3,UPI,0
10515,60,Male,Mumbai,Platinum,11,39958.89,3325.89,13,17,33,0.319,5,1,Credit Card,0
10516,54,Female,Ahmedabad,Platinum,20,22510.66,1257.39,27,17,31,0.316,5,1,Debit Card,0
10517,29,Female,Kolkata,Silver,10,17711.91,1859.82,20,8,38,0.14,4,1,UPI,0
10518,20,Male,Bangalore,Silver,13,24356.67,2033.65,45,19,31,0.471,4,2,COD,0
10519,18,Male,Chennai,Bronze,14,3720.8,300.0,15,11,29,0.476,2,0,UPI,0
10520,50,Male,Kolkata,Bronze,7,19888.1,2401.82,49,14,44,0.351,1,6,COD,1
10521,57,Female,Pune,Silver,13,28029.53,2173.3,41,15,38,0.436,5,0,UPI,0
10522,27,Female,Bangalore,Silver,21,24975.13,1177.28,27,16,37,0.685,7,0,Credit Card,0
10523,60,Male,Kolkata,Bronze,8,21449.9,2984.16,39,16,32,0.501,5,1,UPI,1
10524,61,Female,Kolkata,Silver,15,49392.11,2927.29,119,17,38,0.373,2,0,Credit Card,1
10525,46,Female,Pune,Bronze,8,19453.81,2559.85,30,17,38,0.642,4,2,Debit Card,1
10526,30,Male,Hyderabad,Gold,11,7098.66,662.05,57,11,37,0.355,1,0,Debit Card,0
10527,29,Male,Hyderabad,Bronze,13,16371.57,1324.29,47,10,31,0.688,7,1,Debit Card,0
10528,48,Female,Kolkata,Silver,12,33702.18,2473.63,67,16,37,0.307,5,0,Net Banking,0
10529,63,Female,Hyderabad,Silver,10,17814.29,1716.74,58,22,43,0.206,6,1,UPI,0
10530,19,Male,Delhi,Bronze,8,16679.17,1992.26,51,11,27,0.505,4,0,UPI,1
10531,52,Male,Pune,Platinum,15,15810.07,1208.96,31,18,28,0.612,5,0,COD,0
10532,40,Male,Delhi,Silver,9,20635.87,2372.72,47,20,31,0.554,5,2,Net Banking,0
10533,34,Male,Bangalore,Bronze,12,47418.48,3554.31,42,18,26,0.454,3,2,Credit Card,0
10534,43,Male,Delhi,Bronze,14,33725.33,2491.36,76,20,30,0.365,7,1,Net Banking,0
10535,25,Female,Bangalore,Bronze,9,27783.65,3074.12,25,13,30,0.07,6,1,COD,0
10536,46,Female,Kolkata,Bronze,19,51041.89,2989.85,54,16,43,0.305,3,2,COD,0
10537,43,Female,Bangalore,Silver,16,27966.13,1877.63,20,13,35,0.251,3,1,COD,0
10538,27,Female,Bangalore,Silver,13,28322.25,2032.99,51,17,25,0.397,5,2,Credit Card,0
10539,43,Male,Chennai,Gold,7,23751.08,3523.63,78,17,32,0.625,9,2,UPI,1
10540,51,Male,Delhi,Gold,12,38394.83,2859.29,92,17,34,0.669,9,3,UPI,1
10541,58,Male,Chennai,Bronze,10,30775.34,3064.78,30,18,39,0.676,2,1,Credit Card,0
10542,24,Female,Kolkata,Bronze,14,31885.9,2349.94,31,10,22,0.027,8,2,Net Banking,0
10543,21,Female,Pune,Silver,8,13512.57,1847.24,62,14,36,0.388,5,4,UPI,0
10544,62,Female,Delhi,Bronze,11,22304.11,1956.78,7,8,24,0.131,9,2,Debit Card,0
10545,28,Male,Pune,Bronze,9,34891.6,3439.55,31,23,31,0.273,4,0,UPI,1
10546,46,Female,Pune,Gold,13,28718.23,2199.27,57,13,33,0.065,2,1,UPI,0
10547,53,Male,Bangalore,Bronze,13,44125.15,3322.88,109,21,35,0.38,5,0,UPI,1
10548,42,Male,Ahmedabad,Gold,7,24087.12,3464.62,28,13,33,0.385,4,4,COD,0
10549,38,Male,Delhi,Bronze,14,44250.14,3028.55,19,11,23,0.361,1,2,Net Banking,0
10550,53,Male,Pune,Platinum,7,21579.85,2923.28,62,16,47,0.208,6,2,UPI,0
10551,27,Male,Ahmedabad,Silver,17,63388.05,3727.21,70,16,26,0.345,5,3,Credit Card,1
10552,54,Male,Hyderabad,Gold,15,19454.89,1438.95,65,19,35,0.209,3,0,UPI,0
10553,26,Female,Pune,Bronze,12,23904.8,1828.94,33,6,34,0.636,4,0,COD,0
10554,41,Male,Hyderabad,Gold,16,16255.81,1066.58,116,19,22,0.105,3,0,Credit Card,1
10555,52,Male,Delhi,Gold,12,11230.46,852.3,53,9,41,0.239,3,1,COD,0
10556,52,Female,Kolkata,Gold,17,33369.04,2160.12,47,17,44,0.168,2,3,Debit Card,0
10557,65,Male,Chennai,Silver,18,49334.31,2441.71,56,11,31,0.299,6,2,Credit Card,0
10558,53,Female,Delhi,Gold,14,36292.87,2654.82,31,16,34,0.178,8,3,UPI,0
10559,35,Female,Chennai,Bronze,11,16603.13,1572.45,49,17,39,0.33,3,1,UPI,0
10560,56,Female,Chennai,Silver,15,25512.59,1828.25,66,15,25,0.15,6,0,Net Banking,1
10561,49,Male,Delhi,Gold,17,51239.28,2962.07,38,7,44,0.246,5,0,UPI,0
10562,41,Male,Pune,Silver,14,11319.78,885.54,22,14,38,0.138,4,3,UPI,0
10563,40,Female,Mumbai,Bronze,11,26694.95,2211.41,117,15,30,0.417,6,3,Debit Card,1
10564,49,Male,Pune,Silver,17,54677.62,3375.35,34,16,38,0.349,7,2,Debit Card,0
10565,54,Male,Pune,Gold,9,18670.45,1960.96,15,17,38,0.17,4,0,Debit Card,1
10566,29,Female,Kolkata,Bronze,14,22378.99,1820.95,25,16,37,0.303,9,2,Net Banking,1
10567,30,Female,Bangalore,Bronze,17,64503.24,3318.55,55,14,34,0.491,4,0,Net Banking,0
10568,40,Male,Bangalore,Bronze,13,12387.12,927.64,71,10,33,0.572,7,1,Debit Card,1
10569,42,Female,Pune,Gold,11,16784.04,1476.37,56,14,32,0.554,4,1,UPI,0
10570,52,Female,Hyderabad,Bronze,9,13853.01,1510.95,122,17,31,0.194,3,3,UPI,1
10571,58,Female,Kolkata,Gold,10,31938.24,2824.79,55,23,33,0.057,1,0,COD,1
10572,47,Male,Chennai,Silver,10,7993.88,756.35,125,17,28,0.096,5,0,Credit Card,0
10573,34,Male,Ahmedabad,Gold,18,59744.17,3310.26,64,19,29,0.299,2,2,Debit Card,0
10574,37,Male,Bangalore,Platinum,10,22092.1,2176.05,22,16,25,0.139,0,1,UPI,0
10575,65,Female,Pune,Bronze,9,24827.25,3141.22,43,18,35,0.251,6,4,UPI,1
10576,42,Male,Kolkata,Bronze,17,62110.8,3316.74,23,25,37,0.458,5,3,UPI,0
10577,39,Female,Mumbai,Gold,16,22780.85,1492.96,72,18,22,0.497,5,0,UPI,1
10578,30,Male,Hyderabad,Bronze,13,29122.07,2216.5,45,18,44,0.043,2,2,Debit Card,0
10579,36,Male,Delhi,Bronze,10,24422.53,1994.74,102,16,41,0.336,7,3,Credit Card,0
10580,53,Female,Pune,Gold,19,33482.3,2141.1,75,26,24,0.278,3,0,COD,0
10581,29,Male,Kolkata,Platinum,9,16255.44,1687.36,13,23,35,0.256,3,1,Credit Card,0
10582,58,Female,Pune,Silver,10,32001.36,3202.75,30,12,35,0.187,8,1,Debit Card,0
10583,36,Male,Ahmedabad,Bronze,6,10831.65,2032.55,57,17,44,0.252,1,1,UPI,1
10584,29,Male,Chennai,Silver,17,31401.72,1899.28,23,16,36,0.679,3,1,Credit Card,0
10585,26,Female,Hyderabad,Bronze,10,30426.46,3211.19,92,16,34,0.353,5,2,Credit Card,0
10586,24,Female,Bangalore,Gold,11,30618.07,2952.56,64,12,36,0.146,3,0,UPI,0
10587,45,Female,Bangalore,Gold,10,25356.65,2458.79,31,20,38,0.42,6,0,Credit Card,0
10588,31,Male,Bangalore,Gold,14,24792.3,1846.85,29,18,37,0.308,6,1,Credit Card,0
10589,48,Male,Ahmedabad,Bronze,10,35407.19,3518.15,36,10,33,0.165,8,2,UPI,0
10590,36,Male,Delhi,Silver,9,11332.07,1248.84,8,20,33,0.178,3,0,Debit Card,0
10591,64,Female,Kolkata,Bronze,10,28725.31,3165.14,55,9,24,0.575,8,1,UPI,0
10592,33,Female,Hyderabad,Bronze,10,26845.2,2763.81,42,21,42,0.294,1,2,Credit Card,0
10593,22,Female,Hyderabad,Gold,9,9474.29,1060.24,47,13,38,0.369,5,1,UPI,0
10594,52,Male,Bangalore,Bronze,10,23022.17,2266.51,20,11,35,0.473,3,2,Debit Card,0
10595,29,Male,Bangalore,Silver,14,14422.52,1011.33,36,11,42,0.564,3,1,Credit Card,0
10596,42,Female,Chennai,Gold,13,25402.62,1886.89,56,15,32,0.462,4,0,COD,0
10597,38,Male,Ahmedabad,Platinum,9,22489.59,2452.14,94,5,33,0.19,6,2,Credit Card,0
10598,53,Female,Mumbai,Gold,9,12109.08,1287.13,30,24,41,0.584,3,3,Credit Card,0
10599,40,Male,Mumbai,Gold,12,3551.78,300.0,47,13,30,0.233,7,4,Debit Card,0
10600,33,Male,Pune,Silver,18,33662.65,2085.02,27,19,39,0.11,12,0,UPI,0
10601,56,Female,Pune,Bronze,18,41711.02,2393.1,61,17,42,0.242,4,1,Net Banking,0
10602,62,Male,Hyderabad,Silver,14,25002.81,1860.72,15,11,34,0.266,8,0,Credit Card,0
10603,59,Male,Hyderabad,Silver,9,18179.17,2186.15,59,9,25,0.403,5,3,Net Banking,1
10604,56,Female,Delhi,Gold,18,35493.21,2038.35,31,12,34,0.391,1,2,UPI,0
10605,31,Female,Delhi,Silver,13,15903.5,1284.1,47,14,47,0.056,2,1,Credit Card,0
10606,48,Male,Mumbai,Silver,11,42487.77,3952.41,28,18,30,0.672,7,1,UPI,0
10607,22,Female,Ahmedabad,Bronze,11,25823.14,2485.29,27,15,33,0.592,2,2,Credit Card,0
10608,52,Male,Pune,Bronze,11,18561.49,1816.75,22,16,34,0.158,1,2,UPI,0
10609,40,Female,Mumbai,Gold,10,13072.93,1457.69,18,16,37,0.649,4,3,UPI,0
10610,46,Male,Ahmedabad,Silver,9,17228.71,1842.19,43,11,30,0.304,4,1,UPI,0
10611,60,Male,Mumbai,Gold,11,21679.47,1871.54,24,13,50,0.513,7,1,Credit Card,0
10612,28,Female,Pune,Silver,13,30494.26,2234.34,84,13,40,0.294,6,1,Credit Card,0
10613,35,Male,Kolkata,Bronze,12,43028.53,3231.59,33,19,25,0.16,8,3,Debit Card,0
10614,64,Male,Delhi,Gold,10,13058.33,1475.89,76,14,36,0.507,4,2,Debit Card,1
10615,29,Female,Chennai,Gold,13,32753.77,2359.95,32,19,41,0.563,6,0,Debit Card,0
10616,26,Female,Chennai,Silver,10,29658.75,2919.67,33,10,37,0.656,1,1,Net Banking,0
10617,27,Male,Chennai,Silver,10,14515.43,1593.54,44,19,39,0.441,1,2,UPI,0
10618,61,Female,Pune,Silver,12,19119.24,1588.36,130,11,39,0.478,4,3,COD,1
10619,34,Female,Bangalore,Gold,12,10136.26,841.81,37,12,27,0.327,6,1,COD,0
10620,55,Male,Bangalore,Gold,8,29764.37,3713.09,26,18,30,0.247,6,0,Credit Card,0
10621,24,Male,Bangalore,Gold,17,46296.14,2657.13,28,8,30,0.703,5,2,UPI,1
10622,63,Female,Hyderabad,Silver,13,21095.32,1686.66,42,12,38,0.263,2,2,UPI,0
10623,30,Female,Delhi,Silver,12,20590.12,1647.68,68,19,31,0.224,6,0,Debit Card,1
10624,57,Female,Delhi,Silver,13,16533.74,1271.76,27,17,33,0.45,7,3,Credit Card,0
10625,59,Male,Kolkata,Gold,15,40306.2,2341.39,86,14,42,0.406,5,0,COD,0
10626,26,Male,Kolkata,Silver,8,17009.61,1892.06,9,12,32,0.44,1,3,COD,0
10627,44,Male,Hyderabad,Silver,11,14761.13,1374.35,27,15,33,0.63,6,1,UPI,0
10628,19,Male,Mumbai,Bronze,12,17269.49,1505.44,26,21,33,0.349,1,1,UPI,0
10629,22,Male,Ahmedabad,Platinum,15,39686.78,2853.15,44,13,32,0.199,7,3,Credit Card,0
10630,46,Male,Kolkata,Gold,5,8864.82,1856.71,29,14,38,0.211,4,3,Credit Card,0
10631,54,Male,Chennai,Silver,14,14148.12,1094.75,43,13,31,0.647,5,0,UPI,1
10632,55,Female,Bangalore,Silver,7,14962.43,2258.21,17,18,47,0.268,2,1,Credit Card,0
10633,36,Female,Chennai,Bronze,10,13233.65,1582.38,13,21,32,0.364,7,0,Credit Card,0
10634,25,Male,Bangalore,Bronze,13,37844.56,2781.47,42,18,33,0.271,10,1,UPI,0
10635,65,Male,Chennai,Bronze,18,52526.03,3556.25,14,15,37,0.697,7,2,UPI,0
10636,62,Male,Mumbai,Gold,14,5858.12,456.3,89,10,29,0.179,3,1,Debit Card,1
10637,18,Female,Ahmedabad,Gold,9,13898.33,1563.75,8,13,42,0.478,6,1,UPI,0
10638,39,Male,Chennai,Silver,23,53291.16,2324.66,8,17,28,0.321,9,1,COD,0
10639,34,Female,Chennai,Silver,14,33273.03,2131.19,37,12,24,0.177,7,0,UPI,0
10640,24,Female,Pune,Silver,8,29073.31,3326.67,180,11,41,0.488,3,1,Credit Card,1
10641,42,Female,Ahmedabad,Bronze,5,11808.6,2182.63,30,18,42,0.052,5,1,COD,0
10642,62,Female,Chennai,Bronze,14,35602.61,2383.91,81,11,43,0.335,9,2,Credit Card,0
10643,21,Female,Pune,Gold,11,27242.99,2587.75,36,17,37,0.385,9,1,Net Banking,0
10644,53,Male,Delhi,Platinum,12,21822.56,1587.24,22,13,31,0.63,7,1,Credit Card,0
10645,23,Male,Ahmedabad,Silver,15,40448.58,2663.68,56,13,40,0.107,4,1,UPI,0
10646,48,Female,Hyderabad,Gold,16,35534.18,2565.02,27,12,27,0.047,5,2,Debit Card,0
10647,36,Male,Ahmedabad,Platinum,10,19339.27,2292.87,32,16,51,0.417,2,1,Debit Card,0
10648,61,Female,Ahmedabad,Bronze,15,7137.34,474.01,60,18,34,0.292,9,1,Debit Card,0
10649,56,Female,Chennai,Gold,12,17717.0,1515.1,28,9,42,0.15,3,4,Credit Card,0
10650,44,Male,Delhi,Silver,11,21196.81,2367.15,7,15,35,0.213,2,1,UPI,0
10651,27,Male,Ahmedabad,Silver,6,13614.19,2114.39,20,17,22,0.332,3,2,UPI,0
10652,43,Male,Kolkata,Bronze,10,30403.65,2874.09,74,26,40,0.264,5,1,UPI,1
10653,36,Male,Kolkata,Gold,9,26972.71,2881.28,50,13,39,0.468,2,2,UPI,0
10654,56,Male,Pune,Gold,17,40381.11,2510.13,21,22,33,0.378,4,0,UPI,0
10655,20,Female,Chennai,Bronze,17,53604.08,2881.42,100,14,24,0.176,2,0,Credit Card,1
10656,62,Male,Chennai,Silver,17,48811.49,2650.08,28,18,33,0.775,2,4,UPI,0
10657,30,Male,Ahmedabad,Bronze,18,26984.75,1726.33,73,14,33,0.505,4,1,COD,0
10658,45,Male,Mumbai,Gold,13,29403.69,2194.76,164,6,36,0.253,8,1,Credit Card,1
10659,37,Female,Delhi,Silver,11,14741.37,1211.03,57,19,23,0.201,3,2,Credit Card,0
10660,45,Male,Bangalore,Gold,13,42996.06,3544.05,93,23,35,0.567,6,1,COD,1
10661,25,Female,Bangalore,Silver,6,6641.27,1070.98,179,12,40,0.237,9,2,UPI,1
10662,58,Male,Mumbai,Bronze,12,4364.67,324.3,51,14,27,0.372,4,0,UPI,0
10663,56,Male,Pune,Bronze,11,47567.85,4108.6,109,11,37,0.126,2,1,UPI,0
10664,18,Female,Bangalore,Bronze,16,33931.93,2116.43,39,22,35,0.289,6,2,UPI,0
10665,20,Male,Ahmedabad,Bronze,12,37601.45,3005.28,16,7,41,0.156,6,2,Credit Card,1
10666,30,Male,Bangalore,Silver,12,38310.04,2859.65,21,9,29,0.257,3,1,Credit Card,0
10667,45,Female,Kolkata,Bronze,11,33314.88,3140.86,51,13,33,0.395,8,0,Credit Card,0
10668,42,Male,Kolkata,Silver,12,35107.79,2732.02,16,19,32,0.403,7,1,UPI,0
10669,50,Female,Hyderabad,Silver,11,31838.95,2737.65,55,21,39,0.405,4,0,Net Banking,0
10670,55,Female,Delhi,Silver,7,2119.73,300.0,28,23,36,0.38,3,3,UPI,0
10671,23,Female,Pune,Gold,8,9947.29,1332.74,13,10,41,0.362,8,1,UPI,1
10672,61,Female,Chennai,Silver,7,2019.83,300.0,63,8,34,0.369,4,3,COD,0
10673,62,Female,Delhi,Platinum,10,16042.0,1462.07,13,18,41,0.414,8,2,UPI,0
10674,49,Male,Pune,Bronze,9,16847.65,1720.26,143,16,27,0.396,7,2,Debit Card,1
10675,62,Male,Bangalore,Silver,15,30095.01,2095.08,114,21,22,0.383,3,3,Net Banking,1
10676,64,Male,Hyderabad,Silver,10,13286.85,1347.04,17,12,30,0.497,6,3,Debit Card,0
10677,38,Female,Delhi,Silver,14,25259.07,1882.82,122,20,25,0.396,6,0,COD,1
10678,33,Female,Bangalore,Gold,15,26248.1,1733.9,29,11,37,0.631,4,1,COD,0
10679,38,Female,Pune,Silver,6,14395.55,2510.87,24,13,34,0.29,8,1,Credit Card,0
10680,28,Female,Delhi,Silver,9,25196.03,2883.21,143,9,39,0.069,7,2,UPI,0
10681,54,Male,Chennai,Silver,5,13426.73,2392.79,48,19,34,0.233,3,0,UPI,0
10682,53,Male,Delhi,Platinum,6,16637.38,2767.28,28,16,41,0.578,5,1,Net Banking,1
10683,52,Female,Bangalore,Platinum,14,28381.9,2371.76,78,14,37,0.492,4,1,UPI,0
10684,36,Female,Ahmedabad,Bronze,15,40673.22,3268.3,23,15,33,0.775,7,0,Credit Card,0
10685,37,Male,Ahmedabad,Bronze,11,45308.81,3877.73,38,16,38,0.171,6,4,Debit Card,0
10686,35,Female,Delhi,Gold,14,4535.25,300.0,95,7,29,0.233,3,3,UPI,1
10687,64,Female,Chennai,Platinum,15,55039.89,3219.88,47,16,27,0.534,1,1,UPI,1
10688,58,Female,Hyderabad,Bronze,7,7571.91,1039.36,57,20,31,0.721,5,1,Debit Card,1
10689,31,Male,Hyderabad,Silver,15,31246.29,2367.22,14,14,31,0.59,5,1,COD,0
10690,32,Male,Ahmedabad,Platinum,17,37271.72,2435.22,9,16,38,0.235,5,2,Net Banking,0
10691,48,Female,Bangalore,Gold,12,36405.42,2747.59,30,9,25,0.38,6,0,Debit Card,0
10692,18,Male,Pune,Bronze,6,13952.43,2154.16,28,11,33,0.418,2,2,Debit Card,1
10693,20,Female,Bangalore,Silver,15,31777.27,2195.61,21,14,38,0.298,5,1,Net Banking,0
10694,33,Female,Hyderabad,Platinum,13,33089.36,2509.06,75,12,44,0.499,1,1,Credit Card,1
10695,40,Male,Mumbai,Gold,10,17389.42,1888.47,57,17,41,0.401,3,2,Net Banking,0
10696,28,Female,Mumbai,Gold,9,4013.08,490.49,71,14,42,0.344,5,2,UPI,0
10697,29,Female,Delhi,Gold,6,11708.02,2198.42,58,15,35,0.454,3,0,Credit Card,0
10698,27,Male,Chennai,Bronze,15,22762.69,1526.05,72,16,26,0.347,7,5,COD,0
10699,49,Female,Ahmedabad,Gold,4,5749.39,1449.14,82,15,35,0.165,4,3,Debit Card,0
10700,33,Female,Kolkata,Bronze,13,17340.13,1361.59,33,12,34,0.181,4,3,Credit Card,0
10701,25,Female,Kolkata,Platinum,17,7436.25,425.87,42,14,35,0.271,5,2,UPI,0
10702,55,Male,Kolkata,Silver,10,16864.15,1840.3,61,18,36,0.619,6,1,Debit Card,1
10703,29,Female,Delhi,Gold,6,13731.52,2200.72,31,13,41,0.23,2,1,Debit Card,0
10704,41,Male,Mumbai,Bronze,9,26790.97,2891.21,53,16,29,0.648,3,3,COD,0
10705,45,Female,Hyderabad,Silver,8,13944.08,1668.34,10,14,32,0.491,4,0,UPI,0
10706,25,Female,Delhi,Bronze,10,36848.04,3619.76,75,11,40,0.672,8,1,Net Banking,1
10707,45,Female,Kolkata,Gold,10,25176.0,2725.38,90,14,29,0.333,7,2,Credit Card,1
10708,53,Female,Kolkata,Gold,9,10532.58,1191.02,89,8,37,0.434,8,1,UPI,0
10709,43,Male,Ahmedabad,Gold,8,15395.86,1760.54,69,18,37,0.668,5,0,Credit Card,0
10710,25,Male,Bangalore,Silver,16,66355.73,4019.39,70,17,54,0.071,7,4,UPI,0
10711,45,Female,Kolkata,Bronze,11,30976.97,2883.96,31,17,33,0.523,4,1,Credit Card,1
10712,45,Female,Chennai,Platinum,12,21713.17,1725.8,15,15,30,0.312,4,0,Credit Card,0
10713,54,Female,Kolkata,Gold,17,50147.76,3003.39,60,21,32,0.4,8,0,COD,0
10714,58,Female,Bangalore,Gold,14,14039.53,1064.91,40,18,40,0.486,8,1,Debit Card,0
10715,53,Female,Kolkata,Gold,20,31574.23,1702.59,12,20,33,0.493,5,1,Credit Card,1
10716,44,Female,Chennai,Gold,8,2366.39,300.0,31,18,25,0.578,4,0,Credit Card,0
10717,34,Female,Hyderabad,Silver,13,32537.74,2743.33,31,14,40,0.294,8,1,Debit Card,0
10718,26,Female,Delhi,Gold,14,12973.94,1151.0,37,16,32,0.231,4,1,UPI,0
10719,50,Male,Chennai,Silver,19,37586.13,2127.48,56,17,31,0.355,6,1,Credit Card,1
10720,37,Male,Bangalore,Gold,7,5843.32,808.21,25,13,41,0.953,4,1,Net Banking,0
10721,30,Male,Delhi,Gold,19,41501.67,2380.37,38,13,39,0.421,6,0,UPI,0
10722,45,Female,Delhi,Bronze,8,16106.72,2133.26,35,18,33,0.39,6,2,UPI,1
10723,65,Female,Bangalore,Silver,11,8032.53,873.55,54,11,31,0.327,6,2,UPI,0
10724,46,Female,Ahmedabad,Bronze,9,16308.39,1770.4,21,13,40,0.311,8,1,UPI,0
10725,30,Male,Mumbai,Bronze,13,31669.88,2319.88,48,16,35,0.219,4,0,Debit Card,0
10726,63,Female,Kolkata,Silver,10,27205.22,2600.66,48,7,33,0.567,5,4,COD,1
10727,52,Male,Chennai,Gold,10,36916.14,3624.97,37,19,38,0.149,3,2,UPI,1
10728,23,Female,Bangalore,Bronze,11,35627.07,3296.09,59,15,35,0.529,6,2,Debit Card,0
10729,35,Male,Hyderabad,Silver,12,19092.36,1574.45,36,11,43,0.573,6,0,UPI,0
10730,22,Male,Pune,Platinum,15,21588.33,1563.48,9,15,36,0.744,9,3,Credit Card,0
10731,64,Male,Bangalore,Gold,10,10302.1,912.42,61,24,38,0.588,3,1,Net Banking,0
10732,42,Female,Kolkata,Silver,11,15907.37,1291.23,63,9,34,0.106,3,1,Debit Card,0
10733,19,Male,Kolkata,Gold,16,55933.93,2974.14,49,17,40,0.14,9,2,Credit Card,0
10734,27,Female,Delhi,Silver,14,10841.53,769.8,38,11,29,0.202,5,1,Credit Card,0
10735,47,Female,Delhi,Bronze,21,39277.29,2060.56,38,13,24,0.579,3,3,Credit Card,0
10736,62,Female,Bangalore,Bronze,16,31455.5,1928.6,19,15,44,0.07,7,3,UPI,0
10737,22,Female,Pune,Bronze,17,27971.8,1517.95,23,9,43,0.12,5,0,Debit Card,0
10738,50,Female,Ahmedabad,Silver,12,12276.2,1027.91,50,14,38,0.295,3,2,UPI,0
10739,18,Male,Bangalore,Platinum,11,5554.82,495.08,55,19,25,0.211,9,0,COD,0
10740,35,Female,Pune,Gold,10,9376.28,1036.01,33,25,22,0.245,4,1,UPI,0
10741,49,Female,Ahmedabad,Silver,8,17559.9,2125.21,48,15,40,0.338,2,0,UPI,0
10742,64,Female,Pune,Silver,9,26477.43,2737.89,66,10,41,0.073,7,3,Debit Card,0
10743,28,Female,Kolkata,Bronze,15,55502.26,3650.74,30,14,36,0.585,4,1,COD,0
10744,38,Female,Kolkata,Gold,11,24301.14,2501.04,18,17,39,0.049,6,3,COD,0
10745,43,Male,Kolkata,Gold,12,32160.61,2733.5,28,14,34,0.334,1,1,UPI,0
10746,42,Male,Hyderabad,Bronze,11,40390.25,3647.39,41,14,34,0.238,3,1,UPI,0
10747,39,Female,Kolkata,Bronze,10,27835.56,2504.5,48,15,35,0.777,8,2,UPI,0
10748,44,Male,Chennai,Silver,10,32468.06,3084.77,37,17,46,0.164,7,5,UPI,0
10749,30,Male,Delhi,Silver,12,18703.78,1858.37,49,17,25,0.146,3,1,Credit Card,0
10750,50,Female,Delhi,Silver,15,48934.25,2849.13,180,18,29,0.357,0,0,UPI,1
10751,51,Male,Pune,Silver,11,25165.83,2389.0,15,19,35,0.217,3,1,Net Banking,0
10752,58,Female,Delhi,Silver,10,19909.31,1982.34,45,10,41,0.288,10,0,UPI,0
10753,52,Male,Mumbai,Bronze,11,35980.86,3592.48,65,16,31,0.153,0,1,Credit Card,0
10754,18,Male,Ahmedabad,Silver,14,15361.85,1117.22,28,15,32,0.118,6,1,Net Banking,0
10755,38,Male,Pune,Silver,12,17989.91,1426.08,82,19,32,0.628,2,2,Credit Card,1
10756,65,Female,Delhi,Platinum,13,43760.4,3259.84,115,10,23,0.394,3,2,Net Banking,0
10757,23,Male,Mumbai,Platinum,12,35958.23,3074.03,50,16,40,0.265,9,2,COD,0
10758,45,Male,Ahmedabad,Platinum,14,35748.69,2211.43,50,13,32,0.255,1,1,UPI,0
10759,34,Female,Hyderabad,Gold,9,22349.36,2505.72,40,17,36,0.556,5,1,Debit Card,0
10760,22,Female,Delhi,Silver,9,22539.78,2665.65,58,13,34,0.688,9,0,UPI,1
10761,48,Male,Mumbai,Gold,8,20108.28,2528.51,99,22,36,0.51,2,1,UPI,0
10762,22,Female,Bangalore,Platinum,15,36552.84,2417.04,43,12,43,0.508,3,4,Debit Card,0
10763,55,Male,Chennai,Bronze,16,21857.44,1443.58,14,10,32,0.064,3,1,Credit Card,0
10764,20,Male,Bangalore,Silver,11,39523.68,3314.41,27,15,30,0.191,4,1,UPI,0
10765,40,Female,Mumbai,Gold,18,36854.21,2016.35,51,17,26,0.253,8,4,COD,0
10766,54,Female,Pune,Gold,14,18884.84,1308.48,49,16,36,0.338,5,1,UPI,0
10767,54,Female,Kolkata,Bronze,18,40165.64,2320.69,45,12,33,0.224,4,2,Debit Card,0
10768,27,Male,Kolkata,Silver,13,32387.7,2508.89,13,10,27,0.393,6,2,Debit Card,0
10769,27,Female,Kolkata,Gold,10,26180.98,2555.82,32,17,46,0.265,8,1,UPI,0
10770,36,Male,Ahmedabad,Silver,12,35498.68,3075.51,33,6,29,0.418,8,2,UPI,0
10771,34,Female,Pune,Gold,9,16983.45,1858.17,15,13,33,0.322,4,3,Debit Card,0
10772,38,Male,Ahmedabad,Silver,15,33791.43,2141.36,38,9,26,0.774,8,1,Net Banking,0
10773,31,Female,Delhi,Platinum,9,12239.39,1440.44,30,12,33,0.212,5,1,Credit Card,0
10774,26,Male,Kolkata,Silver,12,27037.3,2410.35,19,13,41,0.262,2,2,COD,1
10775,63,Female,Bangalore,Silver,14,17263.44,1427.22,51,16,39,0.453,7,2,COD,0
10776,18,Male,Pune,Bronze,11,16029.17,1669.08,39,13,25,0.518,2,1,Credit Card,0
10777,62,Female,Pune,Bronze,8,23400.62,3085.11,13,16,30,0.258,7,2,Credit Card,0
10778,30,Female,Kolkata,Silver,10,21928.63,2322.83,20,24,36,0.393,7,1,Debit Card,0
10779,21,Male,Bangalore,Silver,10,35774.97,3482.11,7,19,46,0.238,6,0,COD,0
10780,18,Female,Hyderabad,Silver,11,38271.62,3259.05,110,15,29,0.063,7,3,UPI,1
10781,57,Male,Pune,Bronze,10,20798.33,2394.17,25,17,36,0.014,10,1,Credit Card,0
10782,49,Male,Kolkata,Gold,13,30053.98,2518.34,14,16,31,0.191,4,3,Debit Card,0
10783,51,Female,Chennai,Gold,8,14125.25,1985.35,81,17,36,0.112,3,1,Credit Card,0
10784,45,Male,Mumbai,Bronze,12,33626.0,3139.52,51,15,43,0.171,5,1,Credit Card,0
10785,48,Female,Ahmedabad,Silver,17,41654.41,2526.81,135,11,22,0.095,6,2,Debit Card,1
10786,25,Female,Delhi,Gold,17,59591.55,3018.6,66,13,32,0.437,4,1,UPI,0
10787,56,Male,Pune,Silver,10,16768.15,1617.82,22,17,41,0.145,2,2,Net Banking,0
10788,43,Female,Chennai,Bronze,12,12094.87,975.03,30,19,33,0.558,8,1,COD,0
10789,51,Male,Chennai,Gold,13,31895.08,2652.03,70,14,37,0.305,5,3,UPI,0
10790,20,Male,Pune,Bronze,16,50169.66,2832.51,22,11,39,0.375,7,2,Net Banking,0
10791,29,Female,Hyderabad,Bronze,20,45715.29,2267.67,50,9,24,0.378,7,4,UPI,0
10792,18,Female,Mumbai,Bronze,12,26757.49,2720.75,45,14,29,0.149,4,1,Net Banking,0
10793,61,Male,Delhi,Silver,9,12928.33,1433.2,93,17,43,0.753,5,1,Credit Card,1
10794,22,Male,Pune,Bronze,14,44070.36,3045.37,12,14,39,0.201,3,1,Credit Card,0
10795,47,Female,Ahmedabad,Platinum,11,34069.49,3254.55,21,18,37,0.253,5,2,Credit Card,0
10796,47,Female,Delhi,Bronze,15,45618.54,3118.61,142,16,21,0.626,4,0,Net Banking,1
10797,34,Female,Bangalore,Bronze,22,52758.16,2311.57,78,14,31,0.272,3,2,Net Banking,0
10798,65,Female,Chennai,Silver,15,60686.96,3267.84,30,11,45,0.339,4,3,UPI,0
10799,64,Male,Chennai,Bronze,6,6346.88,1171.42,93,12,39,0.26,4,3,UPI,1
10800,40,Female,Pune,Silver,12,25424.97,2716.12,5,23,34,0.698,5,1,Credit Card,0
10801,32,Male,Pune,Bronze,17,46017.28,2844.81,37,8,36,0.44,7,1,COD,1
10802,54,Male,Ahmedabad,Bronze,11,26353.52,2651.12,15,14,40,0.467,6,2,Debit Card,0
10803,38,Female,Bangalore,Bronze,12,15423.13,1353.67,26,15,31,0.654,3,3,UPI,0
10804,31,Male,Hyderabad,Silver,11,26421.1,2406.42,68,9,35,0.277,5,1,Credit Card,0
10805,19,Female,Pune,Bronze,8,16310.91,1969.51,23,9,50,0.328,0,2,COD,1
10806,28,Male,Chennai,Gold,8,3115.38,438.34,80,14,38,0.205,7,3,UPI,0
10807,56,Female,Delhi,Silver,12,13371.24,1140.06,146,14,33,0.102,7,0,Credit Card,1
10808,55,Male,Mumbai,Silver,12,41305.48,3245.13,1,19,36,0.439,6,2,UPI,0
10809,51,Male,Kolkata,Silver,10,17886.05,1841.88,12,15,34,0.088,6,0,Credit Card,0
10810,55,Female,Delhi,Silver,13,39342.17,3150.52,29,14,36,0.188,6,1,UPI,0
10811,51,Female,Hyderabad,Platinum,8,24508.8,3229.29,63,14,32,0.213,9,2,Credit Card,0
10812,35,Male,Mumbai,Bronze,13,36543.21,2691.62,44,14,50,0.194,6,1,Net Banking,0
10813,47,Male,Delhi,Bronze,17,28506.0,1647.01,14,22,37,0.787,8,4,UPI,0
10814,32,Female,Delhi,Bronze,6,19108.06,3049.81,25,13,37,0.362,1,3,UPI,0
10815,44,Male,Bangalore,Bronze,17,46246.26,2392.2,124,9,33,0.434,9,2,COD,1
10816,51,Female,Kolkata,Bronze,14,26471.32,2240.2,59,17,22,0.285,5,0,UPI,0
10817,55,Male,Ahmedabad,Gold,13,20320.17,1379.55,33,15,23,0.349,7,3,Credit Card,0
10818,50,Female,Hyderabad,Silver,16,26477.38,1749.3,17,13,33,0.164,5,1,Net Banking,0
10819,41,Male,Chennai,Platinum,10,13510.16,1392.65,95,21,36,0.233,10,0,Debit Card,0
10820,32,Female,Bangalore,Bronze,12,35524.55,3063.22,73,16,38,0.531,8,2,Debit Card,1
10821,47,Female,Mumbai,Bronze,16,56556.59,3580.93,69,8,35,0.246,5,1,Credit Card,0
10822,59,Male,Kolkata,Platinum,14,47553.14,3031.32,76,22,20,0.641,7,1,UPI,0
10823,34,Female,Chennai,Gold,17,39202.67,2379.03,38,15,34,0.665,7,1,Debit Card,0
10824,22,Male,Bangalore,Silver,9,18346.37,1923.85,95,17,31,0.17,6,2,COD,0
10825,46,Female,Kolkata,Silver,15,41920.04,2628.77,60,13,42,0.509,1,0,Debit Card,0
10826,21,Female,Ahmedabad,Gold,9,16148.92,1824.63,49,8,35,0.362,7,1,UPI,0
10827,27,Female,Hyderabad,Silver,8,17675.06,2171.77,65,12,33,0.384,1,3,Credit Card,0
10828,34,Male,Pune,Bronze,10,12254.23,1460.68,78,14,43,0.184,3,2,UPI,1
10829,27,Female,Ahmedabad,Gold,13,33027.23,2785.58,46,20,32,0.429,7,2,Debit Card,0
10830,34,Male,Pune,Silver,14,36928.21,2830.82,57,16,43,0.242,7,2,Net Banking,0
10831,37,Female,Mumbai,Bronze,19,54630.87,3017.97,161,18,33,0.711,7,2,Credit Card,0
10832,41,Male,Pune,Silver,15,35537.93,2702.01,12,15,37,0.212,3,1,UPI,1
10833,22,Male,Bangalore,Silver,8,22652.84,2639.17,25,18,35,0.127,6,3,Credit Card,0
10834,51,Male,Mumbai,Gold,11,14350.51,1260.56,14,11,30,0.681,5,1,Credit Card,0
10835,23,Female,Chennai,Bronze,12,14872.87,1222.89,63,22,37,0.456,6,0,Credit Card,0
10836,19,Male,Ahmedabad,Gold,9,23339.69,2497.95,3,24,31,0.308,4,0,Credit Card,0
10837,30,Female,Ahmedabad,Silver,12,36383.36,3190.81,92,10,38,0.867,4,0,UPI,1
10838,60,Male,Hyderabad,Silver,18,39415.08,1959.49,54,11,36,0.272,4,0,Credit Card,1
10839,60,Male,Mumbai,Bronze,7,14690.66,2205.05,92,11,29,0.452,5,1,Net Banking,0
10840,65,Male,Chennai,Gold,15,35810.06,2214.4,44,15,32,0.501,5,2,COD,0
10841,28,Male,Ahmedabad,Platinum,17,10589.34,541.04,56,14,36,0.457,7,0,COD,1
10842,64,Female,Mumbai,Silver,7,17737.81,2416.38,91,22,38,0.766,8,3,COD,1
10843,40,Male,Delhi,Bronze,11,18442.11,1705.13,22,11,35,0.172,1,2,Credit Card,1
10844,33,Male,Delhi,Silver,12,33335.54,2749.97,12,6,33,0.245,5,2,UPI,0
10845,48,Female,Mumbai,Gold,6,13595.34,2171.8,55,16,43,0.424,5,0,UPI,0
10846,28,Male,Ahmedabad,Bronze,13,25064.32,2038.66,46,18,37,0.685,5,2,UPI,0
10847,33,Male,Kolkata,Silver,11,23755.69,2058.27,38,16,30,0.304,5,0,Credit Card,0
10848,25,Male,Pune,Silver,13,27292.21,1905.68,100,16,37,0.179,5,1,COD,0
10849,21,Male,Delhi,Bronze,7,5959.32,974.61,59,11,30,0.249,2,3,Debit Card,0
10850,57,Female,Kolkata,Silver,13,36219.59,3058.01,8,14,34,0.127,6,0,Net Banking,0
10851,21,Female,Kolkata,Bronze,12,19776.05,1629.49,72,11,34,0.486,6,0,UPI,0
10852,42,Male,Hyderabad,Gold,7,12852.13,1779.02,75,21,25,0.521,3,2,COD,0
10853,20,Female,Chennai,Silver,14,30067.82,2271.16,22,15,33,0.392,3,2,Debit Card,0
10854,49,Female,Bangalore,Silver,13,16661.77,1196.0,21,15,41,0.486,4,2,Credit Card,0
10855,20,Male,Delhi,Silver,14,23547.47,1750.83,24,11,31,0.738,2,2,Debit Card,0
10856,44,Female,Mumbai,Bronze,12,45624.16,3924.84,51,13,31,0.404,5,2,Credit Card,0
10857,46,Male,Pune,Gold,12,25129.63,2503.06,101,14,37,0.235,7,1,COD,1
10858,49,Female,Bangalore,Silver,12,16504.36,1427.98,27,15,33,0.732,5,1,UPI,0
10859,36,Female,Chennai,Silver,18,6542.72,326.79,114,23,32,0.535,5,0,Credit Card,0
10860,38,Female,Kolkata,Silver,16,51992.27,3101.25,24,20,39,0.56,7,3,Debit Card,0
10861,22,Male,Chennai,Silver,14,18400.72,1289.13,76,20,37,0.181,3,4,Debit Card,1
10862,35,Female,Ahmedabad,Bronze,13,23134.74,1711.42,19,17,40,0.515,4,1,UPI,0
10863,45,Male,Delhi,Bronze,11,19857.64,1825.39,24,15,35,0.548,4,1,Credit Card,1
10864,59,Male,Chennai,Bronze,7,9404.7,1378.18,31,17,27,0.181,6,2,UPI,0
10865,39,Female,Chennai,Gold,9,19320.86,2131.39,15,12,37,0.207,6,2,Debit Card,0
10866,38,Male,Pune,Bronze,8,14453.94,1703.73,25,14,33,0.566,7,4,Net Banking,0
10867,23,Female,Ahmedabad,Bronze,17,54515.96,2750.02,23,15,30,0.528,5,0,Credit Card,0
10868,18,Male,Ahmedabad,Gold,14,34555.06,2326.5,38,13,32,0.433,2,2,Credit Card,0
10869,22,Male,Kolkata,Bronze,11,41445.77,3488.92,76,12,39,0.097,5,2,Credit Card,0
10870,58,Female,Pune,Silver,13,41315.56,3507.12,18,11,46,0.546,2,2,Net Banking,0
10871,29,Female,Pune,Bronze,13,16664.42,1340.66,39,17,30,0.436,8,0,COD,0
10872,43,Female,Mumbai,Bronze,11,22361.63,1905.69,21,16,24,0.213,7,0,Credit Card,0
10873,63,Female,Chennai,Silver,8,32459.31,4138.88,132,8,35,0.27,4,0,Credit Card,0
10874,51,Male,Chennai,Bronze,15,17929.94,1157.39,33,14,40,0.153,4,2,Debit Card,0
10875,31,Male,Ahmedabad,Gold,12,36349.2,2917.86,49,19,32,0.575,10,0,UPI,0
10876,43,Male,Chennai,Silver,13,35469.79,2693.2,27,19,35,0.088,6,3,COD,0
10877,62,Female,Hyderabad,Bronze,11,17611.91,1435.95,59,18,44,0.353,6,2,UPI,0
10878,44,Male,Pune,Bronze,12,15623.21,1479.37,63,20,36,0.546,8,2,Debit Card,0
10879,26,Female,Bangalore,Silver,13,56572.01,3860.45,48,16,37,0.412,10,1,UPI,0
10880,43,Male,Ahmedabad,Bronze,19,70662.98,3842.46,37,23,39,0.167,12,0,Net Banking,0
10881,64,Female,Delhi,Bronze,11,28035.81,2586.92,43,5,24,0.112,8,5,Debit Card,1
10882,39,Male,Ahmedabad,Silver,12,12567.84,952.42,139,17,36,0.215,8,1,Net Banking,0
10883,64,Male,Kolkata,Gold,13,42537.41,3331.17,113,18,45,0.306,3,1,COD,0
10884,47,Female,Bangalore,Silver,13,14145.5,948.61,43,26,38,0.106,8,3,Debit Card,0
10885,60,Male,Kolkata,Gold,10,30630.37,2843.68,60,14,33,0.337,1,4,Credit Card,0
10886,65,Female,Mumbai,Gold,12,9166.71,742.66,47,9,27,0.402,3,4,Net Banking,0
10887,34,Male,Mumbai,Bronze,9,21647.29,2206.86,139,18,25,0.533,5,1,Credit Card,1
10888,43,Male,Kolkata,Gold,10,30850.93,2996.48,27,13,30,0.291,6,2,COD,0
10889,53,Female,Chennai,Gold,13,3885.15,300.0,35,14,24,0.179,6,2,UPI,0
10890,18,Female,Bangalore,Silver,12,18242.85,1724.46,15,17,32,0.279,4,4,Credit Card,0
10891,25,Male,Chennai,Platinum,12,28545.95,2337.98,34,17,39,0.355,3,1,Credit Card,0
10892,52,Male,Ahmedabad,Bronze,7,13085.52,1890.24,35,15,29,0.462,3,0,Credit Card,1
10893,32,Male,Hyderabad,Bronze,19,32387.28,1596.03,88,11,32,0.256,4,2,UPI,1
10894,64,Male,Mumbai,Gold,13,27957.73,2079.87,59,10,41,0.474,4,2,UPI,0
10895,39,Male,Mumbai,Silver,14,43879.66,3133.77,37,14,40,0.407,8,0,COD,0
10896,31,Male,Bangalore,Bronze,12,40971.03,3432.06,31,17,47,0.108,1,1,Credit Card,0
10897,43,Female,Mumbai,Bronze,9,27233.71,2834.52,64,7,27,0.147,2,1,Net Banking,0
10898,45,Female,Hyderabad,Gold,13,44597.86,3598.03,27,15,37,0.749,6,1,UPI,0
10899,40,Female,Hyderabad,Gold,11,18094.71,1718.7,44,19,37,0.637,1,1,COD,0
10900,31,Male,Hyderabad,Silver,10,31315.72,2737.11,43,7,46,0.198,7,3,UPI,1
10901,41,Male,Delhi,Platinum,12,16483.15,1283.04,58,14,31,0.365,3,4,UPI,0
10902,19,Male,Hyderabad,Bronze,13,71510.6,4838.01,27,11,36,0.32,6,2,UPI,0
10903,62,Female,Hyderabad,Bronze,10,23409.92,2290.13,28,14,35,0.088,3,3,Net Banking,0
10904,43,Female,Delhi,Gold,12,34106.65,2923.7,21,19,39,0.141,3,2,Net Banking,0
10905,31,Male,Chennai,Gold,14,8590.53,613.78,6,8,32,0.338,1,0,UPI,0
10906,24,Male,Ahmedabad,Bronze,8,23224.68,2903.2,29,15,35,0.568,5,4,Credit Card,0
10907,20,Female,Pune,Bronze,11,23844.33,2302.33,26,12,31,0.077,3,2,UPI,0
10908,64,Female,Mumbai,Gold,6,14903.22,2617.69,125,12,46,0.342,3,4,COD,1
10909,40,Female,Hyderabad,Platinum,13,29007.79,2212.21,46,16,32,0.233,5,1,UPI,0
10910,63,Male,Mumbai,Silver,21,51530.26,2092.18,16,16,33,0.343,8,0,UPI,0
10911,60,Male,Bangalore,Bronze,11,21172.03,1922.67,17,14,32,0.335,3,1,UPI,0
10912,64,Male,Mumbai,Platinum,14,33729.25,2119.31,64,13,44,0.365,2,2,UPI,0
10913,62,Female,Kolkata,Platinum,17,52984.96,3521.45,95,16,44,0.605,5,0,Credit Card,0
10914,35,Female,Chennai,Silver,11,19218.68,1869.36,9,13,29,0.123,5,1,UPI,0
10915,55,Male,Ahmedabad,Gold,15,60480.32,4232.91,40,15,33,0.176,4,1,UPI,0
10916,52,Male,Delhi,Gold,18,42289.28,2255.24,17,17,40,0.351,7,1,COD,0
10917,32,Female,Mumbai,Platinum,7,21808.26,3459.97,16,12,36,0.453,5,5,Credit Card,0
10918,42,Male,Mumbai,Gold,12,39845.28,3229.53,65,19,44,0.672,4,4,COD,1
10919,54,Female,Mumbai,Silver,13,10904.76,792.91,42,14,29,0.655,4,1,UPI,0
10920,45,Female,Pune,Silver,11,9972.04,983.32,22,12,40,0.434,4,3,Credit Card,0
10921,27,Male,Pune,Silver,10,15392.11,1589.59,8,20,36,0.116,5,0,Credit Card,0
10922,56,Female,Bangalore,Silver,10,8421.86,810.68,35,27,27,0.525,2,2,Credit Card,0
10923,34,Male,Delhi,Gold,17,27559.33,1828.24,59,12,31,0.313,3,0,Net Banking,0
10924,56,Female,Mumbai,Platinum,10,22754.11,2225.31,49,19,41,0.302,7,1,UPI,0
10925,39,Female,Mumbai,Silver,14,38993.25,2783.75,11,13,36,0.368,1,2,Net Banking,0
10926,43,Male,Mumbai,Silver,13,32521.29,2362.52,60,14,33,0.419,3,2,UPI,0
10927,61,Female,Mumbai,Silver,14,30023.02,2204.72,73,21,42,0.398,3,2,UPI,0
10928,42,Male,Pune,Gold,14,42537.57,3121.37,59,6,41,0.302,4,0,Debit Card,0
10929,34,Male,Chennai,Silver,16,46673.02,3000.89,31,13,39,0.158,5,1,COD,0
10930,30,Female,Chennai,Bronze,14,53395.42,3917.06,98,12,46,0.268,5,0,Credit Card,1
10931,37,Male,Bangalore,Silver,8,19505.38,2367.96,73,16,36,0.616,3,4,Debit Card,1
10932,42,Male,Kolkata,Bronze,13,4107.86,300.0,22,15,35,0.293,5,2,Credit Card,0
10933,21,Male,Hyderabad,Bronze,10,24851.8,2584.48,9,15,28,0.251,5,3,Debit Card,0
10934,27,Male,Delhi,Gold,17,70904.61,4242.13,42,24,48,0.555,6,3,COD,0
10935,20,Male,Chennai,Bronze,14,42335.4,3123.39,35,13,33,0.468,7,2,Debit Card,0
10936,58,Male,Kolkata,Bronze,18,65330.19,3329.77,36,6,38,0.65,5,1,Credit Card,1
10937,62,Female,Ahmedabad,Bronze,9,19934.01,2285.35,79,7,37,0.167,7,1,UPI,0
10938,35,Male,Ahmedabad,Bronze,16,51325.6,3021.82,33,23,33,0.251,4,2,Credit Card,0
10939,64,Female,Mumbai,Gold,15,45164.48,3377.14,28,19,50,0.311,3,0,UPI,0
10940,53,Female,Ahmedabad,Silver,12,22649.42,1899.17,69,19,30,0.353,4,2,COD,0
10941,64,Male,Chennai,Platinum,13,24947.05,1749.3,34,14,31,0.171,6,1,COD,0
10942,39,Female,Bangalore,Silver,12,28616.43,2609.23,5,14,21,0.193,2,0,UPI,0
10943,51,Female,Hyderabad,Bronze,5,17026.41,3072.34,19,14,31,0.067,7,2,Credit Card,0
10944,64,Male,Chennai,Bronze,12,3712.13,300.0,21,15,30,0.012,3,0,Credit Card,0
10945,25,Male,Bangalore,Gold,10,18686.26,2024.7,103,17,39,0.559,7,2,Net Banking,0
10946,57,Male,Ahmedabad,Silver,3,1256.46,441.89,48,16,33,0.198,6,2,Debit Card,0
10947,61,Female,Pune,Platinum,9,18651.61,2089.68,36,13,29,0.412,1,0,COD,0
10948,36,Female,Hyderabad,Silver,13,51410.05,3720.65,21,16,39,0.698,8,5,Credit Card,0
10949,59,Male,Bangalore,Silver,11,14054.61,1638.38,21,13,34,0.912,4,1,UPI,0
10950,58,Male,Kolkata,Gold,11,22165.25,1942.52,66,15,30,0.347,4,1,UPI,1
10951,54,Female,Chennai,Platinum,7,20365.29,2795.74,91,12,37,0.34,4,2,Credit Card,1
10952,23,Female,Pune,Silver,19,58418.24,3094.41,43,11,32,0.417,9,4,Credit Card,0
10953,43,Female,Kolkata,Bronze,11,34979.74,3060.55,29,16,37,0.192,5,3,COD,0
10954,51,Female,Bangalore,Silver,6,14301.04,2233.59,133,26,36,0.531,4,1,UPI,1
10955,62,Male,Bangalore,Silver,4,12286.71,2713.42,57,11,33,0.121,8,1,UPI,0
10956,23,Female,Ahmedabad,Platinum,17,43609.92,2673.92,82,8,33,0.46,2,0,Net Banking,0
10957,54,Female,Kolkata,Silver,11,17067.04,1566.63,61,16,23,0.142,2,0,Debit Card,0
10958,50,Female,Chennai,Bronze,16,10139.02,624.06,140,12,39,0.399,6,0,COD,1
10959,39,Female,Hyderabad,Platinum,11,15075.67,1392.68,38,18,39,0.162,9,2,Net Banking,0
10960,38,Male,Pune,Gold,10,36582.24,3494.86,42,17,39,0.404,5,1,Debit Card,0
10961,23,Male,Ahmedabad,Bronze,11,45960.24,4191.89,38,14,34,0.462,5,2,UPI,0
10962,23,Female,Mumbai,Platinum,10,21217.28,2118.08,83,11,39,0.295,8,0,UPI,0
10963,65,Female,Delhi,Bronze,12,39508.73,3460.16,65,19,36,0.411,10,0,Debit Card,0
10964,21,Male,Hyderabad,Silver,7,10980.04,1932.34,34,18,33,0.404,4,1,COD,0
10965,47,Male,Ahmedabad,Platinum,10,25749.95,2514.13,75,11,35,0.081,5,2,Net Banking,1
10966,28,Female,Pune,Silver,13,21037.27,1647.22,31,15,29,0.419,6,2,UPI,0
10967,47,Female,Kolkata,Bronze,11,35830.53,3113.09,6,9,31,0.306,11,2,UPI,0
10968,48,Male,Bangalore,Silver,12,20553.99,1625.25,34,19,32,0.326,4,0,Debit Card,0
10969,41,Male,Kolkata,Gold,11,14552.48,1396.65,36,13,40,0.065,4,0,Debit Card,0
10970,26,Male,Ahmedabad,Bronze,12,30762.88,2242.08,34,12,34,0.096,3,1,Credit Card,0
10971,20,Male,Pune,Silver,5,16507.79,2935.09,122,12,31,0.558,4,3,Net Banking,1
10972,48,Male,Kolkata,Gold,9,21455.87,2347.29,62,10,39,0.641,4,4,COD,1
10973,57,Male,Kolkata,Bronze,20,38414.62,1777.88,22,15,32,0.288,5,1,Credit Card,0
10974,54,Female,Delhi,Gold,13,18651.17,1390.29,59,14,31,0.283,6,1,Credit Card,0
10975,53,Male,Chennai,Platinum,7,4453.39,681.8,16,18,31,0.29,6,0,COD,0
10976,41,Male,Ahmedabad,Silver,13,25814.58,1789.37,22,14,32,0.535,2,2,Debit Card,1
10977,48,Male,Delhi,Silver,10,20236.04,2062.38,32,18,31,0.285,6,3,UPI,0
10978,23,Male,Ahmedabad,Bronze,12,33153.54,2698.56,118,15,38,0.254,2,2,UPI,0
10979,19,Female,Mumbai,Silver,4,4373.68,1149.6,33,16,33,0.533,7,1,UPI,0
10980,37,Female,Mumbai,Gold,12,27124.58,2801.37,24,13,33,0.128,2,2,Credit Card,0
10981,45,Male,Delhi,Bronze,7,11540.15,1665.26,18,20,35,0.162,4,3,Debit Card,0
10982,28,Female,Hyderabad,Silver,13,23309.38,1737.61,26,21,25,0.185,5,2,Credit Card,0
10983,21,Female,Hyderabad,Silver,15,38939.06,3323.85,20,20,41,0.183,10,0,Net Banking,0
10984,32,Female,Kolkata,Silver,10,3021.92,300.0,60,18,40,0.508,5,0,COD,0
10985,23,Female,Kolkata,Bronze,10,9492.56,1095.85,56,9,31,0.317,5,0,Debit Card,0
10986,47,Female,Bangalore,Gold,7,18907.92,2241.08,29,13,48,0.533,4,1,UPI,0
10987,55,Female,Mumbai,Bronze,4,10042.17,2195.53,34,17,28,0.383,7,1,UPI,0
10988,19,Male,Ahmedabad,Gold,7,3812.24,668.21,28,18,43,0.587,2,1,COD,0
10989,32,Male,Bangalore,Silver,6,10124.58,1755.21,11,17,27,0.396,4,2,UPI,0
10990,28,Male,Mumbai,Silver,18,59568.07,3062.21,35,15,35,0.297,5,2,COD,0
10991,25,Male,Delhi,Bronze,11,13697.33,1153.45,31,17,30,0.196,1,3,Debit Card,0
10992,43,Male,Hyderabad,Gold,9,28395.88,3172.68,46,10,39,0.364,5,1,Debit Card,0
10993,62,Female,Kolkata,Bronze,15,24937.11,1555.46,15,15,39,0.253,4,0,UPI,0
10994,61,Male,Hyderabad,Bronze,10,5276.84,514.37,20,18,44,0.411,3,2,Debit Card,0
10995,22,Male,Delhi,Silver,9,25458.66,2937.18,39,8,26,0.073,6,1,COD,0
10996,23,Female,Bangalore,Gold,11,24596.59,2425.62,97,14,40,0.388,4,0,Credit Card,0
10997,43,Female,Bangalore,Bronze,11,9760.78,880.66,5,16,30,0.143,1,1,UPI,0
10998,21,Male,Pune,Bronze,10,17509.86,1711.5,39,14,39,0.29,3,2,Credit Card,0
10999,36,Female,Kolkata,Gold,16,66172.73,3752.47,26,16,39,0.449,6,1,Debit Card,0
11000,37,Female,Kolkata,Gold,15,47148.48,2792.52,57,15,26,0.164,6,0,Credit Card,0
11001,50,Female,Ahmedabad,Bronze,10,29783.86,3203.85,37,14,41,0.219,5,0,Credit Card,0
11002,37,Female,Kolkata,Silver,14,17052.52,1175.51,12,17,37,0.259,5,2,COD,0
11003,29,Male,Mumbai,Silver,12,38446.15,3302.75,18,20,34,0.274,3,1,UPI,0
11004,64,Female,Bangalore,Silver,12,11188.12,918.44,28,15,42,0.385,6,2,UPI,0
11005,18,Male,Delhi,Gold,19,19130.51,946.91,99,11,44,0.534,3,2,Net Banking,0
11006,43,Male,Bangalore,Bronze,13,35948.65,2951.61,16,16,32,0.056,6,0,Credit Card,0
11007,31,Female,Hyderabad,Gold,9,7300.77,1002.03,70,14,31,0.501,6,1,UPI,0
11008,55,Female,Mumbai,Silver,12,44676.31,3565.8,33,14,37,0.894,4,0,Net Banking,1
11009,54,Female,Kolkata,Silver,8,8661.33,1072.83,21,17,30,0.438,10,1,Net Banking,0
11010,28,Male,Ahmedabad,Gold,15,19936.99,1325.14,20,11,29,0.613,3,2,COD,0
11011,53,Female,Ahmedabad,Platinum,16,55645.74,3237.85,11,12,39,0.507,7,0,Debit Card,0
11012,30,Female,Ahmedabad,Bronze,14,22170.85,1641.32,94,13,37,0.484,5,1,Debit Card,1
11013,60,Female,Chennai,Bronze,11,35304.86,2915.64,16,14,40,0.541,3,4,COD,0
11014,20,Female,Pune,Bronze,9,11531.08,1197.95,35,15,41,0.087,5,2,UPI,0
11015,50,Female,Mumbai,Platinum,13,24646.02,1951.06,37,10,36,0.47,8,2,Credit Card,0
11016,23,Male,Hyderabad,Gold,16,51321.44,2866.78,47,16,35,0.383,2,0,Credit Card,1
11017,27,Female,Kolkata,Silver,11,17164.57,1438.85,22,14,37,0.803,6,3,Credit Card,0
11018,22,Female,Hyderabad,Bronze,14,39995.33,3120.45,19,18,36,0.542,6,1,UPI,0
11019,40,Female,Hyderabad,Gold,8,15462.98,1875.74,27,25,27,0.17,7,2,UPI,0
11020,27,Male,Kolkata,Gold,5,11519.63,2308.08,76,10,33,0.303,2,2,UPI,1
11021,61,Female,Hyderabad,Gold,11,13840.29,1297.6,144,19,31,0.199,8,1,UPI,1
11022,19,Male,Ahmedabad,Bronze,13,16819.62,1506.67,95,16,34,0.195,6,2,Debit Card,1
11023,30,Male,Delhi,Bronze,15,20999.63,1440.27,77,8,36,0.71,5,0,Credit Card,1
11024,57,Female,Pune,Silver,9,14139.33,1651.92,45,17,34,0.65,10,4,Net Banking,0
11025,19,Female,Chennai,Gold,9,27607.31,3591.58,75,11,38,0.246,2,1,UPI,0
11026,37,Female,Hyderabad,Bronze,10,30155.37,3208.71,70,20,48,0.142,4,1,Credit Card,0
11027,18,Male,Hyderabad,Silver,16,37088.39,2606.62,91,12,37,0.157,6,1,UPI,1
11028,54,Male,Bangalore,Bronze,11,18463.46,1607.24,63,14,32,0.419,5,1,UPI,0
11029,26,Male,Pune,Gold,9,11405.92,1442.13,43,20,32,0.09,4,0,UPI,0
11030,34,Male,Mumbai,Silver,10,14060.51,1327.35,25,15,34,0.289,5,2,Debit Card,0
11031,26,Male,Pune,Bronze,6,10611.75,1926.55,6,18,42,0.354,7,1,Net Banking,0
11032,28,Male,Pune,Silver,17,38479.66,2452.12,14,25,41,0.604,3,1,Credit Card,0
11033,32,Female,Kolkata,Silver,12,31441.14,2752.84,8,22,44,0.38,2,3,UPI,1
11034,41,Female,Kolkata,Bronze,11,23443.2,2212.97,66,14,31,0.092,4,2,COD,0
11035,55,Male,Kolkata,Gold,10,26490.98,2708.9,15,26,27,0.716,2,2,UPI,0
11036,52,Female,Chennai,Bronze,8,23294.01,3042.36,6,15,33,0.397,5,2,UPI,0
11037,47,Female,Ahmedabad,Bronze,8,13849.8,1865.42,15,23,38,0.723,8,1,UPI,0
11038,48,Male,Pune,Bronze,14,40985.82,3188.54,40,17,38,0.393,9,1,UPI,0
11039,22,Male,Chennai,Bronze,17,20463.59,1314.64,34,8,38,0.638,6,0,Debit Card,0
11040,61,Female,Hyderabad,Bronze,10,25657.81,2727.74,52,11,23,0.435,9,2,UPI,1
11041,31,Male,Kolkata,Bronze,11,23605.07,2228.77,15,22,30,0.145,2,3,UPI,0
11042,28,Male,Hyderabad,Silver,8,17920.23,2357.77,22,19,32,0.21,5,1,Credit Card,0
11043,26,Female,Kolkata,Bronze,13,24287.32,1868.98,109,20,36,0.705,4,0,UPI,1
11044,51,Male,Delhi,Gold,7,25046.77,3322.59,40,14,26,0.807,10,8,UPI,1
11045,29,Female,Chennai,Bronze,8,13487.14,1656.19,34,10,38,0.253,7,0,UPI,0
11046,52,Female,Chennai,Bronze,11,39558.7,3448.71,29,15,27,0.457,3,2,Credit Card,1
11047,52,Female,Ahmedabad,Bronze,15,41263.04,3454.63,47,13,31,0.066,7,0,UPI,0
11048,18,Female,Mumbai,Platinum,14,36908.65,2606.0,69,14,35,0.333,5,0,Debit Card,1
11049,57,Female,Bangalore,Silver,12,23174.53,1918.45,46,24,38,0.697,7,0,Credit Card,0
11050,39,Male,Pune,Gold,11,17276.72,1446.0,57,18,40,0.19,7,2,Credit Card,0
11051,46,Male,Mumbai,Bronze,9,4289.72,405.06,143,12,29,0.468,2,2,COD,0
11052,25,Male,Chennai,Gold,9,25644.81,2685.89,30,11,42,0.56,1,2,UPI,0
11053,28,Male,Mumbai,Bronze,12,15604.46,1199.65,49,17,29,0.418,4,0,COD,0
11054,58,Female,Delhi,Bronze,14,19086.04,1325.67,48,12,46,0.082,5,4,COD,0
11055,54,Female,Bangalore,Silver,8,24215.2,2695.91,62,13,39,0.189,6,2,Debit Card,0
11056,31,Male,Ahmedabad,Silver,11,20096.01,1813.1,180,16,38,0.442,3,3,UPI,1
11057,47,Female,Chennai,Platinum,14,32658.92,2395.84,43,11,39,0.321,5,3,Credit Card,0
11058,52,Male,Chennai,Bronze,8,21269.83,2614.52,31,20,35,0.337,12,2,UPI,0
11059,38,Male,Pune,Platinum,21,70990.4,3644.23,22,16,29,0.336,8,1,UPI,0
11060,54,Male,Ahmedabad,Silver,10,18289.1,2378.72,15,13,31,0.315,2,2,UPI,0
11061,22,Female,Ahmedabad,Silver,8,12667.36,1705.35,10,19,38,0.351,3,2,Credit Card,0
11062,36,Female,Kolkata,Bronze,21,49177.8,2132.43,165,17,40,0.157,7,1,COD,1
11063,31,Female,Bangalore,Bronze,14,24279.95,1679.92,21,23,26,0.519,8,0,Debit Card,0
11064,43,Female,Delhi,Platinum,11,47095.99,3891.78,28,23,38,0.473,4,1,Credit Card,0
11065,21,Male,Hyderabad,Silver,11,27895.15,2535.01,24,13,43,0.514,5,0,Credit Card,0
11066,42,Female,Mumbai,Gold,12,30340.64,2726.2,64,8,27,0.815,7,0,Net Banking,1
11067,62,Female,Ahmedabad,Platinum,10,34517.0,3417.25,14,12,36,0.64,2,0,Credit Card,0
11068,59,Female,Pune,Bronze,13,17718.54,1437.12,13,16,34,0.347,4,4,UPI,0
11069,42,Male,Chennai,Silver,11,9679.11,916.16,49,10,32,0.247,5,0,Credit Card,0
11070,35,Male,Hyderabad,Gold,12,28762.99,2179.53,47,28,38,0.691,1,3,Net Banking,0
11071,57,Female,Delhi,Bronze,9,9123.78,918.69,48,12,40,0.557,6,0,UPI,1
11072,25,Female,Bangalore,Bronze,16,28158.85,1830.0,77,19,29,0.704,4,3,Debit Card,0
11073,56,Female,Ahmedabad,Silver,8,2414.12,300.0,13,15,37,0.494,7,1,COD,0
11074,57,Female,Mumbai,Silver,9,9066.42,983.49,80,17,43,0.304,4,1,Credit Card,0
11075,31,Male,Ahmedabad,Gold,11,37864.85,3300.64,14,20,47,0.351,8,0,Credit Card,0
11076,49,Female,Pune,Bronze,10,26882.15,2564.17,7,11,34,0.094,7,1,UPI,0
11077,55,Female,Ahmedabad,Platinum,15,58677.33,3817.89,38,11,28,0.249,4,2,UPI,0
11078,50,Female,Ahmedabad,Bronze,8,18770.96,2171.98,15,11,32,0.127,6,1,Credit Card,0
11079,40,Male,Ahmedabad,Silver,9,19707.0,2137.42,31,20,37,0.496,1,0,COD,1
11080,32,Male,Chennai,Silver,13,28189.42,2393.93,75,15,34,0.202,9,2,COD,0
11081,50,Female,Chennai,Bronze,13,76801.33,5429.81,13,19,42,0.384,6,0,Credit Card,1
11082,42,Female,Hyderabad,Bronze,9,26772.17,3147.34,144,17,35,0.271,5,2,COD,1
11083,34,Female,Hyderabad,Gold,13,17475.62,1443.46,78,14,32,0.787,9,0,UPI,0
11084,50,Female,Mumbai,Platinum,7,18496.44,2566.61,24,14,38,0.389,5,3,COD,0
11085,64,Female,Bangalore,Bronze,13,30726.53,2337.31,44,10,32,0.412,4,0,COD,0
11086,19,Male,Delhi,Silver,14,43989.39,2848.81,18,19,34,0.111,8,1,COD,0
11087,31,Male,Kolkata,Silver,13,45503.7,3885.9,23,17,36,0.593,2,1,Net Banking,0
11088,57,Male,Bangalore,Bronze,11,31681.03,2729.0,64,15,33,0.085,10,4,Net Banking,0
11089,57,Female,Bangalore,Gold,20,32989.09,1866.32,41,21,37,0.307,5,0,UPI,0
11090,56,Male,Bangalore,Gold,13,52981.25,3877.91,74,8,32,0.337,2,3,Credit Card,0
11091,23,Male,Kolkata,Bronze,16,13849.71,1024.71,50,16,40,0.63,2,2,UPI,1
11092,23,Male,Mumbai,Platinum,8,19539.44,1955.96,63,18,30,0.3,0,1,Net Banking,0
11093,20,Female,Kolkata,Bronze,13,37894.42,3011.31,82,11,31,0.339,4,3,Credit Card,0
11094,24,Female,Mumbai,Gold,11,16666.25,1488.55,34,16,36,0.316,9,1,Credit Card,0
11095,25,Male,Kolkata,Silver,16,34634.43,2153.4,10,22,44,0.51,4,1,Debit Card,0
11096,59,Female,Delhi,Silver,13,18840.2,1568.81,27,14,30,0.225,4,2,UPI,0
11097,32,Male,Ahmedabad,Silver,11,24056.45,2165.49,101,8,34,0.355,6,1,Debit Card,1
11098,64,Male,Bangalore,Bronze,10,15497.47,1570.36,52,21,34,0.378,4,1,Credit Card,1
11099,46,Male,Ahmedabad,Gold,10,21892.17,2271.14,33,18,33,0.513,9,0,Credit Card,0
11100,50,Male,Mumbai,Gold,10,20178.67,1903.34,68,19,35,0.056,5,3,Net Banking,0
11101,47,Female,Kolkata,Bronze,14,41671.82,3394.52,95,14,40,0.567,5,0,Net Banking,0
11102,56,Female,Delhi,Gold,13,36404.77,2546.95,64,8,46,0.331,3,2,UPI,0
11103,44,Female,Kolkata,Bronze,11,31056.47,2864.32,83,20,38,0.142,4,1,Credit Card,0
11104,53,Female,Ahmedabad,Gold,16,34722.9,2329.88,95,13,29,0.157,4,2,UPI,0
11105,46,Male,Chennai,Bronze,9,17782.89,1809.02,72,17,32,0.196,6,5,COD,0
11106,55,Female,Delhi,Bronze,6,16311.41,2501.32,35,12,42,0.438,11,1,UPI,1
11107,50,Male,Bangalore,Bronze,17,36699.92,2382.51,28,19,35,0.308,6,3,UPI,0
11108,54,Female,Pune,Silver,14,4272.76,300.0,77,18,38,0.218,7,1,Debit Card,0
11109,44,Female,Bangalore,Silver,13,27844.03,2230.2,39,11,29,0.327,4,1,UPI,1
11110,50,Female,Pune,Silver,15,44968.66,2804.77,59,15,29,0.211,4,1,Credit Card,0
11111,21,Male,Delhi,Bronze,7,10125.35,1555.51,72,12,31,0.408,6,0,UPI,1
11112,39,Male,Chennai,Silver,14,38890.36,2980.77,120,23,35,0.38,5,1,Credit Card,1
11113,19,Male,Ahmedabad,Gold,10,24640.23,2520.03,42,17,43,0.331,4,2,Credit Card,0
11114,27,Male,Chennai,Gold,11,20231.08,1842.9,46,19,33,0.261,0,3,COD,0
11115,22,Female,Mumbai,Bronze,9,25884.29,2687.71,20,15,36,0.41,5,1,Credit Card,0
11116,27,Male,Chennai,Bronze,14,23039.08,1868.27,23,10,31,0.308,7,2,UPI,0
11117,50,Male,Hyderabad,Gold,16,35046.46,2449.12,25,12,29,0.611,3,2,Net Banking,1
11118,55,Female,Delhi,Bronze,12,23729.94,1966.07,64,17,36,0.787,10,0,Credit Card,0
11119,30,Female,Ahmedabad,Bronze,10,28624.0,2694.1,163,20,37,0.209,9,1,UPI,1
11120,48,Male,Ahmedabad,Bronze,12,42310.44,3412.14,19,12,29,0.549,6,1,COD,0
11121,64,Female,Mumbai,Silver,8,15890.19,1807.49,82,16,35,0.143,6,1,UPI,0
11122,53,Male,Ahmedabad,Silver,15,46369.17,3012.0,23,17,38,0.393,3,1,Credit Card,0
11123,62,Female,Chennai,Silver,16,30911.41,1930.93,23,15,29,0.518,5,3,COD,0
11124,41,Male,Delhi,Bronze,7,13937.89,1937.99,38,12,30,0.152,4,0,COD,0
11125,32,Male,Bangalore,Gold,10,19048.33,1844.26,34,18,35,0.436,8,0,Debit Card,0
11126,46,Male,Chennai,Bronze,15,8711.9,680.79,140,13,31,0.088,1,3,Credit Card,1
11127,25,Male,Kolkata,Gold,8,20647.81,2650.32,64,16,26,0.24,5,0,COD,0
11128,22,Male,Pune,Silver,13,34336.55,2455.64,74,18,45,0.483,4,3,UPI,0
11129,46,Female,Delhi,Silver,12,28287.43,2346.66,40,9,33,0.431,3,1,Net Banking,0
11130,64,Male,Ahmedabad,Bronze,8,25285.55,3599.07,33,12,38,0.224,5,1,UPI,0
11131,21,Male,Mumbai,Bronze,11,43756.8,3698.16,58,15,36,0.367,6,2,Credit Card,0
11132,29,Male,Bangalore,Silver,12,31886.76,3377.15,121,16,36,0.365,4,1,UPI,0
11133,62,Male,Hyderabad,Silver,11,19986.81,1988.2,24,10,36,0.399,4,1,COD,0
11134,19,Male,Bangalore,Bronze,18,34493.0,1942.55,7,14,33,0.237,6,1,Net Banking,0
11135,44,Female,Chennai,Platinum,9,11350.87,1283.66,52,16,38,0.197,4,0,UPI,0
11136,48,Female,Pune,Platinum,11,24096.79,2255.65,56,10,31,0.337,6,4,Net Banking,0
11137,53,Male,Bangalore,Silver,11,22823.67,2207.43,12,18,27,0.493,5,1,Debit Card,0
11138,53,Female,Hyderabad,Platinum,11,28881.88,2684.6,38,14,28,0.377,6,5,COD,0
11139,43,Male,Kolkata,Bronze,9,9450.67,1238.04,48,15,35,0.628,6,2,Debit Card,0
11140,60,Female,Mumbai,Bronze,18,29541.78,1863.16,17,17,28,0.18,9,1,Net Banking,0
11141,44,Female,Delhi,Bronze,11,7260.01,674.55,87,13,37,0.189,11,0,UPI,0
11142,22,Male,Pune,Silver,11,19774.47,1555.57,55,15,37,0.443,5,0,UPI,1
11143,37,Female,Hyderabad,Bronze,12,36204.77,3003.37,93,19,35,0.395,6,1,Debit Card,1
11144,28,Female,Ahmedabad,Platinum,12,16340.23,1208.72,23,13,32,0.349,5,2,Credit Card,0
11145,27,Male,Chennai,Bronze,10,38573.71,3769.58,24,21,33,0.25,9,4,COD,0
11146,57,Male,Chennai,Bronze,13,42557.92,3108.01,138,18,44,0.169,5,1,Credit Card,1
11147,55,Female,Chennai,Gold,16,40114.82,2651.12,30,10,29,0.395,3,2,Net Banking,0
11148,23,Female,Ahmedabad,Bronze,8,28580.92,3400.18,56,12,28,0.316,4,1,Credit Card,1
11149,25,Female,Ahmedabad,Bronze,21,47581.18,2091.07,68,21,19,0.517,7,0,COD,0
11150,40,Male,Pune,Silver,18,30964.66,1536.23,27,11,36,0.377,4,2,COD,0
11151,64,Female,Bangalore,Bronze,11,22551.02,2113.65,69,10,29,0.504,7,0,UPI,0
11152,43,Female,Pune,Bronze,10,5536.67,653.04,18,19,41,0.704,5,3,Debit Card,0
11153,63,Female,Chennai,Bronze,12,41003.47,3271.66,15,15,27,0.2,4,1,UPI,0
11154,60,Male,Kolkata,Silver,9,19206.88,1886.0,67,19,43,0.657,7,1,Credit Card,0
11155,29,Male,Hyderabad,Platinum,8,11612.08,1520.31,78,20,26,0.37,5,1,Debit Card,1
11156,43,Male,Delhi,Gold,10,15748.92,1624.41,68,21,39,0.158,1,1,COD,1
11157,30,Male,Delhi,Bronze,11,23838.89,2214.92,95,15,33,0.17,6,2,Debit Card,1
11158,57,Female,Pune,Silver,15,31670.1,2307.66,97,14,30,0.352,6,0,Net Banking,1
11159,35,Male,Chennai,Silver,12,21013.01,2068.51,6,14,44,0.595,4,1,Credit Card,0
11160,42,Female,Ahmedabad,Platinum,9,21311.44,2064.51,17,14,34,0.412,3,2,Credit Card,0
11161,50,Female,Mumbai,Bronze,12,32856.93,2694.78,45,20,35,0.348,1,0,Credit Card,0
11162,64,Female,Kolkata,Silver,11,12565.12,1211.19,49,16,32,0.106,5,3,Debit Card,0
11163,57,Female,Pune,Gold,16,41577.07,2402.67,16,9,37,0.263,6,2,Credit Card,0
11164,60,Male,Chennai,Platinum,13,23433.38,1913.92,69,11,40,0.404,6,1,UPI,0
11165,29,Male,Bangalore,Bronze,19,7963.39,401.81,41,13,34,0.395,7,1,UPI,0
11166,61,Male,Delhi,Bronze,18,22314.52,1225.03,117,12,35,0.537,3,2,Debit Card,1
11167,53,Male,Delhi,Bronze,10,14972.4,1487.22,81,13,37,0.079,3,2,Net Banking,0
11168,65,Male,Kolkata,Bronze,12,40543.21,3703.35,26,12,44,0.52,1,3,COD,0
11169,21,Female,Delhi,Silver,10,26020.88,2607.25,63,15,37,0.455,4,3,Credit Card,0
11170,22,Male,Mumbai,Gold,5,12902.8,2443.89,10,15,36,0.398,3,0,UPI,0
11171,54,Male,Chennai,Silver,8,15102.77,1761.73,54,15,33,0.188,4,1,Net Banking,1
11172,25,Male,Chennai,Bronze,16,26765.81,1738.89,77,17,32,0.719,5,2,Credit Card,0
11173,59,Male,Kolkata,Bronze,13,14975.57,1135.41,17,12,37,0.32,3,0,UPI,0
11174,45,Female,Chennai,Bronze,14,25632.82,1906.23,47,20,42,0.296,8,1,Debit Card,0
11175,48,Female,Ahmedabad,Bronze,18,58524.73,3438.05,16,16,40,0.395,3,3,Net Banking,0
11176,26,Female,Kolkata,Gold,9,8785.98,1013.69,21,19,38,0.345,8,0,UPI,0
11177,46,Female,Chennai,Bronze,8,13474.21,1672.21,10,17,36,0.536,4,0,Credit Card,0
11178,31,Female,Mumbai,Bronze,13,42770.89,3033.57,28,17,34,0.202,1,3,Debit Card,0
11179,57,Male,Hyderabad,Silver,10,31454.25,3031.13,42,13,30,0.331,6,1,UPI,0
11180,58,Female,Pune,Silver,17,23115.15,1551.51,55,19,39,0.509,4,3,Credit Card,0
11181,39,Female,Pune,Silver,12,38538.7,3247.26,32,17,24,0.413,1,2,Debit Card,0
11182,28,Female,Chennai,Gold,15,29147.5,1808.77,18,15,47,0.383,8,1,Net Banking,0
11183,40,Male,Bangalore,Bronze,8,8608.51,1165.67,60,14,36,0.327,10,1,UPI,1
11184,18,Male,Delhi,Gold,16,44867.15,3548.48,97,18,35,0.227,5,1,UPI,0
11185,63,Female,Mumbai,Bronze,17,39564.17,2282.76,16,12,40,0.186,6,2,Debit Card,0
11186,54,Male,Bangalore,Bronze,18,40209.12,2048.92,104,16,28,0.429,4,0,Credit Card,1
11187,38,Male,Ahmedabad,Platinum,14,34487.11,2357.35,8,17,38,0.725,3,2,Net Banking,0
11188,43,Female,Bangalore,Bronze,15,22280.41,1327.07,88,15,38,0.041,4,0,UPI,0
11189,63,Male,Chennai,Silver,12,20837.15,1694.29,45,11,26,0.316,8,1,UPI,0
11190,53,Male,Mumbai,Bronze,6,19749.02,3493.21,49,19,38,0.189,6,1,Debit Card,0
11191,40,Male,Pune,Silver,20,75006.39,3873.22,23,14,33,0.422,3,2,Net Banking,0
11192,18,Female,Delhi,Gold,14,16481.82,1198.15,78,21,33,0.051,3,1,Credit Card,0
11193,57,Female,Pune,Platinum,8,15305.25,1849.58,30,11,40,0.627,11,0,Credit Card,0
11194,32,Female,Bangalore,Gold,11,22128.86,2203.95,67,21,33,0.204,3,3,UPI,0
11195,38,Male,Ahmedabad,Silver,15,33865.65,2380.62,39,18,39,0.464,2,0,UPI,0
11196,64,Female,Delhi,Bronze,12,17534.7,1344.65,34,12,37,0.323,5,1,COD,0
11197,26,Male,Hyderabad,Gold,13,30467.97,2785.4,56,17,41,0.416,4,0,UPI,0
11198,26,Male,Bangalore,Gold,12,30317.78,2853.39,42,16,28,0.502,5,0,UPI,1
11199,27,Male,Pune,Bronze,9,21545.87,2965.28,53,16,36,0.189,6,1,Credit Card,1
11200,43,Female,Pune,Silver,12,28466.32,2877.22,31,17,20,0.605,5,3,COD,0
11201,58,Female,Chennai,Gold,9,22887.12,2273.11,15,17,41,0.686,5,1,Credit Card,1
11202,52,Female,Pune,Silver,9,25817.52,3091.5,45,18,32,0.178,6,1,UPI,0
11203,42,Female,Mumbai,Bronze,7,19593.04,2689.66,51,21,43,0.455,0,1,UPI,1
11204,43,Male,Bangalore,Gold,10,9349.25,864.51,75,15,35,0.441,3,3,Credit Card,0
11205,28,Female,Kolkata,Bronze,12,11506.45,870.84,105,14,38,0.293,9,1,Credit Card,0
11206,55,Male,Kolkata,Bronze,17,41580.2,2477.72,15,19,51,0.416,7,3,UPI,0
11207,19,Female,Ahmedabad,Gold,13,45492.97,3357.24,84,16,23,0.25,7,0,Credit Card,0
11208,24,Female,Delhi,Silver,16,41747.3,2601.44,18,15,35,0.043,3,0,UPI,0
11209,35,Female,Pune,Gold,12,32652.01,2729.48,38,13,29,0.131,5,3,UPI,0
11210,44,Male,Chennai,Bronze,11,13017.97,1246.82,19,8,27,0.494,6,0,Credit Card,0
11211,51,Male,Chennai,Bronze,9,21165.12,2260.61,46,14,49,0.365,5,0,Credit Card,0
11212,44,Male,Pune,Bronze,12,43108.78,3227.9,19,11,37,0.351,5,4,UPI,0
11213,34,Male,Mumbai,Platinum,12,31493.68,2601.23,8,14,43,0.504,7,2,UPI,0
11214,60,Male,Chennai,Silver,12,30831.35,2294.18,27,18,39,0.631,6,1,Credit Card,0
11215,61,Female,Kolkata,Bronze,6,18765.0,2734.71,66,16,24,0.332,6,1,Credit Card,0
11216,41,Male,Delhi,Bronze,7,17027.72,2403.89,20,16,35,0.475,1,1,COD,0
11217,42,Male,Bangalore,Bronze,11,38253.82,3257.08,44,17,33,0.206,1,1,UPI,0
11218,24,Male,Hyderabad,Silver,4,9432.98,2403.21,37,15,43,0.579,2,1,Credit Card,0
11219,23,Male,Mumbai,Bronze,20,45325.91,2172.33,26,21,24,0.187,0,0,Debit Card,0
11220,41,Female,Ahmedabad,Silver,9,10451.96,1257.37,21,12,37,0.538,5,0,UPI,0
11221,50,Male,Ahmedabad,Silver,10,34019.88,3292.95,19,7,34,0.586,3,0,Credit Card,0
11222,46,Female,Chennai,Gold,8,10816.36,1353.62,55,19,32,0.37,4,1,Credit Card,0
11223,60,Female,Bangalore,Gold,13,28661.17,2413.73,45,8,41,0.098,3,1,Net Banking,0
11224,39,Female,Hyderabad,Silver,12,36916.78,2920.86,64,15,29,0.74,6,3,UPI,1
11225,43,Male,Ahmedabad,Bronze,16,62399.85,3810.4,33,10,37,0.262,6,1,Credit Card,0
11226,45,Female,Pune,Gold,12,23780.23,2403.97,47,11,28,0.006,3,2,Credit Card,0
11227,38,Male,Pune,Gold,14,48404.2,3452.16,52,15,34,0.309,5,2,Debit Card,0
11228,24,Male,Delhi,Bronze,5,12094.42,2224.65,67,10,32,0.486,5,2,UPI,0
11229,34,Male,Hyderabad,Platinum,9,13931.46,1695.62,38,17,32,0.284,7,2,Credit Card,0
11230,37,Male,Pune,Bronze,11,51051.34,4689.78,23,10,28,0.527,3,1,UPI,0
11231,58,Male,Ahmedabad,Bronze,13,12389.73,1103.72,74,26,25,0.437,3,2,Credit Card,0
11232,37,Female,Pune,Bronze,8,36386.77,4829.19,71,19,34,0.814,4,1,UPI,0
11233,39,Female,Kolkata,Platinum,17,65233.92,3665.53,43,8,39,0.574,7,2,COD,0
11234,45,Male,Chennai,Silver,11,20624.98,1682.68,29,23,40,0.236,5,3,COD,0
11235,57,Female,Ahmedabad,Gold,9,23440.13,2784.86,48,17,34,0.314,7,1,COD,0
11236,24,Male,Ahmedabad,Bronze,9,8145.07,942.02,16,14,30,0.198,1,2,UPI,0
11237,18,Female,Ahmedabad,Silver,14,37918.35,2733.73,41,19,29,0.378,6,1,UPI,1
11238,49,Female,Delhi,Silver,9,22365.74,2489.89,69,9,36,0.236,7,0,UPI,0
11239,30,Female,Bangalore,Gold,9,26586.55,2979.83,27,20,32,0.262,6,2,Debit Card,0
11240,47,Female,Ahmedabad,Bronze,10,18378.38,1836.42,34,16,43,0.465,4,2,COD,0
11241,40,Female,Pune,Bronze,8,17476.75,2343.12,96,19,37,0.278,6,2,Credit Card,0
11242,36,Male,Kolkata,Bronze,16,40300.06,2628.65,44,19,30,0.277,10,0,COD,0
11243,49,Male,Ahmedabad,Gold,11,20489.9,1760.38,62,12,42,0.517,3,2,UPI,0
11244,47,Female,Mumbai,Silver,10,37147.41,3465.49,12,15,34,0.254,4,3,Credit Card,0
11245,46,Male,Mumbai,Silver,20,45231.73,2317.12,65,19,42,0.157,2,2,COD,0
11246,62,Female,Bangalore,Silver,15,38311.79,2509.94,80,14,39,0.07,9,0,COD,0
11247,46,Male,Hyderabad,Platinum,8,12213.71,1450.5,17,18,39,0.586,4,2,UPI,0
11248,47,Female,Delhi,Gold,13,9620.54,713.79,12,9,38,0.4,3,3,Credit Card,0
11249,33,Female,Kolkata,Gold,16,16558.36,988.29,56,16,33,0.21,9,1,UPI,0
11250,57,Female,Chennai,Bronze,8,19281.73,2736.68,20,15,30,0.317,2,1,Debit Card,0
11251,36,Male,Kolkata,Bronze,13,16940.32,1488.74,10,15,24,0.284,3,1,UPI,0
11252,35,Male,Mumbai,Platinum,13,38173.25,2855.99,39,9,42,0.259,8,1,Net Banking,0
11253,18,Female,Mumbai,Silver,8,26042.43,3689.27,44,19,29,0.267,6,1,UPI,0
11254,31,Female,Bangalore,Bronze,11,37533.85,2893.88,125,12,37,0.183,6,1,Credit Card,1
11255,64,Male,Hyderabad,Silver,16,42709.12,2583.68,42,10,44,0.353,8,1,UPI,0
11256,19,Male,Hyderabad,Platinum,15,44159.54,2790.11,45,19,34,0.458,3,1,Credit Card,0
11257,45,Male,Bangalore,Silver,13,41479.95,3193.62,16,17,35,0.569,5,1,Net Banking,0
11258,47,Male,Ahmedabad,Silver,15,33308.73,2480.55,37,19,31,0.399,4,0,COD,0
11259,55,Male,Kolkata,Gold,14,43467.05,2797.33,37,13,33,0.232,4,2,UPI,0
11260,21,Female,Mumbai,Silver,14,25440.41,1691.13,78,17,28,0.391,6,1,COD,0
11261,18,Male,Kolkata,Bronze,12,15279.24,1321.41,39,12,27,0.086,5,2,Credit Card,1
11262,25,Female,Kolkata,Platinum,15,31239.71,1744.79,56,19,36,0.424,10,1,UPI,0
11263,46,Female,Delhi,Platinum,16,27945.23,1906.28,42,11,42,0.343,6,2,COD,0
11264,56,Male,Mumbai,Gold,6,13277.39,1869.55,49,15,32,0.366,2,2,Credit Card,1
11265,20,Male,Hyderabad,Gold,12,40701.82,3231.98,16,18,32,0.241,7,2,Net Banking,0
11266,49,Female,Chennai,Bronze,14,4664.81,300.0,41,16,26,0.248,6,2,UPI,0
11267,27,Male,Kolkata,Platinum,14,29095.14,2007.64,33,19,32,0.186,6,1,UPI,0
11268,27,Female,Mumbai,Bronze,7,18312.17,2868.95,127,21,28,0.204,6,3,Debit Card,1
11269,36,Male,Kolkata,Gold,10,28738.17,2836.09,39,16,35,0.597,7,1,UPI,0
11270,63,Male,Delhi,Platinum,8,11462.49,1462.96,39,12,31,0.307,1,1,UPI,0
11271,51,Male,Ahmedabad,Silver,17,64044.57,3764.85,50,22,21,0.52,5,0,Credit Card,0
11272,50,Female,Pune,Gold,10,9842.59,954.62,16,16,30,0.248,3,1,Debit Card,0
11273,40,Male,Mumbai,Gold,12,21536.97,1885.03,97,17,35,0.385,3,0,UPI,1
11274,45,Female,Bangalore,Bronze,9,17065.41,1921.15,33,10,41,0.269,6,0,Credit Card,0
11275,49,Male,Pune,Gold,14,26297.44,1912.13,29,11,31,0.581,8,3,Debit Card,0
11276,24,Female,Kolkata,Bronze,13,43993.46,3423.73,36,13,45,0.232,4,1,Debit Card,0
11277,46,Male,Bangalore,Silver,15,33734.98,2214.37,29,8,41,0.296,8,3,UPI,0
11278,25,Female,Bangalore,Bronze,11,28947.72,2487.8,32,15,36,0.269,6,1,COD,0
11279,18,Female,Bangalore,Silver,11,33038.82,2991.39,16,18,37,0.182,4,0,UPI,0
11280,20,Female,Mumbai,Gold,16,24194.08,1624.38,19,20,34,0.616,4,2,Credit Card,0
11281,41,Female,Hyderabad,Platinum,9,18503.25,2060.74,102,17,27,0.068,9,3,UPI,1
11282,40,Female,Kolkata,Bronze,18,78765.78,3708.46,40,7,36,0.388,7,3,Debit Card,0
11283,25,Female,Pune,Silver,15,34632.25,2540.42,45,16,46,0.346,8,1,Credit Card,0
11284,64,Male,Delhi,Silver,15,19548.78,1214.52,14,14,39,0.24,5,0,Credit Card,0
11285,54,Female,Hyderabad,Platinum,11,14451.86,1429.28,32,14,48,0.271,2,3,Debit Card,1
11286,20,Female,Kolkata,Silver,17,53036.19,3002.74,24,17,25,0.561,6,3,Credit Card,0
11287,50,Female,Ahmedabad,Gold,12,14683.29,1183.47,40,15,41,0.41,5,2,Debit Card,0
11288,45,Male,Ahmedabad,Platinum,8,14116.96,1774.31,70,14,33,0.279,4,1,COD,0
11289,64,Male,Mumbai,Silver,11,24183.42,2382.97,50,11,37,0.401,7,2,UPI,0
11290,25,Male,Bangalore,Platinum,15,35826.48,2212.26,105,15,33,0.704,7,0,Credit Card,1
11291,51,Female,Delhi,Platinum,11,40494.43,3534.9,18,15,27,0.472,5,0,Debit Card,0
11292,52,Male,Kolkata,Platinum,12,3854.06,300.0,22,12,32,0.276,3,2,Debit Card,0
11293,49,Male,Pune,Bronze,8,19789.07,2633.75,39,20,35,0.51,3,3,Credit Card,0
11294,41,Female,Kolkata,Silver,12,23400.78,1945.68,39,16,35,0.1,8,0,UPI,0
11295,31,Female,Hyderabad,Gold,14,43774.15,3385.31,73,12,35,0.116,10,1,UPI,0
11296,49,Male,Ahmedabad,Silver,10,20268.41,1987.94,43,14,45,0.127,2,1,Net Banking,0
11297,63,Female,Chennai,Silver,10,19696.99,2014.02,24,11,30,0.623,3,1,UPI,0
11298,60,Female,Hyderabad,Bronze,14,31441.46,2196.33,93,13,33,0.346,4,5,Credit Card,0
11299,33,Female,Kolkata,Bronze,11,16380.07,1604.97,51,17,30,0.573,3,2,Credit Card,0
11300,21,Female,Delhi,Silver,14,21187.77,1668.18,59,17,46,0.1,3,2,Net Banking,0
11301,54,Male,Kolkata,Silver,7,14074.19,2065.94,40,15,32,0.133,1,2,UPI,1
11302,38,Female,Kolkata,Silver,11,45295.53,3680.48,26,10,39,0.257,3,0,COD,1
11303,31,Male,Mumbai,Silver,14,23856.71,1757.79,51,12,29,0.407,4,1,UPI,0
11304,48,Male,Pune,Silver,10,17056.35,1581.25,95,9,42,0.308,5,2,UPI,0
11305,65,Male,Delhi,Gold,13,24828.0,1839.87,30,7,32,0.6,5,2,Net Banking,0
11306,35,Male,Kolkata,Silver,12,25821.87,2203.06,75,16,29,0.147,3,0,UPI,0
11307,24,Female,Bangalore,Silver,12,47771.78,3813.2,14,12,35,0.246,5,2,UPI,0
11308,27,Female,Pune,Silver,6,9673.5,1512.59,104,17,32,0.095,6,0,COD,1
11309,24,Female,Hyderabad,Bronze,10,42834.93,4449.18,48,13,44,0.422,6,0,COD,0
11310,50,Male,Delhi,Silver,6,14890.21,2607.07,45,14,39,0.373,4,5,UPI,0
11311,40,Male,Hyderabad,Silver,12,15426.2,1299.71,129,17,38,0.301,10,1,UPI,1
11312,38,Male,Ahmedabad,Silver,12,21329.49,1707.47,99,17,29,0.349,7,4,UPI,1
11313,36,Female,Kolkata,Bronze,16,6581.12,457.2,86,16,35,0.372,5,2,Debit Card,1
11314,65,Male,Hyderabad,Gold,8,19975.92,2296.01,30,10,29,0.407,6,0,COD,1
11315,36,Female,Hyderabad,Bronze,19,53111.43,3146.38,8,15,31,0.535,3,0,UPI,0
11316,53,Female,Mumbai,Platinum,12,24473.95,2227.98,21,10,35,0.472,2,1,Net Banking,0
11317,46,Female,Hyderabad,Bronze,11,33132.63,2922.53,45,13,33,0.112,4,3,UPI,1
11318,35,Female,Bangalore,Platinum,12,32507.52,2585.64,41,15,43,0.695,3,5,Debit Card,1
11319,19,Male,Bangalore,Silver,11,38352.12,3289.12,30,17,41,0.379,4,2,UPI,0
11320,18,Female,Pune,Silver,15,19951.04,1318.24,19,20,39,0.352,4,2,COD,0
11321,64,Male,Kolkata,Bronze,20,62121.51,2994.59,19,14,44,0.208,7,0,Net Banking,0
11322,22,Female,Chennai,Bronze,6,24076.54,3898.1,23,7,31,0.454,7,1,UPI,1
11323,37,Male,Ahmedabad,Bronze,15,69296.75,4508.77,39,14,43,0.365,5,2,Credit Card,0
11324,28,Male,Hyderabad,Bronze,17,60011.27,3478.29,85,18,37,0.561,8,0,COD,0
11325,59,Female,Hyderabad,Gold,17,44680.03,2354.32,76,13,29,0.495,7,2,Net Banking,0
11326,19,Female,Delhi,Bronze,17,26060.85,1331.25,11,15,31,0.325,6,0,Credit Card,0
11327,20,Female,Mumbai,Gold,13,21332.35,1465.04,16,23,43,0.259,4,0,Credit Card,0
11328,40,Male,Chennai,Bronze,9,18691.73,2044.14,53,12,25,0.274,5,2,UPI,0
11329,29,Female,Pune,Platinum,15,62272.04,3873.93,53,15,41,0.169,5,2,UPI,0
11330,37,Female,Ahmedabad,Silver,17,28409.12,1722.67,69,18,19,0.502,7,1,COD,1
11331,22,Male,Chennai,Bronze,11,33024.56,2361.64,21,11,34,0.206,3,2,Credit Card,1
11332,54,Female,Hyderabad,Silver,15,44563.0,3046.69,80,15,29,0.546,4,1,COD,1
11333,55,Male,Delhi,Bronze,17,5103.81,300.0,9,18,36,0.425,7,1,Credit Card,0
11334,47,Female,Kolkata,Bronze,19,26237.01,1242.93,8,11,41,0.162,8,1,Net Banking,0
11335,26,Male,Mumbai,Silver,11,41477.24,3957.85,48,12,34,0.464,7,3,UPI,0
11336,51,Male,Kolkata,Gold,16,49245.4,3138.61,29,9,20,0.227,9,0,UPI,0
11337,61,Female,Pune,Platinum,17,53778.85,3144.68,34,15,41,0.066,6,2,Credit Card,0
11338,52,Male,Chennai,Silver,14,19173.26,1354.46,39,11,29,0.575,2,3,COD,1
11339,39,Female,Pune,Platinum,7,27251.64,3506.35,19,15,37,0.17,5,3,Credit Card,0
11340,61,Female,Hyderabad,Platinum,11,17008.93,1464.75,36,16,38,0.23,2,1,Debit Card,0
11341,41,Male,Pune,Gold,12,26634.63,2282.39,15,17,31,0.164,3,2,Debit Card,0
11342,34,Female,Kolkata,Silver,6,17197.43,2825.22,29,13,37,0.62,4,1,Net Banking,0
11343,27,Male,Delhi,Bronze,13,38785.52,2949.6,29,19,39,0.115,7,4,Credit Card,0
11344,47,Male,Pune,Bronze,16,38991.13,2644.19,50,20,34,0.068,4,0,Credit Card,0
11345,63,Male,Bangalore,Silver,11,20652.91,2019.16,83,11,48,0.525,5,0,UPI,0
11346,40,Male,Delhi,Silver,15,8738.97,537.17,51,14,44,0.338,5,3,UPI,0
11347,49,Male,Chennai,Bronze,15,32830.88,2274.12,81,16,35,0.337,5,1,UPI,1
11348,34,Male,Mumbai,Silver,10,3089.79,300.0,7,23,37,0.639,5,3,COD,0
11349,34,Male,Mumbai,Bronze,10,26201.1,2710.82,83,19,39,0.125,3,2,Credit Card,0
11350,31,Male,Hyderabad,Gold,16,18668.61,1319.21,59,17,38,0.363,3,0,UPI,1
11351,26,Female,Hyderabad,Bronze,10,17578.5,2056.42,29,12,37,0.098,3,2,Credit Card,0
11352,57,Female,Bangalore,Silver,13,22403.21,1739.62,19,12,38,0.833,5,1,Credit Card,0
11353,19,Male,Chennai,Gold,13,36005.58,2709.41,13,13,34,0.51,4,1,UPI,0
11354,62,Female,Kolkata,Bronze,8,12847.22,1488.91,21,11,31,0.393,3,0,Debit Card,0
11355,42,Female,Mumbai,Silver,13,30382.58,2430.59,33,16,30,0.372,5,3,Credit Card,1
11356,56,Female,Mumbai,Gold,12,31771.0,2366.09,84,20,25,0.411,7,4,Credit Card,0
11357,26,Female,Mumbai,Bronze,13,27117.01,2259.19,9,18,39,0.73,7,1,COD,1
11358,39,Female,Kolkata,Bronze,17,46679.99,2553.41,37,14,29,0.049,4,3,COD,0
11359,60,Female,Mumbai,Bronze,12,13940.02,1117.76,13,8,35,0.229,2,1,Debit Card,0
11360,63,Male,Pune,Silver,6,6507.39,1150.7,21,13,28,0.453,4,2,Net Banking,0
11361,21,Female,Chennai,Silver,15,50855.76,3490.13,36,14,37,0.636,6,3,COD,1
11362,43,Female,Delhi,Bronze,13,10987.36,814.11,11,12,36,0.183,6,3,UPI,0
11363,46,Female,Delhi,Silver,17,73825.43,4149.71,116,16,30,0.398,2,0,Debit Card,0
11364,62,Female,Bangalore,Bronze,17,39157.58,2076.01,48,18,35,0.297,3,0,UPI,0
11365,51,Male,Pune,Gold,9,14281.16,1434.57,49,15,30,0.452,3,2,UPI,0
11366,40,Male,Mumbai,Bronze,10,32850.96,2975.03,43,17,30,0.58,2,1,Net Banking,0
11367,54,Male,Mumbai,Gold,10,16147.47,1693.99,68,15,35,0.241,2,1,COD,0
11368,28,Male,Hyderabad,Silver,12,27769.25,2504.38,51,16,37,0.159,4,1,UPI,0
11369,23,Female,Hyderabad,Gold,11,34460.09,3318.77,68,19,32,0.18,7,1,UPI,0
11370,35,Male,Bangalore,Silver,11,30692.39,2841.93,43,16,34,0.224,2,1,Net Banking,1
11371,38,Male,Mumbai,Silver,13,31465.9,2583.84,50,18,34,0.123,5,1,UPI,0
11372,59,Male,Bangalore,Silver,13,33763.99,2789.17,22,20,35,0.142,8,3,Credit Card,0
11373,53,Male,Pune,Gold,12,24844.13,2236.07,67,9,33,0.633,7,1,Net Banking,1
11374,58,Female,Delhi,Silver,16,50421.65,2929.99,53,13,36,0.412,4,2,UPI,0
11375,55,Male,Mumbai,Silver,13,16587.51,1234.5,67,11,37,0.755,8,3,UPI,0
11376,51,Female,Chennai,Silver,12,42087.76,3513.2,22,19,31,0.325,10,1,COD,0
11377,34,Male,Kolkata,Gold,13,23933.64,2059.41,40,15,41,0.427,2,1,UPI,0
11378,54,Female,Pune,Gold,9,22946.28,2359.46,94,14,37,0.12,4,1,Debit Card,0
11379,42,Female,Mumbai,Bronze,14,24117.07,1917.8,28,18,39,0.473,6,1,UPI,0
11380,55,Male,Kolkata,Gold,13,37660.74,2745.5,71,14,39,0.637,7,2,UPI,0
11381,29,Male,Chennai,Silver,22,66705.15,3148.71,55,13,40,0.177,4,0,UPI,0
11382,40,Male,Hyderabad,Platinum,7,8232.0,1307.14,36,14,35,0.344,5,5,Credit Card,0
11383,59,Male,Bangalore,Gold,12,25058.77,2137.65,54,17,37,0.159,4,1,UPI,0
11384,39,Female,Hyderabad,Silver,16,34428.05,2352.87,93,19,34,0.149,5,0,Net Banking,0
11385,38,Female,Delhi,Bronze,10,25654.88,2592.69,16,13,33,0.55,4,1,UPI,0
11386,44,Male,Hyderabad,Gold,16,33790.05,1937.6,43,5,35,0.211,5,3,UPI,0
11387,48,Male,Mumbai,Silver,8,13813.89,1811.24,64,14,36,0.138,5,0,UPI,0
11388,23,Female,Chennai,Platinum,13,36482.07,2997.49,134,18,42,0.173,4,4,COD,1
11389,44,Male,Hyderabad,Bronze,10,27381.56,2657.77,18,13,37,0.392,6,0,Net Banking,0
11390,57,Female,Mumbai,Bronze,9,16717.87,2393.92,26,14,42,0.145,7,1,Credit Card,0
11391,51,Male,Delhi,Bronze,7,24910.93,3324.46,68,16,42,0.315,6,2,COD,0
11392,29,Female,Kolkata,Silver,10,10290.25,996.05,35,13,37,0.287,11,3,COD,0
11393,62,Female,Chennai,Platinum,13,39960.16,2918.61,26,19,41,0.527,5,1,Debit Card,0
11394,24,Female,Hyderabad,Bronze,13,31088.86,2536.26,75,18,29,0.588,4,1,COD,0
11395,27,Female,Bangalore,Gold,14,11324.77,890.57,19,18,35,0.052,6,0,Debit Card,0
11396,62,Female,Bangalore,Gold,16,58543.83,3249.69,42,12,30,0.274,4,2,Debit Card,0
11397,34,Male,Chennai,Gold,16,45556.6,2730.88,81,19,23,0.274,2,2,UPI,0
11398,43,Female,Bangalore,Silver,12,32348.08,2851.01,45,20,30,0.182,8,2,Credit Card,0
11399,38,Male,Hyderabad,Gold,14,26880.83,1926.71,35,18,28,0.209,8,1,UPI,0
11400,45,Female,Hyderabad,Bronze,11,27837.31,2886.33,81,12,31,0.45,5,1,Debit Card,0
11401,63,Female,Chennai,Gold,15,26258.66,1542.15,46,12,33,0.526,2,3,Debit Card,1
11402,19,Male,Hyderabad,Bronze,10,9449.46,989.12,127,14,35,0.101,8,2,COD,1
11403,60,Male,Kolkata,Silver,13,25128.57,2188.25,121,16,38,0.509,3,1,Credit Card,1
11404,18,Male,Mumbai,Gold,13,38186.35,2807.51,34,10,51,0.605,4,1,UPI,1
11405,53,Male,Delhi,Bronze,12,39809.73,3113.43,84,21,34,0.262,3,3,Credit Card,0
11406,43,Female,Kolkata,Bronze,10,25443.35,2335.62,34,24,30,0.554,4,0,Net Banking,0
11407,46,Male,Kolkata,Gold,15,32385.73,2266.18,7,13,32,0.074,9,1,COD,0
11408,38,Female,Bangalore,Silver,9,28309.5,3112.89,36,18,38,0.215,4,1,Net Banking,0
11409,28,Male,Mumbai,Silver,13,23501.6,1899.46,48,23,36,0.348,6,0,Credit Card,0
11410,57,Male,Chennai,Bronze,9,16010.5,1694.09,89,14,31,0.731,6,2,COD,0
11411,28,Female,Ahmedabad,Bronze,8,29200.22,3656.41,22,14,33,0.786,6,2,UPI,0
11412,53,Female,Bangalore,Silver,9,19884.84,1950.01,101,16,44,0.297,4,0,Net Banking,1
11413,56,Male,Mumbai,Bronze,14,42669.09,3024.95,95,14,39,0.292,7,2,Net Banking,0
11414,57,Female,Hyderabad,Platinum,18,65946.32,3423.67,13,19,31,0.469,12,1,Net Banking,0
11415,52,Female,Chennai,Bronze,12,29562.94,2389.01,21,15,42,0.134,7,3,UPI,0
11416,51,Female,Ahmedabad,Silver,13,27943.52,2437.47,27,4,38,0.406,4,0,Credit Card,0
11417,64,Female,Chennai,Bronze,11,39998.35,3818.02,119,18,33,0.306,4,2,Debit Card,1
11418,41,Female,Ahmedabad,Bronze,18,17179.31,1022.82,25,16,40,0.559,7,0,Net Banking,0
11419,39,Female,Ahmedabad,Gold,9,9047.62,1007.56,36,14,42,0.624,9,1,Credit Card,0
11420,22,Female,Bangalore,Silver,10,29681.73,2933.98,8,14,41,0.234,8,0,Debit Card,0
11421,50,Female,Hyderabad,Bronze,12,23676.52,1832.12,56,15,32,0.416,5,2,Credit Card,0
11422,53,Male,Bangalore,Bronze,11,28456.23,2975.35,19,20,40,0.394,7,1,COD,0
11423,64,Female,Ahmedabad,Bronze,19,46144.65,2149.22,85,6,46,0.628,3,3,UPI,1
11424,37,Male,Ahmedabad,Gold,14,40795.17,2949.49,56,15,28,0.159,4,3,Credit Card,0
11425,36,Female,Pune,Silver,14,21428.25,1406.69,66,21,35,0.401,4,2,COD,1
11426,52,Female,Mumbai,Bronze,12,31326.5,2751.81,37,15,38,0.157,6,4,Credit Card,1
11427,60,Female,Pune,Silver,11,18050.57,1749.13,31,14,53,0.389,6,1,UPI,0
11428,34,Female,Mumbai,Gold,12,34621.43,2848.21,37,12,37,0.444,3,5,Credit Card,0
11429,62,Male,Delhi,Gold,12,44832.46,4328.14,22,13,43,0.183,6,1,Credit Card,0
11430,60,Male,Kolkata,Platinum,12,20041.16,1475.96,26,10,34,0.424,4,1,UPI,0
11431,51,Female,Chennai,Bronze,7,14876.75,1881.32,46,15,34,0.278,6,4,COD,0
11432,26,Male,Bangalore,Bronze,7,13017.64,2085.03,50,16,34,0.024,5,0,Credit Card,1
11433,43,Female,Delhi,Bronze,9,23758.63,2490.48,35,14,29,0.126,6,0,UPI,1
11434,19,Female,Delhi,Gold,11,2971.88,300.0,28,15,34,0.089,8,1,UPI,0
11435,26,Male,Chennai,Platinum,3,6788.85,2229.92,71,11,45,0.181,3,0,Net Banking,0
11436,26,Male,Chennai,Silver,10,20364.96,2003.37,29,16,33,0.649,4,0,Debit Card,0
11437,57,Female,Mumbai,Bronze,12,27946.85,2009.7,156,12,40,0.122,6,2,UPI,1
11438,34,Female,Pune,Silver,13,33646.91,2465.08,13,18,37,0.241,7,1,UPI,0
11439,18,Male,Hyderabad,Bronze,9,22024.18,2518.67,21,19,30,0.408,6,2,Credit Card,0
11440,42,Female,Mumbai,Bronze,9,21018.41,2504.72,28,23,36,0.326,6,1,UPI,0
11441,60,Male,Hyderabad,Silver,8,10038.11,1230.66,47,11,39,0.593,5,2,Debit Card,0
11442,57,Female,Delhi,Bronze,14,26996.53,1974.65,37,15,35,0.35,3,1,Debit Card,1
11443,59,Female,Hyderabad,Bronze,10,17794.63,1936.87,44,14,45,0.686,8,1,UPI,1
11444,42,Male,Pune,Gold,16,46791.25,2674.56,40,15,38,0.119,7,2,Credit Card,0
11445,56,Male,Mumbai,Bronze,5,6921.72,1330.52,128,16,35,0.062,6,5,COD,1
11446,52,Male,Ahmedabad,Bronze,14,35661.86,2374.03,23,15,38,0.243,4,1,COD,0
11447,20,Female,Chennai,Bronze,10,41949.18,3647.97,24,12,39,0.506,4,1,Debit Card,0
11448,54,Female,Ahmedabad,Gold,7,1944.29,300.0,49,14,35,0.255,7,1,COD,0
11449,61,Female,Pune,Gold,18,35666.37,2047.08,19,13,40,0.373,3,1,Debit Card,0
11450,61,Female,Kolkata,Bronze,10,4183.4,413.65,76,16,33,0.134,5,4,Debit Card,0
11451,47,Male,Pune,Silver,2,4620.53,2200.25,51,9,43,0.401,5,1,Credit Card,0
11452,55,Female,Kolkata,Bronze,20,63346.41,2951.92,36,20,44,0.197,6,0,Credit Card,0
11453,51,Female,Mumbai,Silver,10,17992.81,1740.18,53,8,44,0.158,6,3,UPI,1
11454,29,Female,Chennai,Gold,14,40284.71,3033.45,47,18,34,0.083,6,0,Net Banking,0
11455,36,Male,Pune,Gold,9,31376.01,3424.76,27,21,43,0.442,7,1,Credit Card,0
11456,54,Female,Ahmedabad,Silver,14,37901.35,2561.6,61,13,36,0.752,7,3,Debit Card,0
11457,61,Female,Kolkata,Platinum,6,10335.76,1736.52,109,8,30,0.45,11,2,UPI,0
11458,34,Male,Chennai,Platinum,13,36167.26,2682.4,44,6,35,0.115,4,0,COD,0
11459,27,Female,Bangalore,Platinum,8,32217.35,3712.8,36,15,39,0.193,8,3,UPI,0
11460,64,Female,Bangalore,Silver,10,10128.29,1001.97,21,12,25,0.292,5,3,Debit Card,0
11461,29,Male,Bangalore,Silver,12,38777.85,3197.34,19,15,27,0.346,3,2,UPI,0
11462,33,Female,Hyderabad,Silver,21,21307.42,1039.98,58,14,31,0.772,3,2,UPI,1
11463,41,Female,Pune,Bronze,11,10002.15,834.18,34,9,40,0.04,6,3,UPI,0
11464,36,Female,Mumbai,Bronze,14,15938.47,1089.83,77,14,41,0.155,8,3,Credit Card,0
11465,25,Male,Ahmedabad,Gold,12,26386.19,2164.55,50,17,30,0.452,6,1,UPI,0
11466,48,Female,Mumbai,Silver,14,45583.19,3336.69,92,13,45,0.193,2,2,UPI,0
11467,38,Female,Hyderabad,Platinum,10,4105.2,390.03,47,10,38,0.302,7,4,Credit Card,0
11468,34,Male,Mumbai,Bronze,9,29118.21,3090.59,47,8,26,0.518,10,2,Credit Card,0
11469,40,Male,Kolkata,Bronze,12,25169.43,2062.21,21,20,36,0.204,5,0,Debit Card,0
11470,54,Female,Bangalore,Gold,5,6520.16,1207.4,65,19,32,0.361,3,0,Credit Card,0
11471,33,Female,Ahmedabad,Silver,10,27363.89,2732.42,12,20,35,0.201,2,2,COD,0
11472,23,Female,Pune,Bronze,11,20373.75,1772.65,22,10,27,0.109,3,4,Debit Card,0
11473,25,Female,Mumbai,Platinum,17,69285.21,4233.01,76,16,36,0.261,3,1,UPI,0
11474,42,Male,Mumbai,Gold,8,21956.65,2648.62,28,16,31,0.375,2,1,Debit Card,0
11475,35,Female,Delhi,Silver,11,22015.7,2250.36,31,20,47,0.25,3,0,UPI,0
11476,42,Male,Delhi,Gold,17,40565.6,2783.4,39,11,33,0.626,3,1,UPI,0
11477,29,Male,Delhi,Gold,7,22314.77,3409.17,100,16,33,0.145,5,1,UPI,0
11478,32,Female,Pune,Gold,7,23887.37,3496.75,55,11,33,0.215,7,2,UPI,0
11479,43,Female,Bangalore,Gold,15,47547.8,3035.23,48,19,35,0.156,5,0,UPI,0
11480,58,Male,Chennai,Bronze,11,37466.29,3439.12,69,13,36,0.074,6,1,Credit Card,0
11481,62,Male,Bangalore,Silver,9,30742.19,3282.94,81,10,35,0.058,2,1,Net Banking,0
11482,43,Female,Ahmedabad,Bronze,8,24299.3,3018.36,37,15,34,0.458,1,2,Credit Card,0
11483,64,Male,Bangalore,Bronze,11,19066.46,1845.12,25,19,29,0.57,4,1,UPI,1
11484,49,Female,Pune,Platinum,16,60400.7,3331.51,73,16,29,0.402,8,1,COD,0
11485,27,Female,Kolkata,Silver,6,10320.38,1814.22,51,17,30,0.167,3,5,UPI,0
11486,33,Male,Kolkata,Gold,8,19039.14,2437.21,20,19,31,0.389,5,1,Net Banking,0
11487,24,Male,Pune,Gold,14,28700.37,1861.46,64,13,27,0.237,4,0,Net Banking,0
11488,34,Female,Delhi,Platinum,12,33285.89,2806.58,68,17,37,0.721,4,1,Credit Card,1
11489,40,Male,Mumbai,Gold,8,29193.62,3351.61,63,13,28,0.244,4,0,Credit Card,0
11490,43,Female,Hyderabad,Silver,11,21760.6,1833.82,45,14,30,0.088,4,1,Credit Card,1
11491,38,Female,Hyderabad,Bronze,9,7463.12,929.44,12,22,33,0.336,6,2,UPI,0
11492,39,Female,Chennai,Bronze,12,39007.69,3109.48,75,12,38,0.24,6,3,UPI,0
11493,24,Male,Mumbai,Silver,9,28750.92,3132.04,50,10,33,0.642,1,1,Credit Card,0
11494,31,Female,Chennai,Silver,7,25008.18,3608.02,88,13,41,0.484,2,2,Net Banking,1
11495,32,Female,Delhi,Silver,12,30338.02,3004.5,48,20,36,0.317,10,1,UPI,0
11496,24,Female,Chennai,Gold,8,25111.35,3025.27,54,10,34,0.438,5,2,Debit Card,1
11497,26,Female,Mumbai,Platinum,13,20105.31,1554.32,83,11,39,0.427,2,1,UPI,0
11498,65,Female,Ahmedabad,Gold,12,33507.51,2863.33,30,10,33,0.151,8,1,Debit Card,0
11499,25,Female,Mumbai,Silver,12,49301.32,4132.14,25,14,34,0.235,3,0,Credit Card,0
11500,40,Female,Hyderabad,Bronze,13,21957.57,1702.31,53,15,46,0.072,5,0,Credit Card,0
11501,46,Female,Kolkata,Bronze,8,8616.31,1103.82,13,21,41,0.764,7,1,COD,0
11502,35,Female,Delhi,Bronze,16,37665.27,2326.51,62,16,40,0.189,5,0,UPI,0
11503,48,Female,Ahmedabad,Gold,11,33541.99,3043.7,33,13,27,0.507,6,2,Credit Card,0
11504,47,Female,Pune,Bronze,10,23625.16,2394.86,84,12,36,0.472,4,4,UPI,0
11505,56,Male,Ahmedabad,Gold,15,51270.26,3805.39,24,13,38,0.705,7,0,Debit Card,0
11506,52,Female,Ahmedabad,Silver,7,10360.19,1425.66,80,15,27,0.295,9,2,UPI,0
11507,35,Female,Chennai,Bronze,9,7044.07,836.0,32,13,22,0.344,4,2,Debit Card,1
11508,59,Female,Hyderabad,Bronze,12,41049.18,3486.1,5,13,26,0.486,3,0,Credit Card,0
11509,56,Male,Chennai,Silver,10,10189.51,932.85,142,9,29,0.419,6,1,COD,1
11510,34,Female,Chennai,Silver,9,22453.98,2485.41,24,18,44,0.34,9,0,Credit Card,0
11511,31,Male,Pune,Gold,8,29377.47,3461.64,89,14,39,0.661,7,2,COD,1
11512,48,Female,Delhi,Gold,9,19620.58,2394.66,17,13,34,0.148,6,1,Net Banking,0
11513,41,Female,Mumbai,Silver,16,23611.8,1571.88,93,17,36,0.235,1,0,UPI,1
11514,52,Male,Bangalore,Gold,11,42702.03,3345.06,17,16,32,0.489,5,2,UPI,0
11515,61,Female,Chennai,Silver,11,29802.22,2353.71,35,11,33,0.392,5,1,UPI,0
11516,62,Male,Bangalore,Platinum,13,20566.63,2001.21,142,13,43,0.166,4,0,UPI,1
11517,51,Male,Delhi,Bronze,10,36080.49,3679.16,49,15,37,0.737,3,1,UPI,0
11518,20,Female,Bangalore,Gold,11,19748.78,1861.47,55,16,32,0.403,4,0,Credit Card,0
11519,54,Female,Chennai,Silver,19,30406.81,1660.6,48,15,46,0.644,6,1,UPI,0
11520,60,Female,Pune,Bronze,11,13990.76,1387.53,131,15,32,0.289,7,2,Credit Card,1
11521,57,Female,Bangalore,Bronze,12,39931.27,3294.44,71,20,44,0.397,5,1,Debit Card,1
11522,43,Male,Delhi,Silver,8,22719.55,2584.88,27,19,28,0.373,8,1,Credit Card,0
11523,40,Male,Delhi,Bronze,8,15476.05,1761.27,24,25,43,0.199,4,2,Credit Card,0
11524,61,Female,Kolkata,Bronze,13,11308.91,904.92,60,18,30,0.372,3,1,Credit Card,1
11525,56,Male,Kolkata,Platinum,19,57466.47,3467.85,25,22,39,0.413,4,1,UPI,0
11526,32,Male,Pune,Gold,12,21821.35,1774.5,11,12,44,0.67,8,0,Credit Card,1
11527,21,Female,Bangalore,Gold,12,6175.74,562.73,23,13,34,0.458,5,0,Net Banking,0
11528,46,Male,Bangalore,Gold,10,24173.27,2278.61,113,15,39,0.271,3,2,Net Banking,1
11529,39,Male,Kolkata,Platinum,9,30819.41,3129.41,47,8,46,0.168,5,1,COD,0
11530,42,Female,Mumbai,Silver,15,41738.21,2848.12,74,14,33,0.231,9,0,Debit Card,0
11531,30,Male,Hyderabad,Bronze,9,17818.52,2273.08,10,20,33,0.431,3,2,Credit Card,0
11532,35,Female,Delhi,Gold,14,23653.58,1802.38,104,24,45,0.303,7,1,UPI,0
11533,50,Male,Mumbai,Gold,14,24061.81,1695.43,10,15,36,0.257,2,2,COD,0
11534,33,Female,Delhi,Silver,14,48588.21,3348.38,44,17,35,0.315,6,2,COD,0
11535,62,Male,Ahmedabad,Silver,10,4516.98,442.47,12,20,30,0.235,3,1,Credit Card,0
11536,59,Male,Ahmedabad,Silver,13,15396.26,1345.74,40,14,32,0.307,6,3,Credit Card,0
11537,61,Female,Mumbai,Platinum,13,27634.45,2113.75,38,10,23,0.097,8,0,Credit Card,0
11538,19,Female,Ahmedabad,Bronze,12,5261.22,405.11,65,19,26,0.432,4,1,UPI,0
11539,52,Female,Kolkata,Platinum,12,22086.38,2003.84,116,20,26,0.567,7,2,Debit Card,1
11540,59,Female,Kolkata,Platinum,13,13123.64,1095.73,47,11,46,0.497,4,2,UPI,0
11541,51,Male,Hyderabad,Silver,12,27196.32,2627.31,36,14,30,0.337,3,0,Credit Card,0
11542,47,Male,Mumbai,Silver,8,10945.86,1684.13,31,11,29,0.486,3,0,Credit Card,0
11543,30,Male,Delhi,Silver,4,7261.5,1840.24,31,14,31,0.422,6,0,Net Banking,0
11544,30,Female,Bangalore,Bronze,9,13890.58,1621.26,75,10,35,0.258,6,2,Debit Card,0
11545,35,Male,Delhi,Bronze,16,42682.55,2808.6,16,12,43,0.239,4,2,UPI,0
11546,49,Male,Chennai,Gold,16,36241.25,2137.98,101,18,44,0.341,6,1,UPI,1
11547,49,Female,Kolkata,Silver,10,30169.08,3051.45,25,15,39,0.172,4,2,UPI,0
11548,52,Female,Pune,Bronze,6,23786.47,3287.16,73,5,35,0.684,8,0,Credit Card,0
11549,56,Male,Pune,Bronze,8,16895.12,1941.66,33,9,35,0.383,6,2,Credit Card,0
11550,63,Female,Kolkata,Platinum,5,8697.02,1572.6,34,11,40,0.514,4,5,COD,0
11551,46,Male,Chennai,Silver,8,15979.92,1822.94,8,18,29,0.208,3,1,UPI,1
11552,46,Male,Pune,Platinum,9,45783.53,4595.64,117,8,30,0.654,2,2,Net Banking,0
11553,61,Female,Ahmedabad,Bronze,8,12795.85,1644.27,42,15,50,0.335,1,0,COD,1
11554,33,Male,Kolkata,Silver,10,18290.02,2042.74,50,15,26,0.146,4,0,UPI,0
11555,61,Female,Pune,Bronze,8,19455.45,2393.02,16,16,39,0.838,5,1,UPI,1
11556,64,Female,Kolkata,Silver,8,21264.2,2691.91,37,12,34,0.534,8,0,Debit Card,0
11557,27,Male,Hyderabad,Silver,7,17842.21,2293.03,40,13,38,0.161,5,2,Credit Card,0
11558,47,Male,Bangalore,Bronze,11,43154.82,3796.55,27,14,37,0.165,4,3,COD,0
11559,42,Male,Bangalore,Silver,12,30767.42,2412.37,46,16,27,0.088,4,1,UPI,0
11560,56,Female,Delhi,Silver,5,9879.31,2065.64,36,12,28,0.399,4,3,Credit Card,0
11561,37,Male,Chennai,Gold,17,47924.21,3060.29,18,15,39,0.142,7,0,Net Banking,0
11562,22,Female,Kolkata,Gold,13,17084.03,1402.03,40,16,39,0.512,3,1,Net Banking,0
11563,18,Female,Mumbai,Bronze,11,27544.25,2685.27,72,13,35,0.324,9,2,COD,0
11564,47,Male,Delhi,Silver,13,22846.52,1866.26,33,18,34,0.325,3,0,Net Banking,0
11565,20,Female,Delhi,Platinum,11,37844.58,3357.08,59,15,39,0.595,3,2,Net Banking,1
11566,62,Male,Kolkata,Platinum,13,43009.31,3426.36,72,9,30,0.564,2,1,Net Banking,1
11567,31,Male,Kolkata,Platinum,14,30496.52,2043.32,67,15,32,0.584,8,0,Credit Card,0
11568,47,Male,Delhi,Silver,12,18297.61,1416.65,33,12,25,0.583,2,0,UPI,1
11569,21,Male,Delhi,Gold,14,7247.86,524.0,60,18,41,0.413,2,3,UPI,0
11570,35,Male,Bangalore,Silver,15,42308.93,2402.69,68,23,28,0.487,4,2,UPI,1
11571,54,Male,Mumbai,Bronze,15,4345.22,300.0,59,12,28,0.228,4,3,UPI,0
11572,42,Male,Ahmedabad,Gold,12,25639.28,2123.46,84,15,42,0.237,6,1,Credit Card,0
11573,65,Female,Delhi,Gold,16,29675.82,1695.14,10,16,39,0.208,9,1,Net Banking,0
11574,18,Male,Ahmedabad,Bronze,12,32234.33,2702.26,49,18,31,0.154,5,3,UPI,0
11575,63,Female,Bangalore,Bronze,15,34602.43,2187.72,70,24,42,0.173,8,2,Credit Card,0
11576,32,Female,Delhi,Gold,11,17185.9,1690.29,11,18,29,0.604,4,2,COD,0
11577,26,Female,Pune,Bronze,6,16538.43,2964.16,17,16,37,0.427,7,2,Net Banking,0
11578,32,Male,Delhi,Bronze,12,15887.41,1217.83,45,22,24,0.313,3,1,Debit Card,0
11579,41,Female,Kolkata,Silver,15,42577.81,2706.77,95,12,33,0.517,6,3,Net Banking,1
11580,21,Female,Chennai,Bronze,19,64991.06,4055.96,70,16,32,0.716,8,2,Credit Card,0
11581,29,Male,Chennai,Platinum,13,40159.33,3069.01,34,12,33,0.35,6,1,UPI,1
11582,54,Male,Delhi,Silver,10,15867.96,1835.1,32,8,41,0.575,4,1,UPI,0
11583,54,Female,Hyderabad,Silver,11,11890.74,1283.51,53,18,37,0.265,2,6,UPI,1
11584,60,Male,Pune,Platinum,9,26834.81,3041.19,33,16,35,0.719,1,1,Credit Card,0
11585,23,Male,Mumbai,Silver,10,10664.8,1098.12,38,18,32,0.184,5,3,Net Banking,0
11586,56,Male,Delhi,Silver,12,29468.91,2205.41,9,11,29,0.094,1,1,UPI,0
11587,63,Male,Ahmedabad,Gold,9,24735.99,2852.06,80,13,34,0.602,2,2,Credit Card,1
11588,41,Female,Mumbai,Silver,13,16726.33,1291.94,25,21,33,0.527,3,1,Credit Card,0
11589,28,Male,Pune,Bronze,15,20443.28,1242.28,48,16,46,0.135,6,1,UPI,0
11590,30,Male,Delhi,Gold,17,17324.8,1013.92,61,12,45,0.469,4,0,UPI,1
11591,51,Male,Hyderabad,Gold,10,36941.47,3635.04,82,15,36,0.709,1,0,Net Banking,0
11592,42,Female,Bangalore,Gold,16,59203.82,3728.66,77,13,41,0.291,3,3,Net Banking,0
11593,24,Female,Hyderabad,Platinum,11,34725.69,3715.26,30,25,35,0.195,8,1,Credit Card,0
11594,21,Male,Kolkata,Gold,7,31436.23,3835.68,114,8,38,0.235,0,1,UPI,0
11595,25,Male,Hyderabad,Gold,16,21934.67,1630.27,28,16,30,0.175,5,2,COD,0
11596,37,Female,Ahmedabad,Gold,13,7433.29,568.6,26,15,34,0.262,4,4,UPI,0
11597,46,Male,Bangalore,Bronze,8,32247.55,3732.92,36,11,45,0.51,4,2,COD,0
11598,62,Male,Kolkata,Silver,13,41608.36,3036.26,63,18,43,0.637,4,0,Credit Card,0
11599,63,Female,Bangalore,Gold,12,39438.41,2963.9,77,8,33,0.407,6,1,UPI,1
11600,27,Male,Chennai,Silver,7,9712.93,1263.98,144,23,48,0.129,2,1,Net Banking,0
11601,60,Male,Bangalore,Bronze,13,30659.26,2287.35,40,17,34,0.341,8,0,UPI,0
11602,51,Female,Delhi,Bronze,10,23565.2,2343.34,17,13,38,0.098,1,3,Credit Card,0
11603,43,Female,Mumbai,Bronze,11,25809.84,2143.18,104,15,42,0.549,4,2,Debit Card,0
11604,58,Male,Chennai,Silver,5,6036.33,1434.76,38,20,49,0.261,8,0,UPI,1
11605,20,Female,Chennai,Gold,11,4949.18,489.17,19,18,40,0.48,4,0,Debit Card,0
11606,23,Male,Mumbai,Platinum,4,6268.97,1522.6,45,24,32,0.642,2,1,Credit Card,0
11607,22,Male,Ahmedabad,Gold,14,4133.85,300.0,69,11,19,0.373,8,1,Credit Card,0
11608,22,Male,Chennai,Gold,8,14338.92,1828.41,71,17,29,0.164,6,3,UPI,0
11609,64,Female,Bangalore,Silver,15,23012.47,1646.5,5,10,29,0.701,7,3,Net Banking,0
11610,40,Female,Hyderabad,Silver,9,9238.52,1149.05,94,15,32,0.09,7,1,COD,0
11611,26,Male,Pune,Silver,13,32844.61,2560.78,45,13,36,0.045,4,0,Credit Card,1
11612,52,Male,Ahmedabad,Silver,12,21326.77,1890.97,40,15,33,0.334,3,1,Debit Card,0
11613,37,Female,Bangalore,Bronze,20,39642.24,1955.96,27,12,33,0.276,9,2,UPI,1
11614,59,Female,Kolkata,Silver,9,31789.82,3451.89,18,13,32,0.423,4,5,Net Banking,0
11615,52,Female,Kolkata,Gold,7,12518.71,1911.03,108,9,37,0.075,8,4,Credit Card,0
11616,35,Male,Hyderabad,Silver,6,17350.59,2608.39,114,15,19,0.651,4,1,Credit Card,1
11617,34,Female,Ahmedabad,Platinum,13,13970.13,1225.19,47,18,33,0.433,2,3,UPI,0
11618,41,Female,Ahmedabad,Silver,9,23047.67,2429.89,31,14,31,0.486,4,0,Debit Card,0
11619,20,Male,Hyderabad,Bronze,11,20355.17,2107.7,71,17,27,0.386,5,0,UPI,0
11620,49,Male,Ahmedabad,Silver,12,24233.08,2283.3,7,9,42,0.342,6,0,Debit Card,0
11621,52,Male,Chennai,Gold,11,12190.73,1097.64,56,15,42,0.379,6,3,Credit Card,0
11622,55,Female,Delhi,Bronze,15,19925.57,1183.24,114,16,40,0.192,3,2,Credit Card,1
11623,30,Male,Delhi,Bronze,16,27423.76,1888.45,33,16,38,0.417,7,2,Net Banking,0
11624,64,Male,Ahmedabad,Silver,12,39597.03,3397.58,122,7,38,0.296,4,1,Net Banking,1
11625,42,Male,Chennai,Platinum,12,10651.99,903.77,66,14,34,0.167,4,3,UPI,0
11626,26,Male,Chennai,Silver,17,66394.89,3712.46,44,20,44,0.271,3,0,Net Banking,0
11627,21,Female,Mumbai,Platinum,15,21270.52,1564.11,46,10,36,0.772,5,1,UPI,0
11628,31,Male,Mumbai,Gold,5,10075.43,2274.78,21,13,26,0.088,3,1,UPI,1
11629,54,Female,Pune,Bronze,7,22935.73,3102.34,28,11,38,0.097,2,0,Credit Card,0
11630,51,Female,Pune,Gold,11,19837.28,1879.9,44,12,43,0.553,3,2,Debit Card,0
11631,28,Female,Pune,Silver,13,27988.75,1980.74,26,18,46,0.574,4,0,COD,0
11632,58,Male,Pune,Bronze,15,57264.94,3501.87,69,13,31,0.237,3,1,Credit Card,1
11633,20,Female,Hyderabad,Gold,17,47750.16,3186.96,87,22,30,0.079,3,0,UPI,0
11634,45,Male,Hyderabad,Gold,18,51123.03,2830.57,26,14,34,0.649,5,1,Credit Card,0
11635,46,Male,Mumbai,Bronze,17,38447.61,2068.63,75,10,27,0.523,1,2,UPI,0
11636,26,Male,Delhi,Platinum,16,33586.34,2131.23,37,12,26,0.581,3,2,UPI,0
11637,20,Female,Chennai,Gold,13,16361.82,1234.93,26,20,34,0.382,3,4,Debit Card,0
11638,42,Male,Kolkata,Platinum,16,35433.63,1944.28,65,20,35,0.765,7,1,Credit Card,1
11639,51,Male,Delhi,Bronze,14,31067.28,2260.64,113,13,34,0.501,15,1,UPI,1
11640,29,Male,Bangalore,Platinum,15,36072.12,2169.77,62,11,44,0.537,5,1,Credit Card,0
11641,59,Female,Hyderabad,Silver,15,37704.0,2466.49,68,14,27,0.191,4,1,Net Banking,0
11642,26,Female,Pune,Bronze,13,46202.39,3200.33,92,13,40,0.441,4,2,Credit Card,0
11643,32,Female,Pune,Gold,15,13403.25,839.77,42,11,39,0.639,1,0,Credit Card,0
11644,57,Male,Bangalore,Gold,16,22900.26,1630.08,67,13,37,0.362,7,0,Net Banking,1
11645,42,Female,Delhi,Silver,9,31490.96,3230.0,33,13,32,0.36,5,3,UPI,1
11646,22,Male,Pune,Silver,16,77031.69,4419.59,24,13,30,0.288,6,2,COD,0
11647,28,Male,Delhi,Bronze,18,23167.6,1233.65,20,21,33,0.598,6,1,UPI,0
11648,51,Female,Chennai,Silver,8,13425.82,1637.16,32,11,40,0.091,6,2,COD,0
11649,41,Male,Bangalore,Silver,14,14873.11,1022.23,80,19,38,0.233,3,1,UPI,1
11650,32,Female,Kolkata,Silver,8,2744.93,367.11,40,12,30,0.159,3,1,UPI,1
11651,55,Male,Delhi,Silver,13,30928.7,2447.03,66,13,36,0.457,4,0,UPI,0
11652,25,Female,Chennai,Platinum,12,35389.58,2734.82,8,14,34,0.232,1,2,UPI,0
11653,22,Male,Ahmedabad,Silver,11,19141.2,1930.33,66,13,39,0.403,7,1,Credit Card,0
11654,65,Male,Ahmedabad,Gold,9,16908.67,1938.5,121,20,38,0.556,6,0,Credit Card,1
11655,43,Male,Delhi,Platinum,8,17648.39,2100.0,87,13,39,0.795,5,1,COD,0
11656,35,Male,Ahmedabad,Silver,10,17019.67,1688.25,20,21,39,0.179,3,1,Debit Card,0
11657,23,Male,Delhi,Bronze,15,33877.44,2160.78,70,21,34,0.684,1,0,Credit Card,0
11658,54,Female,Pune,Bronze,14,46196.0,3448.2,54,22,33,0.572,5,3,Net Banking,0
11659,65,Male,Mumbai,Gold,9,12595.18,1455.36,81,13,38,0.481,7,1,Credit Card,0
11660,30,Female,Ahmedabad,Bronze,11,20741.52,1945.26,30,13,31,0.35,6,1,UPI,0
11661,45,Female,Hyderabad,Silver,12,28511.94,2085.12,159,15,34,0.33,3,1,Net Banking,1
11662,22,Female,Delhi,Bronze,8,14798.19,1689.25,74,25,32,0.417,4,1,Debit Card,1
11663,30,Male,Delhi,Bronze,14,32420.71,2261.13,108,12,28,0.265,10,1,COD,0
11664,34,Male,Delhi,Silver,17,5711.24,300.0,16,14,39,0.129,1,0,UPI,0
11665,57,Male,Mumbai,Platinum,13,32239.51,2715.62,17,15,38,0.254,4,3,Net Banking,0
11666,62,Female,Chennai,Silver,9,11653.1,1325.02,110,16,27,0.346,4,3,Net Banking,1
11667,49,Male,Ahmedabad,Platinum,21,33977.94,1443.42,45,19,34,0.577,3,2,UPI,0
11668,46,Male,Kolkata,Platinum,9,18057.15,2049.25,12,16,33,0.472,5,1,Credit Card,0
11669,20,Female,Kolkata,Bronze,12,11570.11,949.27,69,14,36,0.367,2,1,Credit Card,0
11670,57,Female,Bangalore,Bronze,7,24682.6,3398.09,64,16,27,0.504,4,1,Credit Card,1
11671,51,Female,Pune,Gold,16,24429.3,1458.54,122,14,32,0.288,10,0,UPI,0
11672,57,Female,Mumbai,Gold,14,68880.17,4569.42,31,18,45,0.312,3,1,COD,0
11673,44,Female,Chennai,Silver,8,23193.07,2767.18,141,12,35,0.148,9,1,UPI,1
11674,30,Female,Delhi,Platinum,8,13014.88,1688.54,45,15,26,0.598,6,2,Debit Card,0
11675,62,Male,Chennai,Bronze,19,34342.41,1924.24,66,19,35,0.22,6,1,UPI,0
11676,50,Female,Mumbai,Bronze,8,19689.21,2333.73,53,16,42,0.2,5,0,Credit Card,0
11677,23,Male,Mumbai,Silver,13,51388.64,3728.85,10,15,32,0.306,5,1,Credit Card,0
11678,41,Male,Mumbai,Silver,9,27518.92,3055.26,23,13,27,0.383,3,0,UPI,0
11679,36,Male,Bangalore,Bronze,12,37734.49,2987.73,40,17,41,0.115,3,2,UPI,0
11680,33,Female,Hyderabad,Silver,10,19704.29,1924.99,88,18,36,0.342,4,0,COD,1
11681,57,Male,Pune,Bronze,17,30420.08,1689.77,80,6,41,0.113,8,3,Credit Card,1
11682,45,Female,Bangalore,Silver,6,15921.61,2773.66,8,11,40,0.273,10,0,Debit Card,0
11683,50,Female,Bangalore,Platinum,15,53186.12,3400.21,81,12,31,0.37,2,1,Debit Card,0
11684,65,Male,Ahmedabad,Platinum,7,13805.31,2075.77,73,19,34,0.584,4,2,UPI,1
11685,58,Female,Hyderabad,Gold,12,20626.4,1583.8,45,13,28,0.294,7,1,Debit Card,0
11686,30,Male,Bangalore,Silver,13,17240.59,1270.03,18,9,33,0.397,2,1,UPI,0
11687,60,Male,Mumbai,Silver,8,5460.6,693.84,107,18,32,0.27,5,2,UPI,1
11688,62,Female,Mumbai,Bronze,6,12181.08,1797.87,61,16,32,0.497,6,2,UPI,0
11689,42,Male,Ahmedabad,Bronze,11,21306.88,1971.05,31,14,42,0.209,5,3,Credit Card,0
11690,59,Male,Chennai,Bronze,12,27866.78,2181.94,37,12,45,0.539,11,0,COD,0
11691,53,Male,Delhi,Gold,13,39202.87,2687.48,56,13,36,0.413,2,2,Credit Card,0
11692,44,Female,Bangalore,Platinum,13,22400.31,1778.11,19,14,38,0.236,1,2,Debit Card,0
11693,55,Male,Delhi,Silver,14,51011.03,3815.76,79,27,32,0.076,7,0,UPI,1
11694,24,Female,Pune,Gold,19,24215.78,1175.17,37,10,37,0.528,4,1,UPI,0
11695,22,Female,Kolkata,Bronze,14,35043.85,2814.49,14,24,24,0.252,6,2,COD,0
11696,60,Male,Mumbai,Silver,16,17883.51,1102.4,58,15,39,0.682,2,1,UPI,0
11697,62,Male,Chennai,Gold,10,14145.29,1434.59,56,22,43,0.206,8,1,Credit Card,0
11698,48,Female,Pune,Silver,11,25595.47,2452.9,22,12,34,0.801,0,0,COD,0
11699,40,Female,Ahmedabad,Bronze,13,41188.17,3139.31,30,10,29,0.754,5,0,Credit Card,0
11700,59,Male,Chennai,Gold,13,24589.75,1948.41,58,7,38,0.667,8,3,Credit Card,0
11701,27,Male,Kolkata,Gold,9,22790.5,2276.15,35,16,42,0.295,3,0,UPI,0
11702,49,Female,Kolkata,Platinum,11,34627.46,3336.46,102,21,38,0.08,4,4,UPI,0
11703,60,Female,Ahmedabad,Gold,9,10596.08,1100.07,28,18,48,0.49,4,3,Credit Card,0
11704,47,Female,Hyderabad,Platinum,15,39843.69,2892.89,64,15,35,0.102,2,1,Credit Card,1
11705,56,Female,Ahmedabad,Bronze,13,20524.41,1579.84,84,14,27,0.483,5,1,Credit Card,1
11706,48,Female,Mumbai,Bronze,12,31671.28,2418.79,86,17,26,0.335,6,2,UPI,1
11707,35,Male,Pune,Bronze,13,29550.23,2685.76,62,11,39,0.708,10,3,Net Banking,0
11708,53,Female,Hyderabad,Bronze,8,8626.4,1141.83,23,18,30,0.48,3,1,Net Banking,0
11709,19,Female,Kolkata,Silver,12,17123.47,1528.1,20,18,48,0.454,1,1,COD,0
11710,31,Male,Pune,Silver,7,21657.52,2799.27,29,18,31,0.222,5,1,Credit Card,0
11711,30,Male,Chennai,Silver,8,16635.68,1965.9,78,17,34,0.333,6,2,Debit Card,1
11712,46,Female,Hyderabad,Bronze,18,30797.22,1557.7,22,10,31,0.46,0,2,COD,0
11713,29,Female,Hyderabad,Platinum,12,27696.37,2375.26,81,13,38,0.76,2,2,UPI,1
11714,56,Male,Mumbai,Bronze,13,15712.17,1228.52,86,21,29,0.63,8,2,Net Banking,1
11715,19,Female,Ahmedabad,Bronze,12,12600.77,1135.62,95,15,29,0.493,6,3,Debit Card,1
11716,49,Female,Delhi,Gold,13,4000.48,300.0,35,17,33,0.296,3,3,UPI,0
11717,30,Male,Chennai,Gold,8,22553.17,2523.81,48,8,34,0.655,6,2,Credit Card,0
11718,63,Female,Chennai,Silver,11,22273.78,2228.79,84,17,35,0.332,8,2,UPI,1
11719,44,Male,Ahmedabad,Bronze,9,23691.86,2686.53,41,13,29,0.661,6,2,UPI,0
11720,58,Male,Hyderabad,Silver,14,41107.97,3299.67,51,13,27,0.475,7,1,Debit Card,0
11721,34,Male,Hyderabad,Bronze,9,16405.33,1982.82,48,10,41,0.696,7,1,Credit Card,1
11722,57,Male,Mumbai,Bronze,20,48010.67,2137.41,41,18,45,0.346,4,4,UPI,0
11723,48,Female,Delhi,Gold,11,26482.91,2508.89,110,12,35,0.164,8,2,UPI,1
11724,51,Male,Chennai,Bronze,11,18717.6,1686.93,22,15,23,0.516,3,0,UPI,0
11725,41,Female,Kolkata,Bronze,18,13607.44,888.06,16,14,38,0.323,12,0,UPI,0
11726,62,Female,Bangalore,Silver,9,10585.88,1163.56,75,11,45,0.209,6,3,COD,0
11727,52,Female,Bangalore,Platinum,9,19559.18,2164.16,41,9,37,0.366,9,2,UPI,0
11728,65,Female,Delhi,Platinum,12,39552.26,3099.81,42,21,33,0.438,7,1,Credit Card,1
11729,23,Female,Pune,Silver,16,52229.88,3610.59,10,15,38,0.265,4,1,UPI,0
11730,36,Male,Mumbai,Bronze,13,23539.71,1943.77,8,14,42,0.228,9,1,Debit Card,0
11731,47,Male,Delhi,Bronze,13,31007.42,2351.06,28,7,30,0.476,7,5,UPI,0
11732,24,Male,Ahmedabad,Bronze,12,43582.96,3883.73,28,19,40,0.317,8,1,UPI,0
11733,27,Male,Ahmedabad,Silver,18,47756.63,2665.14,26,11,38,0.357,4,1,Credit Card,0
11734,58,Female,Bangalore,Silver,12,29427.29,2323.5,113,16,28,0.308,4,3,Credit Card,0
11735,49,Male,Hyderabad,Silver,12,26067.86,2389.14,5,20,38,0.138,2,1,UPI,0
11736,51,Female,Bangalore,Silver,19,43986.11,2723.77,16,15,31,0.393,5,1,Net Banking,0
11737,45,Female,Hyderabad,Bronze,8,9204.45,1101.73,24,11,52,0.276,9,1,UPI,0
11738,32,Male,Mumbai,Silver,17,48120.58,2884.49,29,21,48,0.696,6,2,UPI,0
11739,47,Male,Hyderabad,Bronze,13,33362.11,2595.2,31,7,34,0.042,7,0,Net Banking,0
11740,54,Male,Delhi,Silver,14,46515.09,3179.41,24,18,28,0.415,4,0,Debit Card,0
11741,46,Male,Hyderabad,Gold,12,32528.57,2644.71,3,13,36,0.637,4,1,UPI,0
11742,39,Female,Pune,Silver,8,26782.49,3119.12,64,15,41,0.116,1,1,UPI,0
11743,21,Female,Ahmedabad,Silver,7,9645.65,1369.41,58,15,34,0.285,3,0,Net Banking,0
11744,37,Male,Delhi,Silver,15,27442.1,1663.21,68,9,42,0.486,3,2,Credit Card,0
11745,49,Female,Ahmedabad,Bronze,6,13831.7,2337.44,11,21,35,0.17,5,0,UPI,0
11746,53,Female,Mumbai,Bronze,9,12630.83,1523.91,60,17,30,0.248,8,0,UPI,0
11747,21,Female,Delhi,Silver,19,64903.46,2969.94,30,14,41,0.377,5,3,Debit Card,0
11748,44,Male,Pune,Bronze,18,16754.26,926.02,63,16,36,0.26,6,1,Credit Card,0
11749,34,Female,Mumbai,Gold,13,26009.43,2056.36,34,18,39,0.44,2,0,COD,0
11750,29,Male,Bangalore,Gold,13,22410.26,1690.16,20,16,35,0.387,9,1,Credit Card,0
11751,39,Male,Pune,Platinum,6,9182.97,1531.82,51,15,42,0.192,4,0,COD,0
11752,34,Female,Mumbai,Platinum,11,12484.87,966.11,72,15,29,0.433,2,2,UPI,0
11753,27,Female,Kolkata,Bronze,20,40114.52,2237.62,134,21,25,0.288,4,2,UPI,0
11754,18,Male,Hyderabad,Platinum,10,21597.13,2125.2,37,15,39,0.515,2,1,Debit Card,0
11755,39,Female,Delhi,Gold,14,53491.6,3913.95,72,14,40,0.221,3,1,Debit Card,0
11756,43,Female,Mumbai,Silver,12,50619.8,4439.13,4,12,32,0.207,4,2,Net Banking,0
11757,35,Male,Delhi,Bronze,7,7964.1,1238.83,12,22,27,0.152,5,2,Debit Card,0
11758,31,Male,Hyderabad,Gold,9,3998.41,487.29,31,22,39,0.576,3,1,Debit Card,0
11759,64,Male,Mumbai,Bronze,10,11203.16,1119.41,52,10,31,0.318,4,1,Credit Card,0
11760,46,Male,Bangalore,Gold,5,10834.13,2144.33,34,18,19,0.394,3,2,Debit Card,0
11761,29,Female,Kolkata,Bronze,11,36138.12,3212.65,7,9,25,0.363,5,2,COD,0
11762,53,Female,Kolkata,Silver,2,3726.34,1766.68,75,12,26,0.262,5,3,Credit Card,0
11763,52,Male,Pune,Silver,14,37558.52,2720.45,54,14,45,0.343,7,0,COD,1
11764,29,Male,Mumbai,Bronze,14,19372.35,1480.86,14,15,31,0.133,1,4,Debit Card,0
11765,24,Male,Hyderabad,Bronze,7,13903.97,1761.59,31,16,31,0.242,9,0,UPI,0
11766,46,Female,Mumbai,Silver,8,19521.55,2350.12,38,11,29,0.474,5,3,UPI,0
11767,28,Male,Delhi,Bronze,14,33212.65,2189.98,18,13,32,0.17,3,1,Debit Card,0
11768,50,Female,Chennai,Silver,21,47184.79,2167.55,47,22,41,0.558,7,2,Credit Card,0
11769,23,Male,Ahmedabad,Silver,13,16237.3,1226.38,38,12,40,0.197,1,3,Credit Card,0
11770,64,Male,Mumbai,Gold,7,22107.81,3303.3,106,19,36,0.676,6,0,Net Banking,0
11771,32,Male,Kolkata,Gold,9,26351.54,3296.5,50,14,32,0.48,6,1,Credit Card,1
11772,49,Female,Kolkata,Bronze,12,40842.64,3311.58,106,22,34,0.449,4,0,UPI,1
11773,28,Female,Ahmedabad,Bronze,6,8918.13,1590.5,31,15,39,0.365,4,1,Credit Card,0
11774,40,Female,Kolkata,Bronze,20,40993.87,2307.45,39,17,28,0.204,7,4,Net Banking,1
11775,43,Male,Bangalore,Platinum,10,17216.6,1727.61,44,20,36,0.354,4,2,COD,0
11776,51,Female,Mumbai,Gold,8,11077.04,1322.75,41,16,28,0.132,9,6,COD,0
11777,63,Female,Pune,Silver,11,25267.23,2456.47,26,20,30,0.326,9,3,COD,1
11778,51,Male,Mumbai,Bronze,8,2509.15,300.0,19,16,38,0.776,4,1,Credit Card,0
11779,46,Male,Chennai,Platinum,15,46838.06,2962.16,30,19,39,0.378,8,4,Credit Card,0
11780,21,Female,Kolkata,Platinum,4,4519.37,1153.57,70,21,29,0.35,4,1,COD,1
11781,34,Female,Delhi,Gold,14,26596.31,1918.29,22,9,37,0.474,9,0,UPI,0
11782,52,Female,Kolkata,Gold,12,3523.68,300.0,20,10,36,0.585,4,3,Credit Card,1
11783,30,Female,Mumbai,Silver,8,32162.71,3826.98,70,15,26,0.311,2,5,COD,1
11784,58,Male,Bangalore,Bronze,10,24489.47,2792.4,83,16,32,0.284,6,2,Credit Card,0
11785,56,Male,Hyderabad,Silver,11,23690.91,2277.28,20,19,40,0.276,7,1,Debit Card,0
11786,32,Male,Mumbai,Silver,11,16528.83,1580.68,44,15,43,0.256,4,3,Credit Card,1
11787,46,Female,Mumbai,Silver,19,24723.02,1240.85,40,11,32,0.271,7,4,UPI,0
11788,46,Female,Pune,Silver,8,16362.42,2019.72,38,9,43,0.114,4,2,Credit Card,1
11789,28,Male,Bangalore,Bronze,13,29459.99,2471.99,13,18,28,0.378,3,3,UPI,0
11790,49,Male,Chennai,Silver,18,34134.08,1993.14,16,15,47,0.402,4,4,COD,0
11791,19,Female,Hyderabad,Silver,22,62780.82,2677.83,38,19,19,0.176,5,2,UPI,1
11792,64,Female,Kolkata,Bronze,8,31301.52,3870.16,71,17,30,0.583,4,1,Credit Card,0
11793,31,Male,Delhi,Silver,12,15917.83,1234.16,22,16,30,0.259,3,0,UPI,0
11794,37,Male,Mumbai,Gold,12,32458.69,2412.84,57,17,37,0.333,7,2,Credit Card,1
11795,39,Male,Chennai,Gold,10,36973.11,3767.09,3,15,33,0.365,1,3,Debit Card,0
11796,28,Female,Hyderabad,Silver,10,17427.56,1920.32,89,11,32,0.339,5,1,Debit Card,0
11797,44,Female,Delhi,Silver,9,20698.73,2074.86,17,10,29,0.212,8,1,Debit Card,0
11798,20,Female,Chennai,Bronze,18,47372.28,2615.13,81,12,25,0.103,4,1,Net Banking,0
11799,34,Female,Bangalore,Gold,13,37434.59,2808.49,38,15,23,0.348,5,5,UPI,0
11800,61,Female,Bangalore,Silver,13,41657.75,3144.79,59,12,38,0.142,6,2,UPI,0
11801,45,Female,Hyderabad,Silver,9,21110.4,2298.35,180,17,19,0.299,5,1,UPI,1
11802,46,Male,Kolkata,Gold,13,19668.02,1484.63,78,17,29,0.431,6,1,UPI,0
11803,38,Male,Ahmedabad,Silver,12,32230.61,2704.69,50,15,37,0.142,6,1,UPI,1
11804,64,Female,Delhi,Bronze,12,14728.08,1329.78,29,8,44,0.263,5,0,UPI,0
11805,33,Male,Bangalore,Bronze,9,19124.36,2498.76,45,19,34,0.139,3,1,Credit Card,1
11806,54,Female,Ahmedabad,Silver,6,11963.0,2269.53,31,13,39,0.251,0,0,UPI,0
11807,37,Male,Hyderabad,Silver,19,41561.62,2247.47,29,19,31,0.221,1,2,UPI,0
11808,23,Female,Bangalore,Gold,18,33961.39,2125.93,30,20,26,0.474,5,0,Debit Card,0
11809,36,Male,Bangalore,Silver,12,38184.59,3101.71,61,14,32,0.476,2,1,UPI,0
11810,22,Male,Chennai,Gold,5,13314.05,2756.24,79,10,38,0.135,4,2,UPI,1
11811,20,Female,Ahmedabad,Silver,13,37982.24,2825.11,119,13,30,0.629,2,2,UPI,0
11812,18,Female,Chennai,Silver,7,12861.87,1782.72,50,11,39,0.209,1,1,UPI,1
11813,55,Male,Bangalore,Silver,8,5069.57,722.13,81,16,29,0.225,0,0,Credit Card,0
11814,32,Male,Ahmedabad,Silver,18,34264.11,1842.59,6,16,36,0.205,3,2,UPI,0
11815,51,Female,Pune,Silver,10,28324.81,2592.18,79,21,40,0.162,3,0,UPI,0
11816,52,Male,Ahmedabad,Bronze,11,23855.44,2229.16,52,10,27,0.44,6,1,Net Banking,0
11817,42,Female,Chennai,Platinum,17,31822.18,1810.5,99,20,32,0.369,7,1,Credit Card,0
11818,41,Female,Delhi,Bronze,19,44507.56,2399.29,11,15,34,0.254,6,4,Credit Card,0
11819,29,Male,Hyderabad,Bronze,11,20242.4,1959.53,22,13,35,0.243,2,3,UPI,0
11820,35,Female,Hyderabad,Bronze,8,19654.39,2243.92,45,13,38,0.489,5,3,Debit Card,0
11821,32,Male,Kolkata,Bronze,18,6723.03,410.08,14,17,34,0.249,5,3,Credit Card,0
11822,61,Male,Delhi,Silver,15,39944.84,2890.43,50,10,34,0.015,5,2,Credit Card,0
11823,33,Female,Delhi,Bronze,11,31750.99,2751.54,22,17,24,0.462,3,2,Net Banking,0
11824,44,Male,Delhi,Bronze,11,42251.57,4101.02,15,17,40,0.586,6,2,UPI,0
11825,25,Female,Kolkata,Silver,10,16537.71,1559.26,11,13,26,0.355,7,0,UPI,0
11826,63,Female,Delhi,Gold,12,23068.11,1747.13,101,12,26,0.388,6,0,Net Banking,1
11827,42,Female,Mumbai,Bronze,14,31046.99,2356.84,26,17,38,0.086,4,2,Net Banking,0
11828,34,Male,Kolkata,Silver,10,21992.01,2169.3,31,17,38,0.469,3,2,Credit Card,0
11829,46,Female,Hyderabad,Gold,15,55332.9,3621.88,47,20,29,0.408,5,3,Net Banking,0
11830,25,Male,Mumbai,Platinum,18,30836.39,1832.5,39,17,38,0.076,4,0,Debit Card,1
11831,32,Female,Kolkata,Gold,15,29287.7,2061.65,36,11,39,0.439,0,3,Net Banking,0
11832,44,Female,Bangalore,Bronze,6,10490.4,1694.01,50,19,28,0.198,9,1,Credit Card,0
11833,63,Female,Bangalore,Gold,13,46586.07,3571.26,6,22,47,0.363,6,1,Debit Card,0
11834,24,Male,Hyderabad,Silver,12,27532.65,2638.48,20,16,30,0.26,0,0,COD,0
11835,20,Male,Bangalore,Bronze,13,46369.92,3613.8,37,14,52,0.448,3,2,UPI,1
11836,46,Female,Delhi,Gold,13,62039.28,4823.56,32,13,41,0.486,4,0,UPI,0
11837,61,Female,Kolkata,Silver,14,20629.76,1513.47,57,11,41,0.701,4,1,Credit Card,1
11838,41,Male,Mumbai,Platinum,11,36118.22,3170.37,24,16,29,0.31,7,0,UPI,0
11839,20,Male,Delhi,Gold,4,7702.48,1968.94,49,12,35,0.751,4,1,UPI,0
11840,37,Male,Bangalore,Silver,6,10174.38,1581.12,102,17,33,0.198,6,1,Debit Card,0
11841,63,Female,Chennai,Gold,12,9629.47,880.35,80,19,34,0.189,5,1,UPI,0
11842,32,Male,Ahmedabad,Silver,12,47202.32,4115.53,29,13,38,0.588,4,0,Debit Card,0
11843,42,Female,Mumbai,Silver,10,28711.18,3101.83,24,20,53,0.562,2,1,Credit Card,0
11844,47,Male,Delhi,Gold,17,28240.16,1997.11,43,21,37,0.289,6,2,Net Banking,0
11845,31,Female,Kolkata,Gold,7,18845.6,2759.74,49,14,33,0.293,4,1,COD,0
11846,24,Female,Hyderabad,Platinum,11,6088.62,571.92,12,14,35,0.464,4,4,COD,0
11847,34,Female,Delhi,Platinum,15,28040.22,2115.06,14,11,38,0.075,8,2,UPI,0
11848,61,Male,Chennai,Platinum,14,18860.91,1514.27,32,15,31,0.347,2,0,COD,0
11849,37,Male,Bangalore,Gold,11,38370.89,3501.01,53,18,43,0.359,4,4,Credit Card,0
11850,53,Male,Mumbai,Silver,8,25831.05,3561.51,27,21,31,0.365,4,2,Credit Card,0
11851,26,Female,Hyderabad,Bronze,11,32426.4,3001.41,41,19,34,0.57,8,0,Credit Card,0
11852,55,Female,Mumbai,Gold,13,39971.64,3052.63,21,19,32,0.148,2,1,COD,0
11853,65,Male,Hyderabad,Bronze,14,20916.7,1615.12,43,20,27,0.302,5,1,Credit Card,0
11854,39,Female,Ahmedabad,Bronze,5,13843.77,2845.26,42,14,26,0.068,3,1,Debit Card,0
11855,19,Female,Kolkata,Bronze,12,11889.63,958.56,72,16,29,0.317,3,1,Credit Card,0
11856,41,Female,Mumbai,Gold,13,10505.0,837.25,12,16,33,0.574,3,2,COD,0
11857,25,Male,Bangalore,Gold,7,15469.57,2105.07,46,13,40,0.209,10,2,Net Banking,0
11858,28,Female,Kolkata,Silver,8,22566.95,2677.18,85,17,31,0.161,5,1,Credit Card,1
11859,30,Male,Kolkata,Silver,13,33435.13,2738.32,85,12,51,0.223,3,3,Credit Card,0
11860,34,Male,Ahmedabad,Gold,7,7061.79,1068.68,43,15,35,0.813,4,2,UPI,0
11861,25,Male,Hyderabad,Silver,12,10487.38,803.59,25,13,34,0.603,2,1,UPI,0
11862,38,Male,Pune,Silver,10,15238.16,1793.61,27,15,37,0.585,3,0,COD,0
11863,35,Male,Mumbai,Silver,16,23157.18,1411.23,36,14,37,0.165,7,2,Debit Card,0
11864,47,Female,Mumbai,Silver,8,22286.42,2750.82,26,9,47,0.502,5,2,Debit Card,0
11865,35,Male,Delhi,Silver,9,11696.27,1288.42,73,17,36,0.081,6,4,Credit Card,0
11866,63,Male,Hyderabad,Silver,9,33650.94,3949.87,134,13,46,0.195,6,0,Credit Card,1
11867,64,Male,Chennai,Silver,8,19886.53,2526.12,51,19,40,0.284,5,0,UPI,0
11868,48,Female,Pune,Platinum,11,23380.47,2067.77,11,16,37,0.629,6,2,Net Banking,0
11869,55,Female,Bangalore,Bronze,11,13363.54,1167.4,102,16,30,0.606,2,1,Net Banking,1
11870,49,Female,Delhi,Bronze,14,13087.24,1010.98,33,4,28,0.593,6,3,UPI,0
11871,28,Female,Ahmedabad,Silver,8,13654.99,1911.17,67,22,34,0.469,6,2,Credit Card,1
11872,62,Male,Pune,Bronze,9,15013.65,1679.04,76,20,32,0.218,6,1,UPI,1
11873,42,Male,Hyderabad,Silver,27,18886.0,641.35,13,14,35,0.307,3,1,Debit Card,0
11874,50,Female,Pune,Bronze,14,52825.71,3434.47,24,19,31,0.492,3,1,Debit Card,0
11875,55,Female,Ahmedabad,Silver,5,6693.73,1205.3,84,13,37,0.385,6,2,UPI,1
11876,58,Female,Kolkata,Bronze,17,44613.79,2517.35,35,21,36,0.767,1,1,UPI,0
11877,25,Female,Mumbai,Gold,18,50917.23,2597.98,20,17,36,0.258,3,1,UPI,0
11878,28,Male,Kolkata,Silver,15,9528.46,743.04,81,12,42,0.463,3,1,Debit Card,1
11879,39,Female,Mumbai,Bronze,5,8964.2,1853.76,75,15,31,0.455,3,3,UPI,0
11880,41,Female,Delhi,Gold,14,11894.77,931.33,69,10,30,0.312,6,1,Net Banking,0
11881,58,Female,Ahmedabad,Bronze,9,23230.38,2566.84,27,14,41,0.429,2,1,UPI,0
11882,34,Female,Hyderabad,Gold,16,36844.17,2256.27,80,14,37,0.626,2,1,UPI,0
11883,29,Female,Hyderabad,Platinum,11,19948.52,2130.45,52,14,27,0.369,4,2,UPI,1
11884,63,Female,Pune,Bronze,11,14739.42,1461.84,16,14,45,0.178,6,0,Net Banking,0
11885,49,Female,Delhi,Platinum,12,36490.46,3262.93,14,21,37,0.217,8,3,COD,0
11886,32,Male,Hyderabad,Gold,13,19365.79,1859.95,17,13,20,0.31,6,3,Debit Card,0
11887,33,Male,Chennai,Platinum,8,6365.39,870.39,93,17,32,0.223,5,1,Net Banking,0
11888,39,Male,Chennai,Gold,12,15530.99,1350.14,38,18,40,0.636,2,1,UPI,0
11889,45,Male,Kolkata,Bronze,9,3571.52,393.61,15,14,43,0.092,3,0,COD,0
11890,37,Male,Mumbai,Platinum,12,17525.67,1611.09,43,20,37,0.065,9,1,Debit Card,0
11891,50,Male,Pune,Bronze,9,12849.02,1381.85,32,15,37,0.616,5,0,UPI,0
11892,27,Female,Bangalore,Bronze,20,55219.34,2825.12,45,15,30,0.271,5,1,COD,0
11893,57,Female,Ahmedabad,Bronze,12,31884.97,2715.0,96,12,47,0.563,6,2,COD,0
11894,49,Male,Mumbai,Bronze,9,22651.38,2391.39,62,8,41,0.717,5,5,UPI,1
11895,50,Female,Delhi,Silver,11,34957.5,3052.41,77,17,27,0.556,6,1,Credit Card,1
11896,19,Male,Hyderabad,Gold,13,14091.59,1139.44,40,23,25,0.067,6,1,UPI,0
11897,50,Female,Mumbai,Platinum,7,15501.38,2486.49,29,20,34,0.442,6,1,UPI,0
11898,50,Female,Bangalore,Bronze,12,10367.8,905.8,51,14,28,0.268,1,5,UPI,0
11899,58,Female,Bangalore,Platinum,6,10957.43,1770.84,115,21,41,0.236,5,2,UPI,1
11900,30,Female,Chennai,Platinum,12,32406.08,2507.07,70,14,39,0.371,7,3,COD,0
11901,47,Female,Delhi,Bronze,12,18903.72,1721.41,54,16,34,0.564,5,3,Credit Card,0
11902,50,Female,Mumbai,Silver,9,31279.33,3669.93,25,17,33,0.497,6,1,Net Banking,0
11903,30,Male,Pune,Gold,12,24700.8,1886.77,88,19,34,0.296,10,1,Debit Card,0
11904,43,Male,Mumbai,Silver,12,31422.94,2920.71,27,14,39,0.875,7,0,Debit Card,0
11905,39,Female,Chennai,Gold,10,19450.35,1961.92,26,22,29,0.286,6,1,UPI,0
11906,56,Male,Kolkata,Gold,10,19944.96,2318.5,35,15,39,0.376,2,1,UPI,0
11907,19,Female,Bangalore,Silver,11,19138.45,1871.47,13,21,42,0.283,7,1,Credit Card,0
11908,55,Male,Delhi,Bronze,11,26906.74,2359.43,59,12,40,0.244,4,3,Debit Card,0
11909,56,Female,Delhi,Silver,15,52631.52,3753.98,29,14,31,0.098,2,1,Credit Card,0
11910,43,Male,Pune,Bronze,15,48614.47,3588.84,58,13,34,0.327,4,0,COD,0
11911,63,Female,Delhi,Silver,9,16181.47,1761.55,11,14,37,0.293,5,4,Debit Card,0
11912,32,Male,Chennai,Gold,17,35793.85,1993.9,9,15,39,0.455,5,5,UPI,0
11913,51,Female,Chennai,Silver,6,13762.35,2245.76,38,17,41,0.099,5,1,UPI,0
11914,59,Male,Chennai,Platinum,14,34510.59,2777.88,52,16,31,0.363,8,1,UPI,0
11915,61,Female,Delhi,Silver,12,49288.18,3869.04,56,11,38,0.576,7,0,Credit Card,0
11916,57,Female,Delhi,Gold,9,31826.86,3357.35,76,21,47,0.074,6,1,Credit Card,0
11917,28,Female,Chennai,Gold,16,34943.0,1959.92,28,15,41,0.389,7,0,COD,0
11918,20,Male,Delhi,Platinum,18,50291.46,2562.71,46,10,21,0.6,4,1,Credit Card,0
11919,23,Male,Ahmedabad,Gold,15,33936.16,2403.15,28,20,34,0.65,7,1,Debit Card,0
11920,26,Male,Delhi,Bronze,11,17493.83,1654.81,21,19,23,0.373,8,3,Credit Card,0
11921,23,Female,Ahmedabad,Platinum,5,14159.62,3112.19,28,14,37,0.474,4,1,Debit Card,0
11922,26,Male,Bangalore,Gold,12,3300.02,300.0,34,19,29,0.227,8,1,UPI,0
11923,56,Female,Mumbai,Bronze,7,20654.62,3105.52,35,18,37,0.541,3,0,UPI,0
11924,48,Male,Hyderabad,Gold,12,32401.18,2570.68,72,20,24,0.226,6,0,COD,0
11925,49,Male,Ahmedabad,Platinum,12,6501.45,574.19,132,17,44,0.326,5,0,Credit Card,0
11926,58,Male,Ahmedabad,Silver,13,17015.74,1262.41,31,11,41,0.381,3,3,UPI,1
11927,29,Male,Delhi,Silver,7,2161.76,340.71,37,13,21,0.281,5,0,UPI,0
11928,25,Female,Hyderabad,Gold,14,50741.64,3727.1,40,15,39,0.163,6,3,Debit Card,0
11929,25,Male,Kolkata,Gold,5,6371.94,1307.52,91,23,32,0.453,3,0,Credit Card,1
11930,45,Male,Hyderabad,Silver,13,32485.17,3019.18,44,12,38,0.481,9,1,UPI,0
11931,37,Female,Bangalore,Bronze,12,37139.33,3051.29,38,11,46,0.354,5,3,COD,1
11932,64,Female,Ahmedabad,Bronze,18,33149.8,2091.4,19,13,41,0.351,4,3,COD,0
11933,24,Male,Delhi,Gold,15,22445.28,1601.89,18,16,38,0.138,4,0,UPI,0
11934,28,Male,Chennai,Gold,7,16055.8,2661.49,37,18,31,0.105,8,0,UPI,0
11935,37,Female,Hyderabad,Bronze,13,34428.94,2393.88,44,6,41,0.35,7,1,Credit Card,0
11936,33,Female,Delhi,Silver,9,26558.55,3042.61,58,11,34,0.095,8,0,Credit Card,0
11937,21,Female,Pune,Bronze,9,8964.21,1144.02,49,21,31,0.448,5,1,UPI,0
11938,23,Male,Kolkata,Gold,10,33848.37,3120.19,46,25,26,0.392,4,0,Net Banking,0
11939,39,Male,Chennai,Bronze,12,39044.68,3412.91,45,14,32,0.749,2,2,UPI,1
11940,43,Male,Pune,Bronze,6,12558.12,1968.91,61,14,36,0.488,4,3,Credit Card,1
11941,20,Female,Pune,Bronze,9,10934.27,1339.61,21,16,30,0.333,3,1,Debit Card,0
11942,58,Female,Hyderabad,Silver,14,26603.66,1765.04,48,18,48,0.198,5,1,Net Banking,1
11943,59,Female,Pune,Silver,11,18963.05,1623.88,31,13,47,0.744,5,0,UPI,0
11944,31,Male,Bangalore,Bronze,8,16082.33,2037.25,83,14,40,0.158,7,3,UPI,0
11945,28,Female,Bangalore,Platinum,16,21532.47,1535.68,71,10,33,0.46,2,2,Debit Card,0
11946,35,Male,Hyderabad,Bronze,14,35921.04,2610.86,24,10,48,0.333,5,0,UPI,0
11947,29,Female,Delhi,Silver,11,32807.1,2773.02,58,13,30,0.223,6,1,Debit Card,0
11948,40,Male,Mumbai,Platinum,16,32067.08,1876.9,72,10,43,0.575,4,0,UPI,0
11949,29,Male,Delhi,Silver,11,4509.71,440.97,49,11,32,0.222,5,0,Credit Card,0
11950,30,Female,Delhi,Silver,8,19707.9,2598.72,65,4,36,0.648,15,0,Debit Card,0
11951,42,Male,Delhi,Bronze,15,13846.5,872.39,73,17,40,0.225,5,2,Debit Card,0
11952,62,Female,Delhi,Gold,18,43969.65,2424.63,77,12,32,0.106,4,4,Debit Card,0
11953,36,Male,Chennai,Silver,10,19815.57,2264.68,41,17,39,0.395,5,2,Debit Card,0
11954,63,Female,Mumbai,Gold,8,15726.06,1903.93,13,13,42,0.204,4,0,Net Banking,0
11955,53,Female,Chennai,Bronze,12,37021.77,2780.35,34,15,37,0.422,9,1,Net Banking,0
11956,62,Male,Pune,Silver,10,24218.35,2527.21,63,12,44,0.398,3,1,UPI,0
11957,25,Female,Kolkata,Gold,12,26991.23,2548.91,64,5,33,0.248,2,3,Credit Card,0
11958,46,Male,Delhi,Platinum,9,26552.85,2938.92,18,15,41,0.363,6,3,COD,0
11959,49,Female,Kolkata,Bronze,8,15897.28,1828.46,135,17,30,0.42,4,2,Credit Card,1
11960,61,Female,Bangalore,Gold,18,35503.5,1815.9,23,16,39,0.338,2,1,UPI,0
11961,35,Female,Hyderabad,Bronze,17,52116.41,3169.5,54,13,34,0.191,7,2,COD,0
11962,23,Female,Hyderabad,Silver,10,32901.9,2777.71,33,15,31,0.331,8,2,Credit Card,0
11963,35,Male,Chennai,Bronze,2,3519.39,1777.27,10,15,26,0.101,8,1,UPI,0
11964,36,Female,Chennai,Silver,13,4937.27,396.64,79,11,33,0.316,5,3,Credit Card,1
11965,39,Female,Bangalore,Silver,15,40413.67,2552.84,118,16,44,0.382,2,0,Credit Card,1
11966,54,Male,Delhi,Bronze,19,50108.84,2637.32,35,15,30,0.269,1,3,UPI,0
11967,49,Male,Kolkata,Bronze,9,11796.22,1108.85,63,18,42,0.152,5,0,Credit Card,0
11968,58,Male,Ahmedabad,Bronze,10,15558.29,1436.32,20,21,32,0.133,4,1,UPI,0
11969,20,Male,Kolkata,Platinum,13,25106.05,1832.95,5,12,25,0.083,3,3,Credit Card,0
11970,45,Male,Mumbai,Platinum,15,39768.49,2607.09,64,13,39,0.62,6,1,Credit Card,0
11971,27,Male,Pune,Gold,13,61179.52,4435.22,18,11,33,0.524,7,4,UPI,0
11972,52,Female,Hyderabad,Bronze,12,37872.73,3205.94,10,10,48,0.579,8,2,Net Banking,0
11973,46,Male,Pune,Silver,15,12001.02,842.4,6,18,30,0.426,5,0,Net Banking,0
11974,32,Female,Mumbai,Gold,16,29184.33,1807.41,46,14,34,0.679,3,2,COD,0
11975,50,Male,Chennai,Platinum,7,13868.69,2114.92,31,25,35,0.282,7,3,UPI,0
11976,24,Female,Kolkata,Silver,14,36582.39,2652.21,33,10,43,0.373,7,3,UPI,0
11977,29,Female,Hyderabad,Gold,9,12613.62,1468.77,11,18,35,0.112,11,1,Credit Card,0
11978,47,Female,Pune,Platinum,5,12320.67,2726.08,78,23,34,0.267,2,2,COD,0
11979,38,Male,Ahmedabad,Gold,11,19263.23,1738.26,106,14,39,0.289,5,1,COD,0
11980,48,Male,Chennai,Bronze,16,45304.69,2724.64,8,11,33,0.193,4,3,Credit Card,0
11981,41,Male,Mumbai,Bronze,8,18951.34,2268.21,80,14,35,0.129,8,5,Credit Card,1
11982,37,Male,Ahmedabad,Silver,9,42105.0,4040.89,18,21,29,0.408,5,3,UPI,0
11983,54,Female,Pune,Silver,15,49146.86,3080.94,82,13,34,0.243,2,1,COD,0
11984,21,Male,Ahmedabad,Bronze,15,49877.05,3382.5,21,13,38,0.626,5,2,Credit Card,0
11985,45,Female,Kolkata,Bronze,8,8096.99,1248.11,23,14,42,0.6,9,0,Net Banking,0
11986,61,Female,Delhi,Gold,12,19566.36,1721.11,11,18,36,0.246,11,0,UPI,0
11987,37,Male,Ahmedabad,Silver,13,34511.58,2494.46,33,20,39,0.22,5,1,UPI,1
11988,41,Male,Chennai,Bronze,8,8122.68,1089.94,16,21,32,0.226,6,3,UPI,0
11989,49,Male,Mumbai,Silver,19,53037.25,3140.85,37,12,40,0.212,2,2,Credit Card,0
11990,58,Female,Pune,Gold,10,24298.8,2317.43,29,18,40,0.519,4,1,COD,0
11991,53,Male,Kolkata,Gold,9,27051.87,3189.94,26,10,32,0.29,9,0,UPI,0
11992,51,Female,Delhi,Bronze,14,42031.61,2634.09,22,13,38,0.263,0,2,UPI,0
11993,53,Male,Delhi,Gold,19,43466.56,2240.38,21,19,42,0.256,6,0,UPI,0
11994,19,Female,Mumbai,Silver,4,9308.66,2089.59,27,19,41,0.118,12,2,UPI,0
11995,32,Male,Bangalore,Bronze,8,12112.54,1508.03,120,16,43,0.581,4,2,Credit Card,1
11996,51,Male,Kolkata,Gold,14,20113.69,1454.47,45,12,39,0.646,5,3,COD,0
11997,53,Female,Kolkata,Silver,13,36507.21,2999.8,32,12,32,0.601,6,2,UPI,0
11998,23,Male,Hyderabad,Bronze,20,60437.8,2801.22,91,16,31,0.323,4,1,Credit Card,0
11999,56,Male,Mumbai,Silver,17,51649.98,3310.66,40,18,16,0.358,2,2,Debit Card,0
12000,59,Male,Delhi,Bronze,12,18509.07,1708.89,61,10,28,0.377,5,2,Credit Card,0
12001,29,Male,Delhi,Bronze,16,46913.1,3210.33,39,14,37,0.216,3,3,UPI,0
12002,20,Male,Ahmedabad,Gold,11,23711.47,2041.08,61,20,35,0.578,2,3,UPI,1
12003,62,Male,Mumbai,Bronze,12,31005.35,2721.94,38,19,47,0.596,3,1,COD,0
12004,35,Male,Bangalore,Platinum,13,44917.03,3362.38,100,16,27,0.511,6,2,UPI,0
12005,57,Female,Hyderabad,Silver,12,55146.06,4063.93,30,10,33,0.305,5,1,UPI,0
12006,38,Female,Pune,Bronze,13,41446.04,3165.18,7,12,36,0.409,9,0,COD,0
12007,32,Male,Mumbai,Bronze,10,25937.91,2382.53,53,14,30,0.555,8,0,UPI,0
12008,50,Male,Hyderabad,Silver,9,27282.78,2704.86,34,8,32,0.519,12,0,UPI,0
12009,52,Male,Kolkata,Silver,10,31682.2,3324.11,23,17,33,0.363,6,1,Credit Card,0
12010,43,Female,Hyderabad,Bronze,10,29207.63,2838.91,20,13,35,0.266,6,1,UPI,0
12011,25,Female,Ahmedabad,Bronze,12,24397.77,1840.67,60,14,43,0.346,7,0,COD,0
12012,53,Male,Chennai,Gold,6,16676.93,2753.31,21,18,36,0.267,6,0,Net Banking,0
12013,65,Female,Delhi,Bronze,15,44545.09,3373.28,15,11,41,0.167,3,1,Credit Card,0
12014,47,Male,Ahmedabad,Gold,8,29814.42,3831.19,39,14,28,0.136,5,0,COD,0
12015,40,Male,Pune,Gold,13,29717.95,2255.92,24,10,42,0.146,4,2,UPI,0
12016,59,Male,Mumbai,Silver,11,13749.84,1194.92,88,16,44,0.376,5,2,UPI,0
12017,61,Male,Ahmedabad,Bronze,11,5638.82,598.29,67,17,42,0.562,7,2,UPI,0
12018,31,Female,Delhi,Bronze,11,32468.26,2916.07,103,13,37,0.157,9,3,UPI,1
12019,31,Female,Chennai,Gold,13,10330.9,819.91,42,16,27,0.485,7,0,Debit Card,0
12020,19,Male,Ahmedabad,Bronze,14,31391.43,2488.04,52,20,34,0.512,3,2,Net Banking,0
12021,54,Female,Chennai,Bronze,9,29221.79,3169.91,43,9,33,0.311,6,1,UPI,1
12022,22,Female,Ahmedabad,Silver,15,27943.84,2053.14,43,15,22,0.404,6,1,COD,0
12023,55,Male,Delhi,Bronze,19,16040.35,853.65,9,21,33,0.293,3,2,COD,0
12024,62,Female,Bangalore,Silver,10,10461.27,1066.05,25,16,31,0.224,5,0,Credit Card,0
12025,58,Male,Hyderabad,Gold,12,17913.14,1372.17,57,16,41,0.218,5,1,Credit Card,0
12026,64,Male,Mumbai,Silver,8,15635.77,2088.35,9,14,32,0.61,3,1,Credit Card,0
12027,31,Male,Mumbai,Platinum,7,23605.33,3283.73,70,13,34,0.183,5,1,UPI,1
12028,56,Male,Mumbai,Gold,10,21300.93,2210.58,129,16,36,0.252,4,1,UPI,1
12029,42,Female,Delhi,Bronze,10,46949.36,4137.97,66,14,44,0.252,4,2,Debit Card,0
12030,37,Male,Kolkata,Silver,12,37323.75,3136.79,42,13,28,0.175,3,1,UPI,0
12031,19,Female,Bangalore,Silver,12,26523.12,2465.93,101,16,28,0.373,9,0,COD,0
12032,56,Male,Pune,Silver,5,10637.23,2135.6,46,15,39,0.13,11,2,Credit Card,0
12033,23,Male,Chennai,Bronze,9,15349.83,1752.1,21,17,45,0.595,3,0,Debit Card,0
12034,34,Female,Delhi,Platinum,16,36028.8,2334.36,12,8,45,0.296,7,4,Debit Card,0
12035,42,Male,Kolkata,Silver,14,35994.69,2688.12,31,12,25,0.568,5,0,Debit Card,0
12036,45,Female,Pune,Silver,8,14815.88,2489.09,30,21,29,0.806,10,0,COD,1
12037,19,Female,Chennai,Silver,13,27331.83,1751.25,16,17,34,0.552,7,0,UPI,0
12038,52,Male,Chennai,Silver,11,13708.52,1271.27,36,20,37,0.119,6,3,Debit Card,1
12039,54,Male,Bangalore,Gold,12,47725.93,3876.31,24,14,34,0.347,6,4,UPI,0
12040,22,Male,Hyderabad,Silver,12,35853.29,2770.82,48,14,28,0.414,4,2,Debit Card,0
12041,18,Male,Mumbai,Bronze,10,24216.04,2519.95,50,9,37,0.448,6,3,Credit Card,1
12042,57,Male,Ahmedabad,Bronze,8,22125.49,2655.75,64,13,38,0.608,5,1,COD,0
12043,29,Male,Pune,Gold,10,29084.53,3191.23,30,19,32,0.45,10,2,UPI,0
12044,53,Female,Delhi,Silver,9,16001.46,1778.92,67,14,35,0.544,3,0,COD,1
12045,62,Female,Pune,Platinum,11,23493.81,2083.31,22,17,35,0.183,7,2,Credit Card,0
12046,40,Male,Hyderabad,Bronze,15,22917.8,1522.75,41,11,35,0.359,5,3,COD,0
12047,64,Female,Mumbai,Bronze,17,35712.78,2193.53,42,13,28,0.478,2,1,Net Banking,0
12048,48,Female,Pune,Bronze,9,13721.19,1591.65,47,18,34,0.201,4,1,Net Banking,0
12049,28,Male,Hyderabad,Silver,18,22583.91,1294.26,25,13,27,0.174,4,2,Credit Card,0
12050,27,Male,Delhi,Silver,10,8162.03,742.28,43,20,36,0.05,7,2,Net Banking,0
12051,20,Female,Bangalore,Bronze,13,44784.21,3692.23,53,16,33,0.546,4,1,COD,0
12052,31,Male,Kolkata,Silver,15,26970.56,1898.91,38,22,40,0.162,7,6,UPI,0
12053,33,Female,Chennai,Silver,12,34080.53,2638.08,96,18,31,0.462,6,0,UPI,1
12054,27,Male,Delhi,Bronze,15,41356.71,2286.72,12,11,41,0.463,6,2,UPI,0
12055,46,Female,Mumbai,Silver,17,44836.12,2647.5,29,19,34,0.395,9,1,UPI,0
12056,27,Female,Chennai,Gold,16,6777.56,396.84,90,17,31,0.201,5,4,Net Banking,1
12057,29,Female,Kolkata,Bronze,5,8512.68,1777.1,52,16,26,0.495,3,0,UPI,0
12058,47,Female,Delhi,Bronze,9,35223.81,3243.59,95,17,40,0.57,7,2,Credit Card,0
12059,58,Male,Ahmedabad,Bronze,10,42836.74,3948.76,59,16,28,0.455,2,0,Credit Card,0
12060,18,Male,Delhi,Gold,15,27649.95,1871.94,40,18,35,0.222,9,4,Net Banking,0
12061,22,Female,Delhi,Gold,13,27419.05,1975.67,93,12,41,0.333,9,1,UPI,0
12062,37,Female,Ahmedabad,Silver,8,23803.25,3159.77,33,14,28,0.697,2,1,Credit Card,1
12063,25,Male,Delhi,Bronze,15,33794.97,2596.66,47,17,38,0.232,3,0,UPI,0
12064,60,Male,Chennai,Platinum,13,32680.8,2226.67,35,19,41,0.481,6,3,Debit Card,0
12065,29,Female,Mumbai,Platinum,14,28332.12,2141.9,48,13,36,0.275,6,4,COD,0
12066,18,Female,Kolkata,Gold,20,35772.19,1686.57,44,16,26,0.362,6,1,UPI,0
12067,37,Female,Hyderabad,Platinum,13,19823.57,1655.09,48,27,34,0.157,9,3,COD,0
12068,45,Female,Pune,Gold,12,27267.51,2318.84,20,18,32,0.663,7,0,UPI,1
12069,60,Female,Ahmedabad,Gold,18,44866.79,2484.99,25,18,43,0.267,1,0,Credit Card,0
12070,54,Male,Bangalore,Silver,10,22600.03,2531.84,17,14,21,0.232,7,3,UPI,0
12071,64,Female,Ahmedabad,Silver,18,27148.35,1583.08,45,10,34,0.461,7,2,Debit Card,0
12072,54,Male,Kolkata,Bronze,14,45964.12,3399.34,17,13,34,0.528,3,0,Debit Card,0
12073,29,Male,Pune,Gold,7,4665.32,740.85,85,13,45,0.25,2,1,Credit Card,1
12074,54,Male,Pune,Platinum,20,52453.76,2676.65,33,12,24,0.113,4,1,UPI,0
12075,61,Female,Bangalore,Silver,7,12388.7,1714.06,17,15,29,0.446,5,3,COD,0
12076,45,Male,Kolkata,Bronze,12,14923.69,1420.7,29,14,42,0.254,9,1,Credit Card,0
12077,64,Male,Chennai,Bronze,13,23072.19,1907.66,53,15,36,0.393,5,6,Credit Card,0
12078,32,Male,Mumbai,Bronze,8,5872.01,767.55,51,17,38,0.181,1,3,COD,0
12079,23,Male,Bangalore,Bronze,4,9344.06,2518.85,49,18,33,0.586,4,1,Debit Card,1
12080,61,Female,Mumbai,Silver,10,33093.7,3653.04,21,12,37,0.087,5,3,UPI,0
12081,37,Female,Chennai,Platinum,18,26430.05,1620.15,51,15,28,0.722,2,1,UPI,0
12082,31,Male,Pune,Bronze,16,68310.85,4315.78,25,15,31,0.185,8,0,UPI,0
12083,19,Male,Mumbai,Bronze,16,22473.17,1425.22,74,14,37,0.209,7,2,Credit Card,0
12084,26,Female,Chennai,Silver,16,27486.5,1819.09,25,10,38,0.696,7,0,UPI,0
12085,54,Female,Chennai,Bronze,10,37791.42,3423.83,77,14,31,0.158,4,3,UPI,1
12086,37,Female,Hyderabad,Platinum,7,8040.28,1122.59,21,17,38,0.265,7,0,UPI,0
12087,43,Male,Bangalore,Bronze,9,20733.93,1996.04,111,12,37,0.557,7,1,Credit Card,1
12088,46,Female,Hyderabad,Bronze,11,41125.54,3747.15,38,12,35,0.549,4,0,UPI,0
12089,18,Male,Ahmedabad,Bronze,6,7056.52,1138.97,14,9,39,0.288,5,3,Credit Card,0
12090,52,Male,Pune,Bronze,6,17485.41,2731.5,73,14,40,0.181,3,3,UPI,0
12091,23,Female,Bangalore,Silver,7,19335.76,2659.53,143,13,38,0.474,7,4,COD,1
12092,54,Male,Pune,Bronze,8,3427.27,469.54,31,14,35,0.131,4,2,Credit Card,0
12093,22,Female,Hyderabad,Silver,9,15991.77,1645.99,39,15,28,0.533,6,3,COD,1
12094,50,Male,Kolkata,Silver,5,21925.83,4343.34,37,13,27,0.163,9,3,UPI,0
12095,31,Female,Chennai,Bronze,13,28434.23,2401.42,37,15,29,0.558,7,1,Net Banking,0
12096,29,Male,Pune,Bronze,11,29059.67,2545.45,47,22,37,0.344,3,2,Credit Card,1
12097,59,Male,Bangalore,Silver,17,43710.53,2414.14,24,20,32,0.084,5,1,Debit Card,0
12098,37,Female,Ahmedabad,Gold,11,48097.68,4038.52,92,8,28,0.337,3,1,Net Banking,1
12099,41,Female,Bangalore,Platinum,12,15275.11,1323.6,43,13,24,0.109,6,4,UPI,0
12100,60,Female,Pune,Bronze,8,13028.37,1589.39,28,19,33,0.431,6,1,Credit Card,1
12101,51,Female,Bangalore,Bronze,12,25743.74,2100.32,43,14,34,0.272,5,1,Debit Card,0
12102,42,Male,Ahmedabad,Bronze,9,25926.97,2700.16,42,14,36,0.048,12,1,UPI,0
12103,46,Female,Chennai,Silver,12,27175.64,2338.34,35,14,31,0.13,3,1,Debit Card,0
12104,56,Female,Kolkata,Silver,14,32571.12,2363.79,3,19,29,0.331,8,1,COD,0
12105,48,Male,Chennai,Gold,10,18017.09,1703.03,40,17,35,0.114,2,1,Debit Card,0
12106,64,Female,Bangalore,Gold,9,27106.73,2746.4,9,20,46,0.037,3,2,UPI,0
12107,60,Female,Ahmedabad,Bronze,9,4304.64,496.95,65,8,32,0.305,7,1,Debit Card,1
12108,40,Male,Ahmedabad,Silver,5,9922.41,1707.2,35,17,29,0.236,3,1,COD,0
12109,61,Female,Pune,Platinum,10,16254.55,1460.94,5,14,45,0.482,5,0,UPI,0
12110,55,Female,Hyderabad,Bronze,15,18577.45,1208.89,38,15,36,0.244,7,1,COD,0
12111,37,Female,Bangalore,Silver,17,10689.38,597.4,18,14,52,0.2,3,2,Debit Card,0
12112,40,Female,Bangalore,Platinum,9,23514.32,2409.26,14,22,31,0.332,8,2,Credit Card,0
12113,62,Female,Bangalore,Gold,14,31777.24,2586.63,152,15,27,0.533,1,1,Net Banking,1
12114,33,Female,Bangalore,Gold,13,29554.76,2593.05,66,6,32,0.196,2,1,UPI,0
12115,59,Male,Pune,Bronze,12,40714.43,3047.17,55,20,43,0.239,6,1,Credit Card,0
12116,25,Female,Hyderabad,Silver,14,40512.12,3203.93,62,18,29,0.611,6,1,Debit Card,0
12117,38,Male,Hyderabad,Bronze,13,5390.76,364.64,34,23,35,0.482,1,2,UPI,0
12118,18,Male,Mumbai,Silver,12,29816.84,2767.84,53,10,41,0.365,6,1,COD,1
12119,25,Male,Bangalore,Bronze,12,28822.27,2364.24,56,15,40,0.386,6,1,UPI,0
12120,46,Male,Bangalore,Gold,8,20756.23,2354.22,31,14,33,0.573,8,2,UPI,1
12121,49,Female,Mumbai,Gold,14,28186.66,2088.52,21,9,40,0.624,3,0,UPI,0
12122,55,Female,Hyderabad,Silver,9,15226.65,1704.65,21,15,19,0.336,6,3,UPI,0
12123,22,Female,Ahmedabad,Bronze,17,50970.84,2675.09,39,17,42,0.643,5,0,UPI,0
12124,64,Male,Ahmedabad,Bronze,9,10432.43,1317.65,5,13,35,0.371,4,5,UPI,0
12125,39,Female,Delhi,Gold,8,24739.0,3192.57,41,13,45,0.041,7,2,UPI,0
12126,64,Female,Chennai,Silver,7,12938.79,1752.1,45,25,29,0.507,2,1,Debit Card,0
12127,51,Female,Delhi,Gold,11,3582.77,362.83,77,11,22,0.483,4,3,UPI,1
12128,18,Male,Hyderabad,Bronze,17,33971.89,2301.35,53,18,41,0.339,10,1,Debit Card,0
12129,43,Male,Kolkata,Silver,13,15652.94,1140.33,21,9,25,0.527,3,1,UPI,0
12130,60,Female,Bangalore,Gold,14,16927.17,1121.62,6,17,31,0.089,11,2,Credit Card,0
12131,27,Male,Delhi,Silver,14,38493.68,2815.42,46,15,50,0.295,4,2,Credit Card,0
12132,47,Male,Pune,Silver,15,43446.8,3041.23,63,22,39,0.194,5,0,Credit Card,0
12133,35,Female,Ahmedabad,Gold,7,15050.38,2101.88,61,17,35,0.277,5,2,Debit Card,0
12134,34,Male,Pune,Bronze,19,7682.54,388.46,54,12,30,0.384,3,1,UPI,0
12135,43,Male,Mumbai,Bronze,16,44356.45,2678.28,71,19,39,0.492,4,2,UPI,0
12136,25,Female,Hyderabad,Silver,11,22835.16,1912.41,61,17,37,0.521,7,0,Net Banking,0
12137,64,Male,Hyderabad,Bronze,8,28731.55,3440.44,15,22,31,0.404,8,4,UPI,0
12138,57,Male,Delhi,Gold,14,58820.38,3970.42,30,14,37,0.367,4,2,Credit Card,0
12139,29,Male,Bangalore,Gold,13,10864.51,846.16,69,10,31,0.268,2,0,Credit Card,1
12140,44,Male,Hyderabad,Platinum,11,54931.42,4425.33,65,16,36,0.223,5,0,UPI,0
12141,25,Male,Delhi,Silver,10,9079.95,797.57,42,13,49,0.145,6,0,Credit Card,0
12142,42,Male,Delhi,Bronze,13,23960.5,1715.47,29,10,40,0.195,4,1,Credit Card,0
12143,63,Male,Chennai,Bronze,13,37064.86,3123.66,23,7,35,0.649,4,1,Net Banking,0
12144,21,Male,Chennai,Gold,13,18664.51,1550.51,57,14,55,0.536,3,0,UPI,1
12145,50,Female,Hyderabad,Bronze,13,22043.45,1468.0,22,10,43,0.662,9,1,Debit Card,0
12146,18,Female,Delhi,Gold,12,7826.84,664.2,68,10,53,0.401,3,2,Credit Card,1
12147,36,Female,Mumbai,Gold,10,10207.04,997.91,80,8,25,0.282,5,3,COD,0
12148,48,Female,Mumbai,Bronze,17,29622.34,1467.09,15,15,36,0.233,3,0,UPI,0
12149,33,Male,Chennai,Bronze,18,55221.02,2896.96,40,19,46,0.3,4,1,Credit Card,0
12150,31,Female,Hyderabad,Silver,11,41413.49,3710.66,87,23,33,0.294,4,1,Credit Card,0
12151,65,Female,Ahmedabad,Gold,8,11990.2,1517.27,31,15,30,0.336,8,1,UPI,0
12152,22,Male,Bangalore,Bronze,13,21759.79,1839.3,26,19,33,0.314,1,0,UPI,0
12153,58,Male,Kolkata,Platinum,9,11726.52,1305.52,26,20,30,0.39,3,2,Credit Card,0
12154,43,Male,Ahmedabad,Silver,8,6213.56,824.6,64,18,40,0.157,8,3,Credit Card,0
12155,45,Male,Mumbai,Platinum,12,10036.74,827.03,105,12,26,0.584,4,2,UPI,0
12156,19,Male,Mumbai,Bronze,7,7530.06,1052.04,49,16,36,0.397,1,1,Credit Card,0
12157,23,Female,Ahmedabad,Bronze,10,21202.88,2154.92,74,15,17,0.53,2,6,UPI,1
12158,26,Male,Chennai,Gold,14,22884.91,1634.41,98,17,26,0.253,0,2,UPI,1
12159,50,Female,Chennai,Gold,10,19843.55,1860.48,91,12,29,0.521,9,3,COD,0
12160,58,Female,Hyderabad,Silver,11,28207.15,2557.13,119,11,31,0.281,8,2,UPI,0
12161,42,Male,Chennai,Gold,18,34498.71,2116.74,28,14,34,0.309,8,1,UPI,0
12162,65,Female,Pune,Gold,6,6996.25,1151.88,14,14,37,0.127,4,1,Credit Card,0
12163,30,Female,Kolkata,Bronze,9,26335.23,3061.55,39,15,37,0.504,3,2,UPI,0
12164,26,Male,Ahmedabad,Silver,12,5121.74,380.8,69,13,32,0.609,2,1,Credit Card,1
12165,30,Female,Ahmedabad,Gold,10,15027.37,1503.46,31,22,40,0.402,2,0,UPI,0
12166,48,Female,Delhi,Silver,10,39783.09,3749.95,47,23,43,0.132,2,3,Credit Card,1
12167,58,Female,Mumbai,Bronze,9,20659.42,2506.45,20,12,42,0.739,5,1,Credit Card,0
12168,28,Male,Ahmedabad,Gold,14,7967.53,581.59,29,13,42,0.343,5,0,Net Banking,0
12169,21,Male,Pune,Bronze,21,17234.86,775.02,70,12,32,0.179,7,2,Debit Card,0
12170,51,Male,Ahmedabad,Bronze,12,20968.78,1894.06,14,17,43,0.127,5,2,Net Banking,0
12171,55,Female,Bangalore,Platinum,16,30801.39,1762.04,41,13,39,0.473,3,3,COD,0
12172,63,Male,Pune,Silver,11,27420.65,2838.16,78,13,25,0.343,3,1,Net Banking,0
12173,21,Female,Hyderabad,Gold,15,45809.31,3217.67,53,17,30,0.159,3,2,COD,0
12174,55,Male,Bangalore,Gold,16,27879.26,1735.95,35,14,37,0.729,6,1,Net Banking,0
12175,36,Female,Bangalore,Bronze,16,32075.11,2105.19,84,19,41,0.469,9,2,Debit Card,0
12176,23,Male,Ahmedabad,Bronze,10,13212.74,1270.69,57,19,36,0.27,5,1,UPI,0
12177,51,Male,Chennai,Bronze,17,35226.83,2057.95,35,10,41,0.729,11,2,Net Banking,0
12178,35,Female,Ahmedabad,Bronze,13,14700.29,1277.47,36,16,36,0.122,2,3,Credit Card,0
12179,30,Male,Pune,Gold,12,26991.79,2221.94,38,18,30,0.193,7,2,Credit Card,0
12180,58,Female,Hyderabad,Silver,8,11470.3,1636.17,24,14,31,0.241,5,0,Credit Card,0
12181,40,Male,Mumbai,Silver,18,51783.19,2763.07,48,17,37,0.646,7,0,UPI,1
12182,36,Male,Kolkata,Bronze,12,35096.57,3144.47,27,21,40,0.421,4,0,UPI,0
12183,62,Female,Chennai,Silver,11,33217.31,3364.55,47,12,37,0.529,4,2,Credit Card,0
12184,28,Female,Pune,Silver,13,28859.04,2232.48,42,15,49,0.5,7,1,COD,0
12185,18,Female,Mumbai,Silver,10,25716.64,2746.42,17,14,31,0.405,4,0,UPI,0
12186,41,Male,Pune,Bronze,19,35491.95,1750.35,48,11,34,0.492,4,2,Debit Card,0
12187,24,Female,Chennai,Silver,21,30386.55,1443.24,120,15,43,0.371,4,3,UPI,1
12188,42,Male,Mumbai,Bronze,16,14874.72,969.3,53,14,38,0.181,7,3,Credit Card,0
12189,38,Female,Chennai,Silver,9,20915.98,2522.72,106,10,34,0.15,7,2,UPI,0
12190,32,Female,Pune,Gold,26,8576.68,354.51,90,8,40,0.711,8,1,Debit Card,0
12191,18,Female,Bangalore,Bronze,13,35048.74,2985.66,113,9,41,0.586,4,1,COD,1
12192,29,Female,Kolkata,Silver,9,17818.61,1877.08,55,14,29,0.399,4,3,Credit Card,1
12193,24,Female,Delhi,Bronze,5,10779.41,1936.59,5,16,41,0.124,5,0,COD,0
12194,32,Female,Kolkata,Bronze,14,36562.89,2806.59,36,11,29,0.104,8,1,Debit Card,0
12195,38,Male,Bangalore,Bronze,14,8996.11,549.59,52,17,35,0.419,7,2,Debit Card,0
12196,36,Female,Chennai,Platinum,9,17933.02,2000.2,68,15,38,0.396,5,2,Credit Card,0
12197,46,Male,Kolkata,Silver,10,35265.56,3620.59,18,21,31,0.666,9,4,UPI,0
12198,42,Female,Chennai,Platinum,14,27258.34,1944.51,67,16,33,0.172,6,0,UPI,0
12199,50,Female,Chennai,Silver,18,20136.57,1009.18,12,22,37,0.305,7,2,Credit Card,0
12200,49,Female,Mumbai,Silver,11,19514.49,1888.1,40,14,40,0.341,2,3,Net Banking,0
12201,52,Male,Hyderabad,Silver,14,45221.38,3378.02,53,15,50,0.283,9,2,Credit Card,0
12202,61,Male,Chennai,Bronze,11,13761.73,1511.4,73,19,32,0.422,4,0,Credit Card,0
12203,55,Female,Kolkata,Bronze,12,9356.42,814.08,58,16,44,0.176,3,1,Credit Card,0
12204,43,Male,Kolkata,Bronze,16,26939.03,1779.8,7,18,43,0.359,3,1,UPI,0
12205,28,Female,Kolkata,Silver,8,7506.97,935.73,63,13,41,0.248,6,0,Net Banking,0
12206,52,Female,Bangalore,Bronze,17,4901.0,300.0,87,17,33,0.331,11,1,Credit Card,0
12207,25,Male,Delhi,Bronze,10,26426.04,2878.3,76,14,37,0.221,5,3,UPI,1
12208,63,Male,Chennai,Bronze,10,32003.1,3143.24,21,15,46,0.493,9,1,UPI,0
12209,31,Male,Ahmedabad,Silver,20,49636.23,2577.11,83,17,37,0.015,8,4,Debit Card,0
12210,27,Male,Chennai,Gold,11,27581.77,3004.13,37,12,38,0.38,9,0,Net Banking,0
12211,19,Female,Chennai,Gold,11,20106.35,1834.27,18,15,35,0.361,2,0,UPI,0
12212,63,Male,Ahmedabad,Bronze,12,41786.91,3416.58,84,19,35,0.215,1,1,Credit Card,0
12213,26,Male,Mumbai,Bronze,9,15090.05,1634.48,74,14,23,0.379,6,3,UPI,0
12214,20,Female,Chennai,Silver,11,20609.19,2200.46,16,14,30,0.22,8,2,UPI,0
12215,38,Male,Bangalore,Platinum,12,17180.77,1440.7,43,16,46,0.558,5,1,UPI,0
12216,43,Male,Pune,Bronze,12,13242.27,938.1,112,16,28,0.556,7,3,Credit Card,0
12217,25,Male,Hyderabad,Gold,17,31800.47,1627.73,33,15,36,0.427,7,2,UPI,0
12218,65,Male,Kolkata,Silver,11,40172.16,4206.3,28,8,34,0.172,8,3,UPI,0
12219,19,Female,Chennai,Bronze,10,30279.55,3580.02,59,18,31,0.135,3,2,UPI,0
12220,23,Female,Mumbai,Bronze,18,53955.65,2897.61,87,18,29,0.3,1,1,Credit Card,0
12221,45,Male,Bangalore,Bronze,19,29327.14,1814.3,3,12,40,0.58,3,1,Credit Card,0
12222,46,Male,Chennai,Gold,12,20089.62,1793.88,12,12,38,0.147,2,0,COD,0
12223,43,Female,Ahmedabad,Silver,9,36885.52,3741.97,39,12,29,0.312,6,1,Credit Card,0
12224,42,Male,Mumbai,Silver,13,28519.95,2220.08,57,15,35,0.413,3,3,Net Banking,0
12225,29,Male,Pune,Silver,12,28522.49,2911.59,180,15,46,0.047,3,1,Credit Card,1
12226,22,Male,Delhi,Silver,14,24212.11,1701.65,48,10,37,0.32,5,0,Credit Card,0
12227,51,Male,Chennai,Silver,14,26400.89,1932.42,74,15,18,0.327,5,2,Net Banking,0
12228,65,Male,Bangalore,Bronze,8,24464.52,2902.6,99,16,36,0.223,9,0,UPI,1
12229,54,Male,Mumbai,Bronze,4,5954.41,1538.14,96,16,32,0.852,2,4,Credit Card,1
12230,32,Male,Ahmedabad,Bronze,14,43474.4,2513.44,57,16,32,0.486,1,1,UPI,0
12231,61,Male,Mumbai,Gold,13,20100.54,1569.71,40,8,41,0.432,4,0,Credit Card,0
12232,53,Male,Chennai,Bronze,10,27764.65,2659.16,30,12,31,0.199,5,5,COD,1
12233,32,Female,Mumbai,Silver,9,14942.32,1542.7,21,17,30,0.093,6,0,COD,0
12234,60,Female,Delhi,Bronze,14,58736.55,3777.31,66,15,37,0.264,6,2,UPI,1
12235,65,Female,Mumbai,Platinum,14,26304.71,2142.18,40,16,33,0.171,1,0,Credit Card,0
12236,40,Male,Kolkata,Bronze,12,38912.45,2897.04,82,20,30,0.407,10,4,Credit Card,1
12237,23,Male,Hyderabad,Bronze,11,23383.83,2181.41,41,17,32,0.466,3,0,Debit Card,0
12238,63,Female,Kolkata,Platinum,12,21593.5,1748.77,57,16,33,0.689,6,0,COD,0
12239,61,Male,Hyderabad,Silver,11,25492.33,2716.87,33,12,40,0.137,4,1,UPI,0
12240,60,Female,Mumbai,Platinum,13,35065.17,3238.42,52,14,40,0.768,3,2,Credit Card,0
12241,62,Male,Ahmedabad,Bronze,15,13698.37,896.48,118,14,38,0.651,3,1,UPI,1
12242,38,Female,Ahmedabad,Bronze,14,35696.54,2317.93,70,15,24,0.588,3,0,UPI,0
12243,40,Female,Chennai,Gold,12,22348.68,2102.72,40,15,38,0.345,1,2,Debit Card,1
12244,60,Female,Ahmedabad,Platinum,14,28720.9,2388.79,79,10,41,0.05,5,1,COD,0
12245,33,Male,Hyderabad,Bronze,13,44540.16,3418.46,59,15,32,0.551,8,1,UPI,0
12246,64,Female,Bangalore,Platinum,11,30000.26,2934.65,25,11,53,0.111,4,1,Credit Card,0
12247,32,Male,Hyderabad,Silver,20,68125.0,3240.98,80,15,39,0.586,5,2,Credit Card,1
12248,42,Male,Kolkata,Gold,13,29263.42,2436.79,38,15,30,0.279,5,1,COD,0
12249,53,Male,Mumbai,Silver,15,26839.38,1809.74,77,12,28,0.55,3,2,UPI,1
12250,28,Male,Chennai,Bronze,5,1673.38,300.0,75,15,33,0.761,11,6,Debit Card,1
12251,32,Male,Pune,Platinum,14,52484.43,3473.79,43,20,28,0.623,7,0,UPI,0
12252,21,Male,Chennai,Platinum,14,3650.75,300.0,75,15,32,0.144,6,3,COD,0
12253,38,Male,Chennai,Silver,16,58165.93,3628.81,13,11,25,0.516,6,1,UPI,0
12254,30,Female,Chennai,Bronze,10,28338.82,2866.83,31,17,51,0.127,4,2,Debit Card,0
12255,39,Female,Bangalore,Bronze,17,61644.68,3971.7,180,14,34,0.217,3,0,COD,1
12256,36,Female,Delhi,Silver,11,28502.88,2439.14,52,19,40,0.253,6,0,COD,0
12257,51,Male,Kolkata,Bronze,10,27749.76,2650.27,85,13,27,0.12,5,4,Net Banking,0
12258,31,Male,Mumbai,Silver,15,33490.3,2033.27,35,12,27,0.296,3,1,UPI,0
12259,21,Male,Delhi,Bronze,11,23971.62,2268.21,41,9,39,0.345,6,2,Debit Card,0
12260,65,Male,Pune,Gold,20,30848.51,1547.74,30,14,40,0.475,5,0,UPI,0
12261,63,Female,Delhi,Bronze,17,40395.9,2094.32,65,11,46,0.352,3,1,Credit Card,0
12262,44,Male,Mumbai,Silver,15,23968.55,1438.14,79,12,43,0.413,3,2,Credit Card,1
12263,46,Female,Kolkata,Silver,14,30681.67,2241.6,100,21,37,0.385,5,1,UPI,1
12264,64,Male,Kolkata,Silver,14,30660.99,2176.92,79,14,33,0.071,5,1,UPI,0
12265,45,Female,Mumbai,Silver,14,27494.92,2181.84,37,11,33,0.194,4,2,COD,0
12266,52,Male,Pune,Bronze,13,30897.38,2118.73,78,18,38,0.477,8,1,Credit Card,0
12267,25,Female,Mumbai,Gold,8,14369.14,1643.74,57,14,32,0.344,4,0,Credit Card,1
12268,33,Male,Pune,Gold,14,38986.19,2703.59,16,13,29,0.765,3,1,Credit Card,0
12269,59,Female,Pune,Gold,17,45811.0,2483.42,79,18,39,0.479,5,1,Debit Card,0
12270,53,Male,Mumbai,Platinum,14,29043.9,2448.64,28,13,32,0.484,6,2,UPI,0
12271,47,Female,Hyderabad,Gold,14,20068.23,1352.4,43,18,36,0.185,4,1,Debit Card,0
12272,35,Female,Kolkata,Gold,14,42266.1,2806.0,32,8,38,0.119,4,0,UPI,0
12273,19,Male,Pune,Bronze,11,16595.6,1512.59,4,16,43,0.444,4,0,UPI,0
12274,30,Female,Mumbai,Silver,7,11785.15,1729.51,85,12,41,0.454,6,0,Net Banking,0
12275,21,Male,Ahmedabad,Silver,10,21793.12,2282.57,63,20,35,0.262,5,3,UPI,0
12276,43,Male,Hyderabad,Bronze,16,54229.86,3235.14,35,12,33,0.358,6,1,COD,0
12277,42,Male,Kolkata,Silver,11,12170.97,1112.96,43,15,43,0.502,1,1,UPI,1
12278,47,Female,Pune,Bronze,11,15443.11,1310.21,103,8,36,0.087,4,1,Credit Card,0
12279,28,Female,Kolkata,Gold,10,4444.45,433.39,61,16,42,0.46,5,0,Credit Card,1
12280,24,Male,Hyderabad,Silver,8,21733.89,2655.59,47,17,43,0.36,5,3,UPI,0
12281,48,Male,Kolkata,Silver,13,23716.4,1896.45,72,16,34,0.332,3,3,Debit Card,1
12282,61,Female,Bangalore,Platinum,11,31766.41,2581.97,83,11,31,0.027,5,1,UPI,0
12283,27,Female,Chennai,Silver,17,44752.06,2504.42,56,21,33,0.393,5,3,COD,0
12284,56,Female,Bangalore,Silver,10,28221.5,2909.23,7,16,40,0.508,3,3,UPI,0
12285,30,Male,Hyderabad,Bronze,12,27327.96,2201.3,28,14,38,0.214,8,6,UPI,0
12286,48,Male,Pune,Platinum,6,9575.51,1561.63,46,21,25,0.466,6,2,UPI,0
12287,24,Male,Mumbai,Silver,16,40173.35,2408.81,22,15,29,0.131,5,3,UPI,0
12288,59,Male,Delhi,Silver,14,36544.43,2573.1,115,20,43,0.3,8,0,Net Banking,1
12289,59,Male,Mumbai,Bronze,11,22935.67,1886.48,25,15,32,0.208,6,2,Debit Card,0
12290,53,Female,Kolkata,Silver,13,29139.64,2281.75,15,18,38,0.556,6,4,COD,1
12291,37,Male,Delhi,Bronze,19,19660.26,989.49,45,8,33,0.246,3,1,UPI,0
12292,21,Female,Delhi,Gold,15,15569.81,1054.76,21,11,29,0.416,4,0,Credit Card,1
12293,24,Female,Kolkata,Gold,8,5540.22,705.6,53,9,31,0.521,8,0,UPI,0
12294,18,Male,Kolkata,Gold,16,38868.94,2459.7,28,14,38,0.214,6,1,UPI,0
12295,61,Female,Pune,Gold,7,20005.31,2865.97,68,14,29,0.585,4,1,UPI,0
12296,62,Male,Hyderabad,Silver,6,5275.08,916.98,27,14,26,0.878,5,1,Debit Card,0
12297,59,Female,Ahmedabad,Gold,10,24013.0,2345.0,34,20,35,0.213,4,1,Credit Card,0
12298,64,Male,Mumbai,Silver,10,23859.88,2602.44,31,14,41,0.32,4,1,COD,0
12299,30,Male,Hyderabad,Gold,5,9944.19,1840.63,13,10,33,0.359,3,0,Credit Card,0
12300,39,Female,Bangalore,Bronze,14,56481.25,3641.39,64,16,42,0.235,5,2,Credit Card,0
12301,38,Male,Pune,Bronze,9,6416.88,888.58,169,13,29,0.449,6,1,Debit Card,1
12302,39,Female,Pune,Silver,16,29554.47,1860.2,44,10,40,0.54,4,3,UPI,0
12303,45,Male,Ahmedabad,Silver,7,2130.37,300.0,84,14,32,0.347,7,1,COD,1
12304,26,Male,Bangalore,Bronze,13,33210.55,2511.06,36,20,39,0.508,10,1,Credit Card,0
12305,43,Male,Mumbai,Gold,10,16068.97,1541.27,48,20,27,0.251,4,1,Debit Card,0
12306,26,Female,Chennai,Bronze,20,8448.64,421.86,79,14,29,0.218,5,0,Credit Card,0
12307,32,Female,Bangalore,Bronze,8,21293.72,2734.61,35,20,44,0.27,4,0,Credit Card,0
12308,27,Male,Mumbai,Gold,10,19402.54,2058.82,13,20,24,0.497,8,1,Credit Card,0
12309,41,Female,Delhi,Silver,16,32098.96,1923.72,40,24,28,0.703,6,2,Debit Card,0
12310,59,Male,Kolkata,Gold,15,50164.54,3214.69,105,9,36,0.471,9,1,UPI,0
12311,25,Female,Pune,Silver,10,16309.22,1496.89,96,11,30,0.593,5,3,Debit Card,1
12312,41,Female,Mumbai,Platinum,18,52767.62,2779.56,68,18,39,0.228,6,4,COD,0
12313,33,Male,Hyderabad,Silver,5,14064.4,2910.37,37,12,27,0.235,10,3,UPI,0
12314,43,Male,Ahmedabad,Bronze,7,12440.21,1693.75,67,12,31,0.335,7,1,Credit Card,1
12315,44,Male,Kolkata,Silver,9,19885.92,2207.62,60,13,38,0.507,6,1,UPI,0
12316,54,Male,Hyderabad,Bronze,9,29893.85,3710.87,55,13,37,0.416,4,3,UPI,0
12317,21,Male,Kolkata,Platinum,8,11353.77,1291.19,55,20,39,0.234,2,3,UPI,0
12318,41,Female,Pune,Bronze,9,26099.78,2699.44,43,16,30,0.443,5,1,Net Banking,0
12319,36,Female,Bangalore,Silver,11,24764.45,2255.9,54,16,46,0.482,5,2,UPI,1
12320,53,Male,Chennai,Bronze,15,47110.7,3343.62,38,10,34,0.377,10,0,UPI,1
12321,56,Male,Bangalore,Gold,15,30723.56,2169.64,47,14,36,0.032,7,4,Credit Card,0
12322,27,Male,Mumbai,Bronze,16,44844.89,2817.18,8,18,31,0.233,5,1,UPI,0
12323,42,Female,Ahmedabad,Platinum,15,11834.29,759.53,29,16,39,0.177,7,2,Credit Card,0
12324,35,Male,Bangalore,Bronze,10,2979.96,300.0,75,17,31,0.299,8,0,Credit Card,1
12325,36,Male,Pune,Bronze,16,19707.6,1255.68,21,8,41,0.373,3,1,UPI,0
12326,53,Female,Ahmedabad,Bronze,14,21733.99,1802.61,69,14,46,0.276,6,3,Net Banking,1
12327,27,Female,Mumbai,Gold,13,20992.03,1881.24,83,15,33,0.121,4,4,UPI,1
12328,50,Female,Delhi,Gold,14,33559.62,3183.05,53,16,42,0.564,3,2,UPI,0
12329,22,Female,Bangalore,Bronze,12,23243.16,1846.31,39,16,23,0.083,4,0,Credit Card,0
12330,64,Male,Bangalore,Bronze,12,28120.11,2221.44,59,18,27,0.254,4,2,UPI,0
12331,52,Female,Chennai,Gold,9,21480.08,2325.6,16,24,39,0.562,4,1,Debit Card,0
12332,61,Female,Mumbai,Bronze,8,14637.07,1631.65,15,18,32,0.579,7,1,Credit Card,0
12333,51,Male,Hyderabad,Bronze,12,24696.18,2183.52,28,12,37,0.437,3,1,UPI,0
12334,50,Male,Bangalore,Bronze,7,22438.87,3146.04,99,17,57,0.317,7,1,UPI,1
12335,38,Male,Pune,Bronze,9,20025.0,2469.27,20,11,39,0.189,5,5,Debit Card,0
12336,34,Female,Bangalore,Bronze,19,54262.21,2733.89,11,8,30,0.421,4,2,Credit Card,0
12337,39,Male,Chennai,Bronze,7,18111.34,2499.9,97,13,33,0.317,6,1,Net Banking,1
12338,65,Female,Delhi,Silver,10,37173.58,3682.41,98,8,30,0.234,9,0,UPI,0
12339,54,Female,Chennai,Gold,8,9773.04,1252.84,74,15,37,0.482,4,4,UPI,1
12340,32,Female,Bangalore,Bronze,12,53443.8,4450.56,52,6,34,0.265,6,3,COD,0
12341,52,Male,Ahmedabad,Gold,11,32759.84,3096.71,34,12,42,0.463,7,0,Net Banking,0
12342,45,Female,Hyderabad,Bronze,9,29630.38,3260.33,1,12,34,0.245,6,0,UPI,0
12343,24,Male,Kolkata,Gold,17,53270.87,3378.96,23,15,29,0.269,4,2,UPI,0
12344,49,Male,Bangalore,Bronze,10,31377.56,3132.71,58,17,35,0.542,7,1,Net Banking,1
12345,28,Male,Mumbai,Gold,14,16727.34,1038.9,86,13,33,0.178,7,0,Net Banking,0
12346,27,Female,Bangalore,Bronze,10,11044.98,1180.29,34,13,37,0.645,1,1,COD,0
12347,26,Female,Hyderabad,Platinum,16,47467.77,2829.29,32,18,38,0.236,2,3,Credit Card,0
12348,31,Female,Mumbai,Bronze,14,42846.88,2719.82,50,20,38,0.727,1,2,COD,1
12349,30,Male,Pune,Silver,14,42967.43,2997.22,26,12,39,0.584,4,2,COD,0
12350,42,Female,Ahmedabad,Platinum,12,28177.7,2241.98,8,13,36,0.101,5,1,Credit Card,0
12351,19,Female,Mumbai,Silver,10,11021.8,1014.44,44,11,40,0.305,8,2,Debit Card,0
12352,52,Female,Chennai,Silver,11,22147.04,2100.89,24,7,39,0.588,6,0,Net Banking,0
12353,24,Female,Delhi,Platinum,11,26861.28,2867.23,28,11,46,0.582,5,3,Credit Card,0
12354,38,Female,Chennai,Bronze,15,29438.23,1972.15,32,12,33,0.427,6,1,UPI,0
12355,35,Male,Kolkata,Bronze,10,20922.29,2195.72,67,14,36,0.322,4,1,COD,0
12356,20,Male,Mumbai,Platinum,7,17304.11,2227.05,32,15,33,0.251,8,1,Net Banking,0
12357,59,Male,Pune,Bronze,8,12729.41,1730.19,15,13,41,0.403,4,1,Credit Card,1
12358,56,Male,Bangalore,Gold,7,11139.26,1467.48,46,22,26,0.464,8,1,Debit Card,0
12359,58,Female,Ahmedabad,Bronze,15,60615.76,4097.54,41,15,30,0.196,4,2,UPI,0
12360,28,Male,Mumbai,Gold,13,49016.86,3602.74,14,16,28,0.267,4,0,Credit Card,0
12361,56,Female,Chennai,Silver,10,29379.98,3163.13,89,15,35,0.486,4,1,Credit Card,1
12362,41,Male,Mumbai,Platinum,8,18183.33,2573.53,50,15,42,0.248,5,2,COD,0
12363,63,Male,Mumbai,Silver,11,14412.8,1295.77,20,10,25,0.233,4,1,COD,0
12364,36,Male,Mumbai,Bronze,18,54035.57,2998.57,21,18,29,0.6,3,0,Debit Card,0
12365,21,Female,Pune,Silver,12,37221.12,3203.78,67,19,26,0.275,2,3,Credit Card,0
12366,43,Female,Ahmedabad,Bronze,14,28782.9,1889.97,77,7,39,0.461,2,2,Credit Card,0
12367,55,Male,Hyderabad,Gold,7,9122.68,1239.07,104,9,42,0.462,8,2,UPI,0
12368,59,Female,Hyderabad,Gold,11,29528.6,2584.23,56,16,31,0.552,7,3,Debit Card,0
12369,49,Male,Mumbai,Silver,9,26253.78,3161.12,75,6,35,0.192,5,0,UPI,0
12370,56,Male,Pune,Gold,13,21169.8,1623.96,41,14,37,0.271,8,2,UPI,0
12371,62,Male,Pune,Bronze,11,26121.13,2675.84,26,19,36,0.184,2,0,Net Banking,0
12372,63,Female,Kolkata,Silver,9,13697.79,1383.3,67,17,34,0.253,11,1,UPI,0
12373,53,Male,Mumbai,Silver,8,9795.92,1176.99,50,14,22,0.609,2,1,Net Banking,1
12374,57,Male,Chennai,Silver,13,28106.24,2384.38,71,19,25,0.541,5,0,Credit Card,1
12375,54,Male,Chennai,Bronze,21,24488.91,1467.05,77,26,32,0.892,5,0,UPI,0
12376,50,Female,Delhi,Gold,13,34893.63,2587.08,31,6,33,0.319,5,0,UPI,0
12377,53,Male,Ahmedabad,Bronze,6,4207.31,746.11,28,15,31,0.442,7,2,UPI,0
12378,20,Female,Mumbai,Gold,8,11175.44,1428.67,52,17,33,0.239,9,4,UPI,0
12379,26,Male,Delhi,Bronze,7,22571.37,3126.19,56,18,44,0.266,4,0,Credit Card,1
12380,25,Female,Chennai,Gold,13,33723.75,2823.26,67,15,33,0.287,3,3,Credit Card,0
12381,50,Male,Chennai,Bronze,7,18041.84,2577.14,44,20,31,0.349,6,0,Credit Card,0
12382,23,Male,Mumbai,Silver,5,8665.52,1799.07,148,13,43,0.381,3,0,COD,1
12383,58,Female,Delhi,Bronze,9,19036.47,2212.34,73,18,24,0.08,3,0,UPI,1
12384,56,Female,Delhi,Gold,14,28306.83,1997.72,104,10,33,0.573,3,1,UPI,1
12385,21,Male,Mumbai,Bronze,14,59674.32,4300.4,61,20,39,0.222,5,3,COD,0
12386,30,Female,Ahmedabad,Gold,11,32939.14,2484.79,10,14,36,0.085,3,1,Credit Card,0
12387,19,Male,Kolkata,Bronze,11,16614.41,1510.05,33,9,32,0.281,4,4,Debit Card,0
12388,22,Male,Delhi,Gold,12,23610.75,2127.18,92,15,37,0.085,3,1,Debit Card,1
12389,61,Male,Kolkata,Bronze,7,4545.06,687.52,41,13,27,0.081,4,1,UPI,0
12390,44,Female,Bangalore,Bronze,16,6753.71,486.6,6,14,38,0.383,6,1,Credit Card,0
12391,49,Male,Ahmedabad,Silver,14,47317.53,3516.44,15,8,31,0.32,4,1,COD,0
12392,38,Female,Chennai,Bronze,14,34233.89,2446.32,34,16,40,0.497,2,1,Net Banking,1
12393,25,Male,Hyderabad,Bronze,9,17314.26,1793.57,29,10,33,0.678,8,1,UPI,0
12394,55,Female,Ahmedabad,Platinum,7,16940.44,2176.13,92,17,34,0.298,3,0,UPI,0
12395,25,Female,Kolkata,Platinum,16,32719.99,2106.25,73,13,34,0.502,1,0,UPI,0
12396,20,Male,Kolkata,Gold,6,13023.11,2260.83,86,14,37,0.126,6,0,UPI,0
12397,61,Female,Kolkata,Bronze,17,54448.76,3232.97,22,12,31,0.843,4,2,Debit Card,0
12398,20,Male,Pune,Bronze,8,20758.04,2681.89,29,9,32,0.105,6,2,Credit Card,0
12399,39,Male,Ahmedabad,Silver,10,18309.95,1831.37,62,20,37,0.272,4,1,Credit Card,0
12400,23,Male,Delhi,Bronze,15,10729.41,626.01,69,16,34,0.556,9,1,UPI,1
12401,19,Male,Delhi,Platinum,17,19957.34,1297.92,37,13,28,0.379,5,0,Credit Card,0
12402,40,Male,Pune,Bronze,12,40207.91,2882.61,25,11,30,0.18,2,1,UPI,0
12403,61,Female,Delhi,Platinum,16,47336.39,3605.89,5,8,34,0.157,4,1,Debit Card,0
12404,19,Male,Pune,Silver,8,11935.83,1409.85,18,15,43,0.348,8,2,Credit Card,0
12405,55,Female,Kolkata,Gold,12,15398.3,1273.8,31,18,37,0.159,6,2,Debit Card,0
12406,34,Female,Mumbai,Bronze,19,35905.93,1810.86,18,17,40,0.66,4,0,UPI,0
12407,52,Male,Ahmedabad,Platinum,12,45932.48,3805.97,89,9,37,0.021,6,1,UPI,0
12408,51,Female,Bangalore,Bronze,12,30509.79,2332.93,130,21,32,0.358,9,0,Credit Card,1
12409,40,Male,Kolkata,Gold,7,9896.43,1513.96,77,10,41,0.391,3,1,COD,0
12410,47,Female,Bangalore,Gold,10,20530.71,1874.98,36,11,39,0.468,3,2,Debit Card,0
12411,25,Female,Chennai,Bronze,12,24349.01,1724.63,12,14,45,0.205,2,3,COD,0
12412,39,Female,Kolkata,Silver,11,34112.53,2833.72,25,21,34,0.034,1,3,UPI,0
12413,61,Male,Hyderabad,Silver,8,29164.16,3958.13,11,5,38,0.555,8,1,Credit Card,0
12414,53,Female,Delhi,Bronze,15,33704.95,2317.75,21,14,32,0.219,5,0,COD,1
12415,22,Male,Hyderabad,Silver,12,40967.19,3184.38,43,16,38,0.337,5,2,Net Banking,0
12416,30,Female,Mumbai,Bronze,11,8881.01,988.54,111,19,40,0.367,3,1,UPI,1
12417,46,Female,Bangalore,Silver,18,79978.04,4306.91,22,18,37,0.193,6,1,UPI,1
12418,48,Female,Ahmedabad,Gold,14,13990.89,994.83,75,14,19,0.098,2,1,UPI,0
12419,64,Female,Kolkata,Silver,11,33785.03,3290.66,48,10,39,0.34,9,1,UPI,0
12420,33,Male,Ahmedabad,Bronze,10,24252.78,2504.76,52,13,34,0.249,5,2,UPI,0
12421,59,Male,Mumbai,Platinum,10,10554.2,1067.71,46,18,33,0.263,2,1,Credit Card,0
12422,47,Female,Mumbai,Gold,7,20539.7,2951.01,17,15,35,0.289,3,1,UPI,0
12423,33,Female,Delhi,Silver,11,24881.16,2173.83,45,11,31,0.338,2,1,UPI,0
12424,29,Male,Mumbai,Silver,17,25267.33,1379.45,3,5,33,0.399,4,1,UPI,0
12425,34,Male,Kolkata,Silver,15,27821.5,2209.66,41,17,38,0.668,4,1,Net Banking,0
12426,33,Male,Kolkata,Gold,14,9839.13,715.13,92,7,43,0.172,4,2,Credit Card,1
12427,29,Male,Ahmedabad,Gold,13,23086.05,1765.88,58,17,39,0.778,4,1,Debit Card,0
12428,25,Female,Ahmedabad,Bronze,9,11981.91,1332.01,10,15,32,0.364,3,1,UPI,0
12429,37,Female,Bangalore,Gold,14,30067.69,2035.85,64,17,49,0.123,6,2,Credit Card,1
12430,20,Male,Kolkata,Bronze,16,9804.0,642.3,38,16,32,0.457,4,2,COD,0
12431,33,Male,Hyderabad,Bronze,11,6536.13,588.12,51,16,24,0.479,3,1,COD,0
12432,47,Male,Bangalore,Gold,12,16805.92,1435.82,15,18,33,0.135,4,1,UPI,0
12433,62,Male,Delhi,Silver,13,28716.52,2165.52,7,19,31,0.105,9,3,UPI,0
12434,40,Male,Bangalore,Silver,13,17024.4,1324.07,43,20,39,0.225,9,1,UPI,0
12435,45,Male,Pune,Silver,10,25678.67,2615.39,107,15,36,0.764,3,3,UPI,1
12436,57,Female,Ahmedabad,Platinum,14,34956.39,2831.88,32,14,37,0.311,7,0,Credit Card,0
12437,22,Female,Hyderabad,Silver,10,14227.99,1440.28,54,12,35,0.221,7,1,Credit Card,0
12438,37,Female,Ahmedabad,Gold,10,34145.28,3451.42,48,17,29,0.388,3,0,Credit Card,0
12439,57,Male,Pune,Bronze,7,12417.46,1927.39,27,8,20,0.285,4,2,UPI,0
12440,61,Male,Pune,Bronze,16,59289.13,3848.38,18,15,32,0.068,7,1,UPI,0
12441,18,Male,Chennai,Bronze,12,19961.32,1966.34,9,18,30,0.352,9,1,Debit Card,0
12442,47,Female,Kolkata,Silver,16,17302.2,1190.53,33,21,37,0.382,5,3,Debit Card,0
12443,38,Male,Delhi,Gold,19,71103.81,3305.28,48,23,30,0.4,2,0,Debit Card,0
12444,37,Male,Mumbai,Bronze,27,33642.55,1262.74,17,14,30,0.103,4,2,UPI,0
12445,23,Female,Pune,Silver,14,44195.0,3223.93,23,22,37,0.172,2,0,Credit Card,0
12446,39,Male,Bangalore,Bronze,7,15485.35,2308.56,50,19,33,0.282,6,2,Credit Card,0
12447,35,Female,Mumbai,Bronze,10,16694.33,1699.7,14,17,48,0.152,2,0,UPI,0
12448,25,Female,Bangalore,Platinum,12,15105.53,1508.41,9,8,29,0.431,5,4,Net Banking,0
12449,56,Male,Ahmedabad,Silver,8,18777.91,2122.38,41,19,27,0.295,8,1,Credit Card,0
12450,49,Female,Bangalore,Bronze,16,44881.97,2811.86,25,11,33,0.525,0,0,UPI,0
12451,50,Male,Mumbai,Gold,13,31849.83,2163.92,49,17,39,0.069,4,0,COD,0
12452,33,Female,Mumbai,Gold,11,40201.46,3531.56,10,9,36,0.531,3,1,Net Banking,0
12453,29,Male,Kolkata,Gold,11,11010.67,1141.81,101,12,29,0.276,8,1,UPI,0
12454,55,Female,Bangalore,Bronze,12,26222.35,2113.05,114,14,41,0.089,6,3,UPI,0
12455,51,Male,Delhi,Silver,12,43025.82,3190.59,150,17,37,0.224,7,3,Credit Card,1
12456,31,Female,Kolkata,Bronze,10,9276.54,1116.49,32,18,45,0.758,5,2,UPI,0
12457,53,Female,Hyderabad,Gold,16,48625.3,3136.24,18,13,32,0.346,1,0,UPI,1
12458,50,Female,Chennai,Gold,21,46378.19,2217.82,137,17,45,0.175,4,1,Credit Card,0
12459,40,Male,Hyderabad,Silver,9,22035.4,2299.11,39,15,34,0.407,3,3,Net Banking,0
12460,62,Male,Delhi,Bronze,15,27650.67,1894.4,26,13,34,0.416,4,1,UPI,0
12461,19,Female,Kolkata,Bronze,8,7610.69,1111.93,18,19,36,0.359,6,1,Credit Card,0
12462,58,Male,Chennai,Bronze,13,29516.11,2129.07,42,13,49,0.259,11,0,Credit Card,0
12463,38,Female,Kolkata,Platinum,11,16670.78,1699.79,42,12,37,0.094,5,2,Debit Card,0
12464,19,Male,Mumbai,Bronze,13,48452.71,3571.88,47,16,35,0.338,4,0,COD,1
12465,44,Female,Chennai,Bronze,8,22910.76,2659.38,55,19,41,0.411,4,1,Credit Card,0
12466,26,Male,Ahmedabad,Platinum,6,12072.11,2231.05,25,8,36,0.329,0,1,Credit Card,0
12467,18,Female,Bangalore,Silver,16,56966.66,3385.97,73,18,27,0.529,8,1,Credit Card,1
12468,28,Female,Hyderabad,Gold,7,13838.52,2149.5,29,12,32,0.42,5,5,UPI,0
12469,20,Female,Chennai,Bronze,16,43695.16,2832.59,32,17,36,0.14,5,3,UPI,0
12470,40,Female,Bangalore,Silver,10,29775.89,3247.79,77,14,44,0.602,5,3,UPI,1
12471,43,Male,Kolkata,Silver,13,25607.31,1954.96,9,14,35,0.613,4,1,UPI,0
12472,21,Female,Delhi,Gold,12,29178.01,2591.45,30,9,27,0.406,5,4,UPI,0
12473,35,Male,Chennai,Bronze,11,18374.2,1806.98,16,16,35,0.169,1,3,UPI,0
12474,23,Male,Bangalore,Silver,11,38357.22,3231.56,74,16,38,0.413,3,1,Debit Card,1
12475,52,Female,Kolkata,Gold,14,28753.8,2175.48,39,14,42,0.42,4,1,UPI,0
12476,39,Male,Kolkata,Silver,10,38022.27,3433.56,49,20,33,0.322,2,6,Credit Card,0
12477,60,Male,Kolkata,Silver,9,17252.95,2378.97,28,11,32,0.06,5,3,Net Banking,0
12478,32,Male,Delhi,Bronze,18,81301.72,4491.28,105,9,37,0.356,7,1,Net Banking,1
12479,39,Female,Mumbai,Bronze,11,19635.21,1563.56,21,12,35,0.124,7,4,COD,0
12480,54,Male,Delhi,Gold,9,26790.0,2973.73,55,13,31,0.646,4,1,Credit Card,1
12481,59,Male,Delhi,Gold,13,31916.31,2161.16,34,14,45,0.688,3,3,Debit Card,0
12482,29,Female,Ahmedabad,Platinum,13,26126.2,1997.4,21,9,41,0.349,10,0,UPI,0
12483,64,Female,Hyderabad,Gold,14,7753.88,491.76,112,14,31,0.48,8,0,Debit Card,1
12484,59,Male,Kolkata,Silver,13,29588.47,2265.5,51,14,31,0.179,5,0,Net Banking,0
12485,55,Female,Bangalore,Gold,17,21928.08,1323.16,29,13,28,0.433,9,2,COD,0
12486,35,Male,Chennai,Bronze,15,24057.94,1921.28,58,17,31,0.495,7,1,UPI,0
12487,62,Male,Hyderabad,Silver,8,9953.28,1358.54,39,13,33,0.732,8,0,Credit Card,0
12488,52,Male,Kolkata,Bronze,13,18847.83,1478.96,45,11,37,0.232,2,1,COD,0
12489,47,Female,Pune,Bronze,15,16869.47,1234.59,43,16,35,0.217,4,2,COD,0
12490,41,Male,Delhi,Gold,13,14316.73,1243.88,58,13,28,0.338,4,2,UPI,0
12491,59,Female,Pune,Silver,9,7275.59,767.95,76,14,35,0.117,6,1,Net Banking,0
12492,47,Female,Kolkata,Silver,15,35250.44,2538.59,34,13,29,0.337,8,1,COD,0
12493,31,Male,Hyderabad,Silver,9,19856.45,2216.29,123,18,38,0.88,4,1,UPI,1
12494,23,Female,Bangalore,Silver,10,28129.86,2837.01,25,19,25,0.28,3,1,Net Banking,0
12495,20,Female,Hyderabad,Bronze,12,24685.44,1847.3,54,12,24,0.278,4,1,Debit Card,0
12496,33,Female,Ahmedabad,Gold,14,19481.05,1606.22,89,21,32,0.398,6,0,COD,0
12497,24,Female,Bangalore,Silver,9,20199.1,2120.92,112,9,32,0.283,4,1,UPI,1
12498,31,Female,Bangalore,Gold,9,20516.57,2831.53,19,13,52,0.047,4,4,Net Banking,0
12499,26,Male,Kolkata,Bronze,13,31764.04,2469.86,7,15,36,0.426,4,1,Credit Card,0
12500,32,Female,Mumbai,Bronze,12,26650.45,2211.65,54,11,40,0.523,5,1,Debit Card,0
12501,38,Male,Kolkata,Silver,14,45540.11,2797.94,25,13,37,0.311,7,0,Credit Card,0
12502,52,Male,Delhi,Gold,8,16726.58,2204.54,42,12,31,0.198,5,1,COD,0
12503,19,Male,Hyderabad,Silver,9,15639.57,1667.63,25,14,25,0.202,8,1,UPI,0
12504,44,Male,Bangalore,Gold,14,39594.94,3016.79,33,19,33,0.346,3,0,UPI,0
12505,19,Male,Kolkata,Platinum,19,20164.5,1076.47,25,10,35,0.18,5,2,Debit Card,0
12506,52,Male,Kolkata,Platinum,4,3339.05,921.68,31,26,27,0.569,4,1,UPI,0
12507,35,Female,Hyderabad,Gold,11,22158.17,2177.55,48,12,49,0.341,7,2,UPI,0
12508,31,Female,Hyderabad,Gold,15,38605.16,2277.25,91,9,38,0.462,6,3,UPI,0
12509,37,Female,Ahmedabad,Bronze,12,30153.49,2409.72,81,17,30,0.555,5,4,UPI,1
12510,35,Male,Bangalore,Gold,9,17378.06,1905.15,24,14,32,0.388,6,0,UPI,0
12511,27,Female,Chennai,Silver,13,49759.51,3417.78,64,16,27,0.117,3,1,Credit Card,0
12512,42,Female,Ahmedabad,Platinum,19,16069.64,851.31,43,13,34,0.363,9,1,Credit Card,0
12513,19,Female,Pune,Bronze,15,38427.63,2321.49,48,14,24,0.311,3,3,Credit Card,0
12514,42,Male,Delhi,Silver,5,15585.92,2882.78,44,18,35,0.275,8,3,UPI,0
12515,50,Female,Delhi,Silver,9,30866.36,3445.92,68,12,41,0.488,4,2,Credit Card,0
12516,53,Male,Chennai,Silver,10,34699.15,3400.89,62,9,36,0.422,5,2,Debit Card,1
12517,48,Female,Mumbai,Bronze,13,17840.61,1213.43,14,16,41,0.557,3,0,UPI,0
12518,31,Male,Ahmedabad,Silver,7,14986.49,2525.92,116,25,38,0.13,2,2,UPI,0
12519,18,Male,Chennai,Gold,11,20960.95,2007.36,61,10,46,0.373,3,2,UPI,0
12520,63,Male,Mumbai,Silver,14,30110.35,2182.95,25,21,36,0.338,2,3,Credit Card,0
12521,33,Female,Mumbai,Bronze,11,33570.07,3220.54,92,11,32,0.447,5,0,COD,0
12522,63,Female,Chennai,Gold,16,62764.81,3909.94,65,16,35,0.655,5,2,Debit Card,1
12523,20,Male,Delhi,Bronze,8,18148.74,2434.82,34,19,41,0.576,9,0,Debit Card,1
12524,52,Female,Pune,Bronze,14,5776.53,412.85,90,15,27,0.195,5,3,UPI,1
12525,58,Male,Delhi,Gold,8,5315.38,698.44,58,19,36,0.54,9,1,Debit Card,0
12526,23,Male,Kolkata,Gold,18,41429.61,2158.15,60,17,34,0.093,2,4,Credit Card,0
12527,42,Female,Delhi,Silver,16,54182.53,3097.81,73,16,32,0.606,6,2,Debit Card,0
12528,30,Female,Delhi,Silver,8,13212.31,1493.11,124,11,39,0.258,2,2,Net Banking,1
12529,51,Female,Ahmedabad,Bronze,12,24154.6,2027.94,17,10,40,0.039,7,3,COD,0
12530,25,Male,Chennai,Silver,13,39935.58,3656.12,37,23,41,0.577,6,0,Credit Card,0
12531,38,Male,Chennai,Bronze,8,14863.84,1843.17,30,13,29,0.212,4,5,Net Banking,0
12532,51,Female,Kolkata,Platinum,11,36136.32,3777.56,129,14,32,0.402,2,3,UPI,0
12533,21,Male,Kolkata,Gold,8,15733.29,1812.75,8,10,27,0.384,3,0,Debit Card,0
12534,42,Female,Ahmedabad,Gold,6,18429.71,3013.84,53,15,33,0.205,4,2,UPI,0
12535,32,Male,Chennai,Silver,6,13319.4,2269.17,45,11,26,0.618,6,3,UPI,0
12536,21,Female,Delhi,Gold,6,16866.37,2898.97,121,26,42,0.277,10,3,Net Banking,1
12537,62,Female,Pune,Silver,11,46334.86,4007.78,78,15,39,0.577,4,0,Credit Card,0
12538,29,Male,Mumbai,Bronze,8,19143.23,2577.7,22,25,40,0.331,6,1,Credit Card,0
12539,49,Female,Hyderabad,Bronze,11,36031.81,3334.97,110,21,44,0.356,8,3,UPI,1
12540,49,Female,Mumbai,Silver,18,22869.67,1394.83,25,22,28,0.245,2,0,COD,0
12541,45,Male,Kolkata,Platinum,11,15350.77,1361.71,61,13,34,0.424,1,2,UPI,0
12542,30,Female,Kolkata,Bronze,18,13177.74,730.81,7,14,50,0.206,5,2,Credit Card,0
12543,48,Male,Mumbai,Bronze,17,20390.82,1249.92,32,16,34,0.358,2,0,Credit Card,0
12544,31,Female,Hyderabad,Silver,9,29024.9,3565.54,56,13,38,0.593,3,1,UPI,1
12545,37,Male,Delhi,Gold,17,43575.3,2498.32,17,18,29,0.605,5,4,COD,0
12546,35,Female,Pune,Bronze,7,15396.34,1959.34,35,12,32,0.224,9,1,COD,0
12547,46,Female,Pune,Bronze,13,32388.95,2383.78,63,14,33,0.27,7,1,Net Banking,0
12548,23,Female,Mumbai,Silver,9,25176.85,2812.18,23,19,26,0.221,7,3,Credit Card,0
12549,49,Female,Hyderabad,Silver,11,34252.46,2900.66,120,8,25,0.249,9,1,Credit Card,1
12550,46,Male,Ahmedabad,Bronze,9,20443.25,2396.72,53,16,46,0.52,9,1,Credit Card,0
12551,60,Male,Kolkata,Bronze,7,22362.01,3444.45,39,13,30,0.572,3,2,Net Banking,0
12552,19,Male,Bangalore,Silver,14,17061.83,1326.31,23,17,41,0.121,6,3,COD,0
12553,40,Male,Delhi,Silver,13,23078.39,1884.4,22,14,39,0.402,3,0,Credit Card,0
12554,36,Male,Ahmedabad,Platinum,13,42242.48,3253.24,127,8,35,0.312,3,1,Debit Card,0
12555,48,Male,Mumbai,Gold,8,28475.96,3060.72,45,14,33,0.517,3,3,Credit Card,0
12556,22,Male,Pune,Bronze,6,17432.83,2533.75,15,22,25,0.33,3,0,COD,0
12557,36,Female,Kolkata,Silver,12,21317.86,1711.37,29,11,32,0.543,6,0,Net Banking,0
12558,51,Female,Ahmedabad,Silver,10,29683.62,2908.81,18,17,36,0.44,3,1,UPI,0
12559,27,Female,Ahmedabad,Bronze,16,23230.39,1381.75,35,16,32,0.333,11,1,Credit Card,0
12560,42,Female,Chennai,Platinum,8,27619.61,3263.81,42,16,29,0.207,4,1,Debit Card,0
12561,19,Male,Chennai,Gold,6,20131.81,3569.55,142,14,31,0.351,7,1,Credit Card,1
12562,28,Male,Hyderabad,Bronze,8,12176.2,1681.49,50,22,27,0.179,8,0,Credit Card,0
12563,48,Male,Hyderabad,Bronze,15,66623.7,4529.5,91,12,36,0.44,2,1,COD,1
12564,32,Female,Mumbai,Bronze,15,18117.75,1302.4,19,15,37,0.172,5,1,Debit Card,0
12565,26,Male,Ahmedabad,Bronze,11,23096.11,2029.87,18,14,37,0.489,5,0,Credit Card,0
12566,40,Female,Bangalore,Silver,5,7654.27,2007.72,30,19,41,0.221,5,1,UPI,0
12567,36,Male,Pune,Silver,12,25499.89,2106.57,17,17,34,0.793,4,3,COD,0
12568,26,Male,Mumbai,Platinum,16,60609.77,3482.35,86,18,29,0.105,0,0,Credit Card,0
12569,52,Male,Bangalore,Bronze,7,15918.45,2593.96,113,12,37,0.125,4,2,Net Banking,1
12570,38,Male,Kolkata,Silver,15,18804.22,1451.73,37,19,32,0.178,5,1,UPI,0
12571,26,Female,Hyderabad,Gold,13,29886.61,2298.13,81,13,47,0.32,4,2,Credit Card,1
12572,45,Female,Chennai,Silver,9,25192.49,2796.89,46,17,40,0.173,7,2,Debit Card,0
12573,63,Male,Delhi,Bronze,11,29741.48,2668.74,121,18,37,0.156,3,2,UPI,1
12574,24,Female,Ahmedabad,Bronze,9,28610.05,3299.96,52,12,38,0.293,7,2,Credit Card,1
12575,33,Male,Kolkata,Bronze,17,36306.84,2280.45,23,20,34,0.522,4,2,UPI,0
12576,33,Male,Chennai,Platinum,8,23715.28,2919.64,29,23,30,0.221,4,2,Credit Card,0
12577,50,Male,Pune,Platinum,19,35891.31,2071.89,28,7,27,0.318,2,2,Debit Card,0
12578,21,Male,Pune,Platinum,10,15579.85,1617.92,32,12,46,0.245,10,1,Debit Card,0
12579,21,Female,Chennai,Gold,12,12873.45,1172.77,50,18,36,0.111,11,2,Credit Card,0
12580,56,Male,Kolkata,Silver,8,26901.21,3609.84,12,13,44,0.252,7,1,COD,0
12581,57,Male,Chennai,Platinum,14,9767.65,842.04,77,18,36,0.143,2,2,Credit Card,0
12582,34,Female,Bangalore,Platinum,10,24752.68,2428.64,34,12,40,0.259,7,4,Debit Card,0
12583,54,Male,Mumbai,Silver,14,40181.69,2568.68,47,12,46,0.692,4,2,UPI,0
12584,56,Female,Hyderabad,Bronze,13,19254.2,1317.38,65,11,28,0.315,4,1,Credit Card,0
12585,46,Male,Bangalore,Silver,5,14434.82,3010.86,43,13,27,0.166,3,5,UPI,0
12586,53,Male,Delhi,Bronze,12,11772.94,984.57,21,12,48,0.451,5,3,UPI,0
12587,55,Male,Chennai,Bronze,10,17393.23,1678.28,78,17,40,0.176,4,1,UPI,0
12588,56,Male,Delhi,Platinum,17,50043.62,3068.22,18,15,32,0.258,6,2,Credit Card,0
12589,54,Male,Delhi,Platinum,14,12859.56,1029.31,28,15,39,0.446,4,3,Credit Card,0
12590,52,Male,Bangalore,Bronze,15,44874.46,2935.28,33,16,42,0.276,4,0,UPI,0
12591,24,Female,Hyderabad,Silver,8,24352.95,3204.2,40,18,37,0.099,8,2,UPI,0
12592,44,Male,Kolkata,Gold,6,19511.36,3165.81,9,12,28,0.556,5,2,UPI,0
12593,45,Female,Pune,Gold,10,26150.07,2536.94,48,10,40,0.184,3,1,UPI,0
12594,39,Female,Mumbai,Silver,13,17343.56,1445.31,15,19,38,0.025,3,0,UPI,0
12595,31,Male,Ahmedabad,Gold,13,17889.79,1308.79,50,12,32,0.109,5,2,COD,0
12596,24,Female,Pune,Platinum,17,27152.02,1746.96,19,13,39,0.496,5,1,Credit Card,0
12597,54,Male,Hyderabad,Platinum,10,3229.67,300.0,46,17,34,0.224,6,0,UPI,0
12598,39,Female,Ahmedabad,Silver,9,19226.27,2220.89,96,14,37,0.164,5,1,UPI,1
12599,22,Male,Pune,Bronze,10,20502.44,2096.39,37,17,23,0.357,9,0,Credit Card,0
12600,19,Female,Chennai,Platinum,10,20884.67,2268.3,23,24,31,0.415,6,0,Credit Card,1
12601,44,Female,Chennai,Bronze,8,15806.37,1983.81,29,17,30,0.576,1,0,UPI,0
12602,38,Male,Bangalore,Gold,10,22125.5,2359.02,95,8,32,0.204,6,3,Credit Card,1
12603,55,Female,Delhi,Bronze,19,40967.06,2271.34,39,16,33,0.075,8,2,Net Banking,0
12604,32,Male,Ahmedabad,Silver,13,10969.21,885.92,95,16,42,0.066,8,1,Credit Card,0
12605,38,Male,Hyderabad,Silver,14,37217.29,2451.96,88,15,37,0.192,2,3,Credit Card,1
12606,27,Male,Hyderabad,Bronze,19,46645.4,2181.02,30,14,37,0.343,1,3,UPI,0
12607,40,Male,Pune,Platinum,13,8772.71,646.77,134,11,30,0.487,2,2,Debit Card,0
12608,56,Male,Bangalore,Bronze,13,36540.52,3005.34,13,19,36,0.317,4,0,UPI,0
12609,22,Female,Pune,Platinum,13,25304.66,1931.54,25,15,37,0.664,3,2,UPI,0
12610,18,Female,Pune,Platinum,7,20011.81,2772.07,56,13,40,0.373,7,2,Credit Card,1
12611,30,Female,Hyderabad,Bronze,25,51511.29,2160.14,22,17,32,0.606,4,2,COD,0
12612,38,Male,Pune,Gold,11,7323.41,597.82,20,22,24,0.123,7,1,Debit Card,0
12613,43,Female,Delhi,Bronze,12,27910.14,2425.47,123,15,31,0.31,3,1,COD,1
12614,62,Female,Pune,Gold,17,38070.92,2646.77,9,10,24,0.157,10,0,Net Banking,0
12615,38,Female,Ahmedabad,Silver,17,55613.49,3253.49,55,10,39,0.084,3,3,UPI,0
12616,35,Female,Delhi,Bronze,13,42677.83,3027.05,16,13,47,0.426,4,0,Net Banking,0
12617,54,Female,Hyderabad,Silver,8,27783.59,3278.49,180,15,26,0.23,5,3,UPI,1
12618,62,Male,Bangalore,Gold,12,32141.71,2862.71,77,17,35,0.645,3,2,Debit Card,0
12619,49,Male,Chennai,Platinum,16,32891.85,1757.52,54,15,39,0.403,6,0,UPI,0
12620,53,Female,Ahmedabad,Bronze,16,24067.4,1778.77,15,12,36,0.523,3,2,UPI,0
12621,34,Male,Delhi,Silver,13,37149.16,3090.04,16,17,34,0.299,4,2,UPI,0
12622,52,Male,Bangalore,Bronze,13,22854.27,1850.44,27,17,29,0.129,4,2,UPI,0
12623,28,Female,Bangalore,Gold,16,41653.0,2676.85,54,16,35,0.326,10,0,UPI,0
12624,38,Female,Delhi,Bronze,14,52521.98,3738.41,41,13,29,0.568,6,1,UPI,0
12625,43,Male,Hyderabad,Gold,10,14479.68,1643.87,125,13,29,0.435,1,1,UPI,1
12626,21,Female,Mumbai,Bronze,11,30622.85,2855.47,75,16,29,0.312,6,2,UPI,0
12627,51,Male,Bangalore,Silver,13,20175.41,1477.27,57,18,32,0.371,8,3,UPI,0
12628,65,Male,Bangalore,Gold,12,33071.02,2727.76,90,10,23,0.31,6,2,Credit Card,1
12629,35,Female,Hyderabad,Gold,13,47460.44,3652.32,122,15,39,0.162,2,0,COD,0
12630,57,Male,Hyderabad,Gold,5,18216.16,3404.89,37,6,34,0.157,11,1,Credit Card,0
12631,52,Male,Pune,Silver,13,22752.88,1853.41,58,12,24,0.398,10,3,UPI,1
12632,58,Male,Hyderabad,Platinum,12,43446.71,3616.36,15,18,29,0.262,5,1,COD,0
12633,46,Female,Bangalore,Silver,11,22271.18,1997.72,25,8,39,0.389,6,0,UPI,0
12634,46,Female,Delhi,Platinum,11,39844.15,4259.63,120,10,21,0.262,5,3,COD,1
12635,55,Female,Mumbai,Silver,10,17874.07,2229.18,35,17,31,0.258,3,1,Debit Card,1
12636,59,Female,Kolkata,Silver,8,24550.39,2796.55,34,10,37,0.478,3,0,UPI,0
12637,38,Male,Pune,Bronze,15,44992.03,2769.19,36,19,33,0.488,7,1,UPI,0
12638,59,Female,Kolkata,Silver,9,11130.79,1215.47,74,9,32,0.617,2,3,UPI,1
12639,30,Female,Delhi,Bronze,16,50509.87,3438.64,20,18,39,0.55,4,2,COD,0
12640,58,Female,Mumbai,Gold,17,44495.7,2397.59,46,24,43,0.277,3,0,COD,0
12641,34,Female,Mumbai,Gold,12,17729.71,1699.69,11,15,23,0.056,7,4,Net Banking,0
12642,26,Male,Mumbai,Platinum,13,20740.57,1523.84,94,12,43,0.105,8,3,UPI,1
12643,58,Male,Chennai,Bronze,15,24412.01,1657.58,22,16,34,0.582,4,1,UPI,0
12644,18,Male,Delhi,Bronze,17,34549.07,2130.74,24,10,32,0.568,4,0,Credit Card,1
12645,19,Female,Ahmedabad,Gold,13,15046.52,1239.52,77,15,46,0.364,4,1,UPI,0
12646,65,Female,Pune,Silver,10,14707.27,1465.25,122,20,54,0.623,7,3,Credit Card,1
12647,46,Male,Pune,Silver,11,6106.61,644.66,55,11,28,0.338,4,2,Credit Card,0
12648,50,Female,Mumbai,Gold,10,15498.48,1471.64,63,13,32,0.357,4,3,COD,0
12649,27,Female,Delhi,Silver,13,46730.33,3427.94,38,18,38,0.25,4,1,Debit Card,0
12650,57,Male,Chennai,Bronze,7,22826.25,3281.14,49,14,31,0.427,1,3,COD,1
12651,38,Male,Mumbai,Platinum,18,46150.23,2443.05,78,20,35,0.468,6,5,UPI,0
12652,45,Female,Hyderabad,Bronze,17,70248.16,4095.68,33,18,28,0.066,4,1,UPI,0
12653,28,Female,Ahmedabad,Platinum,14,44297.89,3293.36,50,15,34,0.244,5,0,COD,0
12654,51,Female,Kolkata,Bronze,16,39646.45,2591.23,31,7,36,0.163,4,1,Credit Card,0
12655,25,Male,Pune,Gold,11,28275.1,2689.15,23,17,46,0.55,5,1,UPI,0
12656,39,Male,Kolkata,Bronze,11,25256.65,2279.91,87,29,32,0.313,5,3,Debit Card,0
12657,25,Male,Bangalore,Gold,11,11966.84,1066.58,15,18,38,0.38,6,1,UPI,0
12658,32,Male,Mumbai,Bronze,8,15196.69,1960.14,75,16,29,0.53,6,0,Credit Card,1
12659,34,Female,Hyderabad,Gold,11,3578.64,300.0,26,15,40,0.631,3,3,Credit Card,0
12660,40,Male,Pune,Silver,10,12947.03,1215.06,174,16,27,0.012,6,1,Net Banking,1
12661,41,Male,Kolkata,Bronze,7,27062.82,3449.19,69,13,27,0.587,11,1,COD,1
12662,62,Female,Ahmedabad,Gold,18,48039.05,2269.68,18,12,28,0.262,5,1,COD,0
12663,36,Female,Chennai,Silver,9,10786.19,1240.5,29,14,42,0.222,4,1,COD,0
12664,22,Female,Delhi,Bronze,16,43022.72,2674.33,14,15,37,0.053,8,3,UPI,0
12665,49,Male,Pune,Bronze,12,30934.71,2743.93,19,15,38,0.028,2,1,UPI,0
12666,61,Female,Ahmedabad,Silver,13,51734.43,3587.86,21,21,26,0.483,10,4,Net Banking,1
12667,18,Female,Kolkata,Bronze,13,50446.6,3800.45,32,14,35,0.654,5,2,UPI,0
12668,40,Male,Delhi,Bronze,13,38214.62,2903.1,54,13,34,0.368,7,0,Credit Card,0
12669,54,Male,Kolkata,Bronze,12,9570.84,836.83,30,19,28,0.221,6,4,UPI,0
12670,25,Female,Delhi,Silver,9,35861.27,4252.32,68,21,49,0.283,6,3,Debit Card,0
12671,30,Male,Chennai,Silver,14,53740.67,3418.05,28,16,32,0.177,8,0,UPI,0
12672,25,Female,Chennai,Bronze,11,31259.91,2964.28,54,10,42,0.506,3,0,COD,0
12673,40,Female,Mumbai,Platinum,16,36257.68,2184.99,47,7,34,0.426,4,0,Credit Card,0
12674,60,Male,Mumbai,Platinum,14,9522.71,805.14,36,17,38,0.184,4,1,Credit Card,0
12675,18,Female,Pune,Bronze,12,18037.1,1695.97,147,13,34,0.185,4,3,COD,0
12676,62,Male,Chennai,Bronze,11,25519.65,2154.18,109,15,44,0.2,1,1,Debit Card,0
12677,41,Male,Hyderabad,Platinum,15,28274.35,1839.19,7,17,28,0.304,6,3,Debit Card,0
12678,52,Male,Kolkata,Silver,7,21697.46,3184.11,28,13,39,0.268,4,1,Debit Card,0
12679,41,Female,Kolkata,Bronze,16,36203.29,2131.13,180,19,28,0.237,5,1,Net Banking,1
12680,34,Male,Kolkata,Silver,13,20769.76,1501.0,39,22,32,0.405,6,2,UPI,0
12681,22,Male,Pune,Gold,9,22169.84,2650.65,64,19,35,0.283,6,1,UPI,0
12682,37,Female,Kolkata,Bronze,18,27149.06,1453.7,58,20,25,0.413,5,2,COD,0
12683,38,Female,Bangalore,Gold,10,7719.09,731.44,30,15,41,0.515,4,2,UPI,1
12684,57,Female,Delhi,Gold,17,50047.23,2658.49,36,17,34,0.177,6,2,UPI,0
12685,48,Female,Kolkata,Silver,11,23060.23,2134.75,37,17,33,0.817,5,2,Net Banking,1
12686,63,Male,Ahmedabad,Gold,15,37482.07,2341.14,17,18,42,0.532,3,3,UPI,0
12687,53,Male,Delhi,Bronze,12,40043.29,3438.61,21,10,37,0.479,7,1,Net Banking,0
12688,28,Male,Mumbai,Silver,7,18589.05,2425.89,54,15,43,0.493,7,0,COD,0
12689,32,Female,Kolkata,Silver,9,21600.62,2712.27,20,9,32,0.429,5,2,COD,1
12690,36,Female,Ahmedabad,Silver,13,31157.67,2215.44,20,14,30,0.288,6,2,UPI,0
12691,24,Male,Hyderabad,Bronze,12,31688.98,2928.98,33,12,40,0.908,9,0,UPI,1
12692,45,Female,Ahmedabad,Silver,12,4014.81,300.0,46,17,33,0.551,4,2,COD,0
12693,60,Female,Chennai,Bronze,12,17139.27,1503.08,26,13,32,0.181,5,0,Debit Card,0
12694,22,Male,Chennai,Bronze,10,17152.84,1852.45,78,10,34,0.473,5,1,Credit Card,0
12695,22,Male,Mumbai,Bronze,11,21462.72,1768.51,29,8,34,0.2,4,3,UPI,1
12696,47,Female,Bangalore,Gold,15,23880.33,1487.55,40,14,28,0.177,6,2,UPI,0
12697,49,Female,Pune,Bronze,12,22397.07,2126.21,73,16,38,0.384,4,3,Credit Card,0
12698,25,Female,Pune,Gold,10,20119.3,2077.89,22,17,39,0.1,2,2,Credit Card,0
12699,27,Male,Hyderabad,Bronze,11,24164.38,2125.76,148,21,33,0.519,4,3,Debit Card,1
12700,55,Male,Mumbai,Bronze,9,19359.68,2380.41,19,9,26,0.378,2,2,COD,0
12701,64,Male,Mumbai,Bronze,18,47303.76,2648.01,65,13,26,0.406,10,0,UPI,0
12702,49,Male,Bangalore,Bronze,14,20213.2,1501.64,113,13,33,0.532,6,0,Credit Card,1
12703,65,Male,Kolkata,Silver,13,23962.11,1729.89,25,12,34,0.1,9,3,Credit Card,0
12704,45,Female,Pune,Silver,8,22831.35,3030.46,20,15,31,0.181,2,1,UPI,0
12705,34,Female,Kolkata,Platinum,6,7570.79,1352.25,31,13,31,0.604,8,1,UPI,1
12706,48,Female,Mumbai,Platinum,9,12355.88,1472.85,75,17,30,0.103,6,3,COD,0
12707,25,Male,Kolkata,Silver,17,23455.0,1504.33,23,10,32,0.405,8,2,Credit Card,0
12708,57,Male,Chennai,Gold,13,25598.12,2020.11,46,20,44,0.095,8,2,Debit Card,1
12709,42,Male,Hyderabad,Bronze,8,24033.96,3098.32,75,25,35,0.349,3,0,Debit Card,1
12710,26,Female,Pune,Silver,19,45030.1,2671.51,19,22,21,0.302,3,3,COD,0
12711,19,Male,Bangalore,Gold,10,15054.77,1414.36,23,18,28,0.247,4,0,Credit Card,0
12712,32,Male,Hyderabad,Bronze,10,42538.1,3831.91,111,11,29,0.325,7,2,Net Banking,0
12713,20,Female,Delhi,Bronze,9,13979.44,1573.92,23,19,35,0.35,6,1,Net Banking,0
12714,53,Male,Chennai,Bronze,10,7326.87,740.9,31,16,38,0.393,5,0,Debit Card,0
12715,21,Female,Bangalore,Silver,13,47516.92,3841.77,76,14,30,0.377,3,0,COD,0
12716,31,Male,Ahmedabad,Silver,5,6734.56,1446.83,59,16,33,0.572,4,2,Net Banking,0
12717,58,Male,Hyderabad,Silver,10,22652.07,2100.19,50,25,30,0.243,5,2,Credit Card,0
12718,58,Female,Mumbai,Silver,8,16318.71,2079.41,66,12,36,0.472,6,6,Credit Card,0
12719,42,Female,Delhi,Silver,16,44578.46,2723.58,49,20,39,0.233,9,1,UPI,0
12720,27,Female,Bangalore,Gold,13,6855.41,546.72,39,16,26,0.538,4,1,UPI,0
12721,38,Female,Mumbai,Bronze,11,21747.46,1929.38,71,24,42,0.049,5,1,Credit Card,0
12722,53,Female,Chennai,Gold,16,31933.91,1869.91,62,17,38,0.354,4,1,Net Banking,0
12723,29,Female,Ahmedabad,Gold,9,37484.02,3472.34,43,22,38,0.166,5,1,Credit Card,0
12724,44,Male,Delhi,Gold,12,22701.37,1710.8,11,18,39,0.272,1,2,COD,0
12725,57,Male,Pune,Gold,15,26070.2,1911.33,99,15,27,0.485,5,2,UPI,0
12726,19,Female,Ahmedabad,Silver,13,38340.01,2884.14,57,11,35,0.073,5,1,Credit Card,0
12727,30,Male,Mumbai,Bronze,10,27786.31,2660.26,30,11,38,0.02,4,0,UPI,0
12728,49,Female,Hyderabad,Silver,10,15825.3,1548.36,61,17,27,0.407,7,1,Debit Card,0
12729,48,Male,Kolkata,Platinum,9,22080.12,2585.57,85,16,27,0.532,5,0,COD,0
12730,33,Female,Bangalore,Silver,10,15119.86,1536.36,40,14,39,0.191,2,0,UPI,0
12731,49,Male,Delhi,Bronze,7,21342.36,2922.91,68,11,26,0.426,5,1,UPI,1
12732,49,Male,Mumbai,Bronze,12,24285.61,2055.8,76,23,47,0.384,6,1,Credit Card,0
12733,51,Male,Pune,Platinum,11,12676.58,1069.02,27,15,35,0.711,4,0,Credit Card,1
12734,28,Male,Kolkata,Bronze,15,3921.82,300.0,19,16,37,0.285,2,2,Credit Card,0
12735,27,Male,Bangalore,Bronze,11,18789.38,1861.58,80,10,42,0.235,6,1,UPI,0
12736,32,Female,Bangalore,Silver,16,21411.94,1494.67,83,17,33,0.163,12,1,Credit Card,1
12737,34,Female,Mumbai,Platinum,16,33798.67,1984.34,25,15,31,0.339,3,1,UPI,0
12738,57,Female,Pune,Bronze,14,30143.1,2155.68,17,19,33,0.513,8,2,Net Banking,0
12739,35,Male,Chennai,Silver,11,4837.91,477.63,68,8,40,0.755,8,2,UPI,1
12740,26,Female,Kolkata,Silver,12,15643.81,1543.11,44,16,28,0.307,6,1,UPI,0
12741,42,Male,Chennai,Bronze,10,20680.12,2083.57,34,9,37,0.35,7,1,Debit Card,1
12742,57,Male,Delhi,Platinum,12,29682.87,2290.04,81,20,29,0.454,7,1,UPI,1
12743,31,Male,Mumbai,Silver,9,27081.55,2918.41,21,13,46,0.741,7,1,UPI,0
12744,42,Female,Kolkata,Silver,15,43110.71,3073.49,32,17,32,0.242,1,0,UPI,0
12745,39,Male,Delhi,Gold,9,18867.6,1985.21,17,17,34,0.779,3,0,Net Banking,0
12746,47,Female,Ahmedabad,Platinum,15,32774.53,2066.91,24,15,33,0.265,6,2,Debit Card,0
12747,37,Female,Chennai,Silver,10,15526.09,1767.39,22,18,31,0.197,6,5,UPI,0
12748,38,Male,Ahmedabad,Bronze,14,39883.14,2790.18,12,10,35,0.361,2,1,Net Banking,0
12749,61,Male,Ahmedabad,Gold,12,20937.32,1853.94,71,9,33,0.316,6,4,COD,0
12750,49,Female,Kolkata,Silver,17,21471.98,1329.86,82,18,48,0.326,2,1,UPI,0
12751,63,Female,Bangalore,Platinum,15,12168.05,703.75,18,18,30,0.081,3,0,Credit Card,0
12752,38,Female,Delhi,Platinum,13,14696.9,1347.24,55,19,38,0.121,5,1,Net Banking,0
12753,52,Female,Ahmedabad,Bronze,18,34450.85,1960.72,28,15,36,0.229,8,3,Debit Card,1
12754,49,Female,Pune,Platinum,16,53529.3,3081.6,56,12,32,0.285,2,0,UPI,0
12755,47,Female,Hyderabad,Silver,13,22885.4,2240.96,21,18,39,0.146,2,2,UPI,0
12756,56,Male,Chennai,Silver,10,25846.06,2303.04,84,11,34,0.216,4,2,UPI,0
12757,29,Female,Chennai,Bronze,10,23236.57,2203.04,12,20,35,0.666,7,1,Debit Card,0
12758,58,Female,Pune,Platinum,11,33414.29,3351.84,52,16,35,0.114,5,1,Debit Card,0
12759,64,Female,Kolkata,Silver,11,28345.88,2657.08,17,16,33,0.354,6,1,Credit Card,0
12760,35,Female,Kolkata,Silver,7,16030.67,2186.76,11,16,38,0.484,7,2,UPI,0
12761,38,Male,Kolkata,Platinum,18,27072.72,1661.2,40,16,36,0.397,5,0,Net Banking,0
12762,30,Male,Delhi,Silver,16,15196.68,1065.56,66,20,29,0.296,4,1,Credit Card,0
12763,38,Female,Mumbai,Silver,7,24498.86,3687.21,38,10,42,0.342,7,0,Credit Card,0
12764,25,Female,Ahmedabad,Gold,11,35903.95,2923.26,64,20,38,0.066,5,0,COD,0
12765,63,Female,Bangalore,Gold,7,16444.2,2025.94,112,12,42,0.426,6,2,Credit Card,1
12766,57,Male,Hyderabad,Platinum,23,89224.21,3814.56,29,15,38,0.272,2,0,UPI,1
12767,63,Male,Mumbai,Platinum,11,24140.56,2193.14,38,16,31,0.122,3,2,UPI,0
12768,24,Male,Mumbai,Silver,17,26360.29,1464.93,25,17,38,0.248,2,0,COD,0
12769,40,Male,Pune,Silver,12,39768.57,3299.5,46,21,35,0.227,4,2,Credit Card,0
12770,61,Male,Delhi,Bronze,16,15470.85,1047.11,55,16,35,0.514,4,3,UPI,0
12771,49,Male,Chennai,Gold,13,21377.03,1839.19,65,21,43,0.11,5,1,Net Banking,0
12772,28,Female,Chennai,Silver,16,17667.62,1119.41,43,21,37,0.096,4,3,COD,0
12773,39,Male,Pune,Gold,12,16240.02,1480.59,18,11,30,0.397,2,3,COD,0
12774,39,Male,Delhi,Bronze,7,14971.38,2379.85,29,18,32,0.524,4,1,COD,0
12775,60,Female,Pune,Bronze,10,27598.63,2503.47,79,20,36,0.356,2,2,UPI,1
12776,42,Male,Chennai,Bronze,8,9472.69,1208.03,53,12,38,0.347,1,2,UPI,1
12777,39,Female,Mumbai,Bronze,11,46037.07,3828.24,51,12,41,0.268,10,1,UPI,0
12778,45,Male,Bangalore,Silver,13,4070.02,319.78,24,15,30,0.378,4,0,Debit Card,0
12779,46,Female,Ahmedabad,Bronze,17,34564.33,2316.61,33,13,36,0.424,5,1,UPI,0
12780,30,Female,Kolkata,Bronze,12,26876.17,2339.64,33,14,37,0.114,7,2,Credit Card,0
12781,35,Female,Delhi,Bronze,16,37641.19,2437.13,46,16,34,0.217,5,0,COD,0
12782,19,Female,Ahmedabad,Gold,14,41542.38,2991.4,41,20,29,0.267,6,7,UPI,0
12783,46,Female,Hyderabad,Gold,9,2636.84,300.0,66,11,25,0.786,3,4,UPI,1
12784,38,Male,Hyderabad,Bronze,8,12043.23,1503.35,111,13,40,0.486,8,4,Credit Card,1
12785,32,Male,Mumbai,Gold,14,33229.8,2336.14,39,17,36,0.323,6,2,Net Banking,0
12786,44,Female,Pune,Silver,8,33058.27,3732.77,32,17,38,0.392,11,3,Credit Card,1
12787,48,Female,Pune,Bronze,10,17661.44,1676.36,50,14,41,0.144,3,1,Credit Card,0
12788,32,Female,Chennai,Silver,11,24280.79,2026.84,12,13,43,0.351,1,1,UPI,1
12789,40,Male,Mumbai,Bronze,13,33772.37,2852.91,20,18,39,0.154,4,2,Credit Card,0
12790,41,Female,Chennai,Gold,13,14137.5,1111.39,56,18,30,0.04,4,1,Net Banking,0
12791,61,Female,Chennai,Bronze,13,30856.39,2220.2,39,9,36,0.404,4,0,Debit Card,0
12792,30,Female,Hyderabad,Platinum,12,24763.22,2105.38,71,16,37,0.307,6,2,Net Banking,0
12793,39,Female,Chennai,Bronze,11,17082.76,1651.7,68,12,27,0.39,6,1,Net Banking,1
12794,60,Male,Ahmedabad,Silver,14,40306.98,2652.74,39,10,30,0.217,7,1,COD,0
12795,54,Female,Kolkata,Platinum,12,41958.89,4141.22,46,24,34,0.291,5,5,UPI,1
12796,50,Female,Chennai,Bronze,8,18844.22,2356.34,96,10,27,0.295,3,0,Credit Card,1
12797,20,Male,Hyderabad,Silver,6,1783.86,300.0,70,12,42,0.378,9,1,Credit Card,0
12798,36,Female,Kolkata,Silver,15,21621.99,1415.99,84,16,25,0.214,6,2,Debit Card,1
12799,40,Female,Pune,Silver,15,62055.9,3531.38,54,12,25,0.143,5,1,Credit Card,0
12800,46,Male,Delhi,Bronze,15,32688.59,1984.41,25,12,34,0.286,6,1,Credit Card,0
12801,47,Male,Bangalore,Bronze,11,12867.37,1144.37,108,13,32,0.653,3,4,UPI,0
12802,56,Male,Chennai,Silver,16,46202.84,2879.09,42,23,42,0.055,0,1,UPI,0
12803,61,Female,Ahmedabad,Silver,14,21313.52,1625.2,33,19,24,0.249,5,1,UPI,0
12804,64,Female,Kolkata,Silver,8,19714.77,2231.55,28,16,43,0.121,6,1,UPI,0
12805,42,Male,Delhi,Bronze,11,12250.41,1181.47,21,14,34,0.42,4,1,UPI,0
12806,54,Male,Hyderabad,Bronze,15,27239.95,1823.75,28,12,40,0.235,5,1,UPI,0
12807,64,Male,Delhi,Silver,18,37299.59,2172.86,26,8,27,0.414,6,1,Debit Card,0
12808,25,Female,Bangalore,Silver,13,26376.84,2109.29,8,20,46,0.284,4,0,Debit Card,0
12809,59,Female,Ahmedabad,Silver,9,25545.66,2537.18,52,21,26,0.268,5,4,Credit Card,1
12810,33,Male,Delhi,Bronze,16,38202.49,2381.09,6,13,33,0.129,5,2,UPI,0
12811,25,Female,Ahmedabad,Bronze,9,11318.25,1283.38,55,19,22,0.626,3,1,Debit Card,1
12812,18,Male,Kolkata,Bronze,6,21637.46,3717.24,36,21,36,0.19,1,0,COD,0
12813,61,Female,Delhi,Bronze,18,35676.73,2058.91,46,21,50,0.266,0,0,Debit Card,0
12814,22,Female,Ahmedabad,Bronze,14,12965.88,984.52,48,19,27,0.754,9,2,UPI,0
12815,20,Female,Delhi,Silver,11,3552.81,300.0,71,17,39,0.062,11,2,UPI,1
12816,18,Female,Delhi,Silver,15,34900.29,2267.66,36,11,32,0.106,5,3,Credit Card,0
12817,21,Male,Mumbai,Silver,9,10471.75,1366.36,51,16,34,0.455,6,2,Debit Card,0
12818,57,Female,Chennai,Bronze,16,40426.9,2715.52,118,9,33,0.491,5,3,UPI,1
12819,52,Female,Hyderabad,Bronze,17,35095.39,2243.52,41,12,38,0.369,5,4,UPI,0
12820,49,Male,Bangalore,Silver,11,62292.45,5744.65,138,16,30,0.218,4,1,Credit Card,1
12821,59,Female,Hyderabad,Platinum,6,6623.25,1065.22,63,26,32,0.45,6,2,UPI,0
12822,51,Male,Mumbai,Gold,10,30572.03,3151.92,13,11,40,0.694,13,1,Credit Card,0
12823,60,Male,Mumbai,Gold,12,13784.39,1219.36,24,20,33,0.278,12,1,UPI,0
12824,42,Female,Kolkata,Gold,15,38842.37,2947.86,88,20,34,0.447,4,2,COD,0
12825,27,Female,Mumbai,Silver,23,88785.81,3480.81,57,11,33,0.396,5,4,Debit Card,1
12826,38,Male,Chennai,Bronze,7,12061.77,1890.05,49,20,39,0.729,5,1,UPI,0
12827,63,Male,Mumbai,Silver,8,12659.2,1543.72,65,17,33,0.359,6,2,Debit Card,0
12828,56,Male,Delhi,Bronze,12,23004.92,2059.08,37,7,33,0.291,6,1,Credit Card,0
12829,44,Female,Hyderabad,Silver,6,9123.43,1531.29,41,14,38,0.458,5,3,Credit Card,0
12830,44,Male,Pune,Gold,14,57637.39,3649.55,24,13,32,0.097,4,3,Credit Card,0
12831,19,Male,Bangalore,Gold,13,29634.67,2022.18,13,9,39,0.24,6,2,Net Banking,0
12832,58,Male,Mumbai,Bronze,5,13932.05,2595.58,22,21,34,0.106,4,2,Debit Card,1
12833,65,Female,Hyderabad,Silver,11,27103.9,2622.0,21,15,38,0.363,7,1,UPI,0
12834,30,Male,Kolkata,Silver,9,28026.07,3002.97,15,21,30,0.212,3,3,COD,0
12835,26,Female,Mumbai,Gold,12,20567.89,1793.19,27,11,32,0.676,5,3,Credit Card,0
12836,53,Female,Chennai,Gold,20,52940.3,2890.65,74,19,28,0.296,5,3,UPI,0
12837,39,Male,Mumbai,Platinum,13,45004.48,3371.24,64,16,42,0.41,3,1,UPI,1
12838,59,Female,Mumbai,Bronze,13,26815.24,2059.89,57,18,25,0.11,4,1,UPI,0
12839,43,Male,Ahmedabad,Silver,10,9224.17,1000.3,65,22,41,0.337,0,2,UPI,0
12840,29,Female,Ahmedabad,Bronze,5,16426.67,3431.74,78,16,43,0.083,9,1,UPI,1
12841,34,Female,Mumbai,Bronze,18,45358.62,2356.28,34,20,44,0.25,3,0,Credit Card,0
12842,31,Male,Kolkata,Platinum,8,16079.98,2203.78,45,16,40,0.145,4,2,Net Banking,0
12843,31,Male,Ahmedabad,Platinum,15,44196.05,2809.09,14,15,31,0.659,2,1,COD,0
12844,51,Male,Mumbai,Bronze,13,44460.54,3486.26,30,14,54,0.427,2,1,COD,1
12845,37,Female,Bangalore,Bronze,8,14471.9,2000.22,66,12,34,0.431,2,2,UPI,1
12846,28,Female,Hyderabad,Bronze,11,36284.45,3330.08,44,13,49,0.188,8,2,UPI,1
12847,33,Male,Ahmedabad,Gold,10,22682.16,2264.89,74,18,47,0.535,4,2,UPI,0
12848,48,Male,Ahmedabad,Bronze,20,51473.28,2761.42,39,19,27,0.125,2,4,COD,0
12849,23,Female,Chennai,Bronze,10,16892.11,1653.75,60,20,40,0.366,7,2,UPI,0
12850,36,Female,Mumbai,Bronze,12,25674.7,1971.56,9,16,29,0.62,4,1,Debit Card,0
12851,54,Female,Mumbai,Silver,10,36661.46,3176.21,74,16,37,0.318,6,2,Credit Card,0
12852,21,Male,Mumbai,Platinum,11,5131.26,432.08,61,13,34,0.447,4,2,UPI,0
12853,64,Female,Mumbai,Bronze,12,35626.63,2830.4,27,13,43,0.489,6,3,Debit Card,0
12854,21,Male,Ahmedabad,Silver,15,39114.39,2541.57,24,12,33,0.605,6,1,UPI,0
12855,37,Female,Delhi,Bronze,11,43231.24,3694.92,60,24,38,0.286,6,1,UPI,1
12856,27,Female,Delhi,Silver,10,36544.54,3105.49,138,13,33,0.565,9,0,Credit Card,1
12857,41,Male,Pune,Gold,14,32980.42,2359.17,28,14,31,0.368,3,1,Net Banking,0
12858,52,Male,Mumbai,Bronze,13,13286.55,1055.34,28,12,38,0.66,6,4,Debit Card,0
12859,43,Male,Pune,Bronze,16,26637.54,1677.48,15,18,42,0.71,5,0,Credit Card,0
12860,54,Female,Bangalore,Gold,12,23052.52,1995.77,31,13,32,0.274,2,0,Debit Card,0
12861,55,Female,Pune,Bronze,8,30000.4,3542.82,21,16,42,0.321,9,2,Credit Card,0
12862,38,Female,Hyderabad,Silver,10,29737.69,2920.69,35,15,34,0.281,6,0,Credit Card,0
12863,57,Male,Delhi,Silver,4,6565.18,1484.47,29,13,31,0.051,4,1,UPI,0
12864,56,Female,Delhi,Bronze,10,25249.51,2562.53,27,26,29,0.263,4,1,Credit Card,0
12865,38,Male,Mumbai,Gold,10,15851.57,1787.11,47,18,31,0.147,5,0,COD,0
12866,27,Male,Ahmedabad,Gold,11,17933.09,1618.76,37,22,32,0.304,2,2,Debit Card,0
12867,55,Male,Mumbai,Silver,12,33871.01,2765.71,80,12,41,0.268,7,0,COD,0
12868,63,Female,Bangalore,Bronze,14,29849.8,2070.03,63,21,39,0.254,5,1,Credit Card,0
12869,21,Female,Chennai,Silver,12,14707.35,1152.16,35,12,35,0.232,9,2,COD,0
12870,62,Male,Bangalore,Silver,7,20977.88,2944.24,22,16,37,0.373,4,2,UPI,0
12871,37,Female,Hyderabad,Silver,10,22216.8,2336.8,50,16,29,0.102,6,2,Net Banking,0
12872,34,Male,Mumbai,Gold,11,21340.97,1870.28,30,15,48,0.43,6,1,UPI,0
12873,24,Male,Mumbai,Bronze,12,41621.75,3543.22,23,14,43,0.511,2,1,Debit Card,0
12874,21,Female,Bangalore,Silver,15,43488.81,3157.71,53,19,39,0.812,7,3,Debit Card,0
12875,46,Male,Bangalore,Silver,17,37839.19,2309.44,22,17,41,0.575,5,0,Debit Card,0
12876,31,Male,Bangalore,Bronze,8,4797.05,659.25,81,11,32,0.135,1,3,UPI,1
12877,20,Female,Delhi,Gold,8,27175.81,3199.47,14,11,47,0.294,4,1,Debit Card,0
12878,41,Male,Pune,Bronze,12,20484.64,1764.92,51,15,34,0.391,6,2,UPI,1
12879,54,Male,Pune,Bronze,12,23872.95,2057.92,7,21,34,0.222,7,1,UPI,0
12880,33,Male,Mumbai,Platinum,16,30450.21,1927.55,15,17,29,0.539,5,5,Debit Card,0
12881,21,Male,Delhi,Bronze,12,13169.21,1033.95,33,9,30,0.42,6,1,Credit Card,0
12882,41,Male,Bangalore,Bronze,10,28792.81,2607.26,22,10,33,0.732,7,1,Net Banking,0
12883,51,Male,Mumbai,Silver,7,10498.83,1441.6,59,16,19,0.527,6,0,Credit Card,0
12884,47,Male,Delhi,Platinum,10,26458.12,2560.62,6,20,38,0.261,5,2,Debit Card,0
12885,35,Female,Hyderabad,Platinum,15,18027.24,1357.53,50,16,20,0.428,5,1,COD,1
12886,36,Female,Chennai,Silver,15,24702.63,1791.09,16,17,36,0.07,5,1,COD,0
12887,48,Male,Delhi,Bronze,10,27095.93,2528.6,24,20,38,0.344,4,1,Credit Card,0
12888,36,Male,Kolkata,Platinum,7,15978.09,2311.2,43,15,35,0.53,5,2,COD,0
12889,63,Female,Mumbai,Silver,16,46155.15,2759.53,53,10,44,0.282,4,1,COD,0
12890,36,Female,Ahmedabad,Silver,10,31313.25,2827.5,44,15,36,0.242,5,2,UPI,0
12891,39,Female,Pune,Gold,7,26091.12,3399.1,74,14,35,0.681,8,2,UPI,0
12892,41,Female,Kolkata,Silver,13,26843.76,2199.33,64,17,26,0.406,4,1,UPI,0
12893,62,Female,Bangalore,Bronze,10,33714.33,3286.28,63,8,45,0.162,4,4,Debit Card,1
12894,29,Male,Chennai,Gold,16,27645.17,1909.84,172,15,34,0.192,4,1,Credit Card,0
12895,47,Female,Ahmedabad,Silver,10,29712.6,2900.08,151,8,38,0.328,4,1,COD,1
12896,55,Female,Hyderabad,Bronze,14,45107.7,3211.21,92,13,32,0.152,9,0,Credit Card,1
12897,48,Female,Ahmedabad,Bronze,18,63841.44,3207.82,42,14,29,0.195,4,1,Credit Card,0
12898,53,Male,Chennai,Silver,17,14480.9,887.07,39,10,37,0.356,9,2,COD,0
12899,36,Male,Ahmedabad,Bronze,8,2331.02,300.0,48,23,48,0.266,4,1,UPI,0
12900,65,Male,Chennai,Bronze,20,54750.48,2699.57,70,10,28,0.776,7,3,UPI,0
12901,62,Male,Delhi,Silver,11,23149.26,2202.26,63,15,32,0.522,3,2,UPI,0
12902,53,Male,Mumbai,Platinum,11,24772.22,2452.37,25,25,50,0.317,3,1,UPI,1
12903,47,Male,Ahmedabad,Silver,11,27721.71,2282.5,56,15,36,0.364,6,0,UPI,0
12904,50,Female,Ahmedabad,Gold,10,22877.1,1894.68,47,19,37,0.226,5,2,UPI,0
12905,35,Male,Mumbai,Gold,14,40752.55,2715.33,34,16,28,0.386,6,0,Net Banking,0
12906,45,Male,Chennai,Gold,12,31046.85,2505.05,31,15,44,0.423,4,0,Debit Card,1
12907,64,Female,Bangalore,Bronze,9,19002.28,2105.68,54,14,31,0.061,4,1,Debit Card,0
12908,28,Male,Mumbai,Gold,14,31943.05,2226.04,51,25,41,0.199,3,0,Debit Card,0
12909,62,Female,Chennai,Silver,10,31000.72,2755.21,59,20,32,0.705,5,2,Net Banking,0
12910,50,Female,Mumbai,Bronze,15,25831.45,1665.24,111,18,36,0.191,4,0,Credit Card,0
12911,34,Male,Bangalore,Bronze,10,12765.17,1199.45,39,15,39,0.323,8,3,Debit Card,0
12912,23,Female,Hyderabad,Gold,11,12242.77,1185.58,34,17,27,0.126,5,3,COD,0
12913,21,Female,Kolkata,Bronze,11,19604.35,1742.29,15,15,40,0.353,7,2,Credit Card,0
12914,37,Female,Chennai,Bronze,5,16120.92,3536.0,34,21,31,0.383,8,4,Credit Card,0
12915,65,Female,Pune,Gold,21,48493.85,2319.49,14,13,31,0.231,2,1,UPI,0
12916,64,Male,Pune,Platinum,17,27494.63,1588.88,22,21,31,0.151,7,1,Credit Card,0
12917,44,Female,Chennai,Silver,8,20993.22,2382.07,48,17,37,0.363,9,2,Debit Card,0
12918,32,Male,Delhi,Bronze,6,7339.83,1260.14,32,17,28,0.488,4,7,UPI,0
12919,23,Female,Hyderabad,Bronze,10,21884.4,2032.75,32,17,31,0.139,4,2,Credit Card,0
12920,64,Female,Delhi,Silver,17,31410.42,1830.62,9,18,36,0.754,1,3,UPI,0
12921,31,Female,Kolkata,Bronze,11,11776.76,1009.05,36,23,32,0.256,6,2,COD,1
12922,28,Male,Pune,Silver,8,23828.64,3183.91,88,18,34,0.135,4,0,COD,1
12923,56,Male,Bangalore,Bronze,12,22235.77,1861.04,107,12,29,0.367,5,3,Net Banking,1
12924,26,Male,Chennai,Platinum,12,27647.82,2165.41,36,12,27,0.284,5,3,UPI,0
12925,43,Female,Kolkata,Silver,11,32978.36,2827.13,81,18,37,0.704,5,4,Credit Card,1
12926,33,Female,Ahmedabad,Bronze,12,34957.91,2516.61,100,9,30,0.435,7,2,Credit Card,1
12927,22,Female,Ahmedabad,Gold,11,28353.98,2269.48,102,14,37,0.338,2,1,COD,1
12928,27,Female,Mumbai,Bronze,10,21583.78,1985.76,60,13,33,0.497,4,1,Credit Card,1
12929,20,Male,Pune,Bronze,14,37422.64,2855.37,24,17,40,0.217,4,0,UPI,0
12930,30,Female,Hyderabad,Gold,16,32537.66,2193.5,55,12,38,0.124,5,5,Debit Card,1
12931,60,Male,Pune,Bronze,12,25623.36,2329.77,18,10,40,0.331,5,0,Credit Card,0
12932,47,Female,Hyderabad,Silver,13,39812.46,3201.59,25,16,29,0.634,4,0,UPI,0
12933,62,Male,Hyderabad,Bronze,6,18829.5,3252.57,16,9,34,0.612,3,2,Net Banking,1
12934,23,Male,Chennai,Bronze,14,36412.46,2441.85,27,10,31,0.106,4,2,Credit Card,0
12935,34,Female,Hyderabad,Bronze,14,29463.31,2294.15,106,19,39,0.494,5,2,COD,1
12936,62,Female,Delhi,Gold,11,31208.94,2790.24,24,17,28,0.213,6,3,COD,0
12937,36,Male,Ahmedabad,Silver,10,22130.62,1973.51,21,14,37,0.412,6,1,Credit Card,0
12938,59,Female,Kolkata,Bronze,22,52469.8,1975.87,79,14,35,0.536,6,1,Credit Card,1
12939,52,Female,Bangalore,Bronze,18,46788.07,2143.58,17,27,33,0.234,4,1,UPI,0
12940,63,Male,Pune,Platinum,15,19186.37,1283.38,80,16,40,0.257,2,2,Debit Card,0
12941,43,Male,Bangalore,Platinum,14,67026.11,4326.15,17,18,42,0.132,4,1,UPI,0
12942,22,Male,Kolkata,Silver,8,16034.78,1840.27,34,18,36,0.151,3,0,UPI,0
12943,46,Male,Mumbai,Gold,13,36915.72,2620.87,125,11,32,0.215,8,2,COD,0
12944,54,Female,Kolkata,Gold,11,24067.81,2184.76,34,16,33,0.218,6,1,UPI,1
12945,37,Male,Pune,Bronze,10,27471.5,2819.16,43,24,35,0.184,4,2,Credit Card,0
12946,38,Male,Ahmedabad,Bronze,10,19595.35,1854.35,10,13,30,0.12,4,0,COD,0
12947,27,Male,Bangalore,Bronze,13,30140.12,2395.13,157,18,30,0.146,9,1,Credit Card,1
12948,22,Female,Bangalore,Gold,13,17141.98,1434.8,34,12,30,0.241,4,3,Debit Card,1
12949,53,Male,Chennai,Gold,12,38670.54,3292.78,13,16,30,0.245,3,4,Credit Card,0
12950,23,Female,Chennai,Gold,11,32093.13,2795.4,100,15,28,0.097,4,1,Net Banking,1
12951,43,Male,Kolkata,Bronze,11,8988.45,925.27,16,14,40,0.316,3,1,Credit Card,0
12952,21,Male,Kolkata,Silver,13,27313.43,2212.72,33,13,33,0.049,8,4,COD,1
12953,56,Female,Mumbai,Gold,11,9929.02,948.57,106,11,35,0.504,4,0,UPI,1
12954,56,Male,Hyderabad,Gold,16,20945.66,1480.45,44,15,36,0.074,6,2,COD,0
12955,52,Male,Pune,Bronze,17,53511.49,3028.89,50,14,39,0.18,2,3,UPI,0
12956,18,Female,Chennai,Gold,17,4594.83,300.0,39,14,36,0.186,7,0,Net Banking,0
12957,41,Male,Pune,Bronze,10,33738.51,3140.73,67,19,27,0.595,2,1,COD,0
12958,53,Male,Mumbai,Gold,17,37942.01,2540.92,134,10,39,0.411,4,2,UPI,1
12959,23,Male,Chennai,Silver,15,34034.56,2127.89,25,13,41,0.372,9,2,UPI,0
12960,58,Male,Chennai,Bronze,8,24407.51,2990.1,81,16,32,0.26,5,2,UPI,0
12961,63,Female,Hyderabad,Gold,12,60844.57,4632.52,51,7,35,0.535,1,3,Credit Card,1
12962,61,Male,Pune,Bronze,4,4090.03,1003.69,48,13,21,0.187,4,1,UPI,0
12963,48,Female,Ahmedabad,Gold,7,24418.15,3724.16,42,14,34,0.551,4,1,UPI,0
12964,37,Male,Pune,Bronze,16,51119.45,3069.77,50,9,41,0.657,5,0,COD,0
12965,41,Female,Pune,Gold,9,15364.11,1565.69,46,16,26,0.044,9,1,UPI,0
12966,42,Male,Hyderabad,Platinum,15,44697.55,2672.31,25,11,37,0.681,8,1,Credit Card,1
12967,53,Female,Chennai,Bronze,14,16412.84,1199.09,18,22,29,0.309,2,3,Credit Card,0
12968,38,Male,Mumbai,Silver,13,23681.05,1756.65,47,14,36,0.339,3,1,Debit Card,0
12969,47,Female,Pune,Silver,10,2861.41,305.47,25,8,48,0.251,3,2,UPI,0
12970,41,Female,Bangalore,Bronze,8,7049.09,986.28,19,14,22,0.268,4,1,UPI,0
12971,61,Male,Ahmedabad,Silver,17,40540.13,2543.53,14,18,35,0.462,5,2,UPI,0
12972,59,Female,Ahmedabad,Gold,7,17923.12,2623.2,42,17,38,0.081,4,1,Debit Card,0
12973,47,Male,Hyderabad,Platinum,13,32039.63,2613.24,32,18,28,0.115,6,5,Credit Card,0
12974,39,Male,Delhi,Gold,13,38359.67,2772.56,91,17,44,0.091,3,2,UPI,1
12975,45,Male,Mumbai,Silver,23,53003.27,2306.61,69,9,42,0.65,7,0,Net Banking,0
12976,24,Male,Bangalore,Gold,9,23970.56,2810.52,54,20,38,0.645,3,2,UPI,0
12977,52,Male,Pune,Gold,9,30880.03,3165.79,43,14,32,0.243,3,1,Credit Card,0
12978,45,Female,Delhi,Silver,13,32580.99,2421.76,111,10,31,0.387,4,3,UPI,1
12979,31,Male,Mumbai,Bronze,17,31731.48,1809.06,15,13,39,0.591,5,0,Credit Card,0
12980,27,Male,Hyderabad,Silver,14,27733.2,2069.16,83,17,31,0.617,3,0,Credit Card,1
12981,33,Male,Delhi,Gold,13,18102.49,1447.38,54,20,42,0.629,8,1,Credit Card,0
12982,33,Male,Chennai,Silver,23,63717.24,2966.25,36,15,36,0.233,1,1,Net Banking,0
12983,48,Male,Kolkata,Gold,13,9701.54,755.09,24,14,38,0.257,5,1,Credit Card,0
12984,59,Male,Delhi,Bronze,19,37447.45,2056.58,31,14,43,0.033,7,2,UPI,0
12985,42,Female,Kolkata,Platinum,8,20799.18,2712.22,17,11,34,0.1,6,2,UPI,0
12986,30,Female,Ahmedabad,Silver,18,22425.41,1281.93,27,14,34,0.364,3,2,Credit Card,0
12987,23,Male,Bangalore,Gold,6,5587.54,941.8,18,18,35,0.441,1,0,COD,0
12988,61,Female,Mumbai,Bronze,8,2597.29,300.0,33,11,40,0.281,4,1,UPI,0
12989,26,Male,Bangalore,Bronze,15,33758.64,1944.11,37,12,30,0.185,6,1,COD,0
12990,62,Male,Bangalore,Gold,9,9952.43,1170.84,106,13,49,0.232,3,1,Credit Card,1
12991,53,Male,Pune,Platinum,11,33525.13,2989.08,31,9,44,0.536,6,3,Credit Card,0
12992,60,Male,Hyderabad,Bronze,17,13408.74,803.59,11,12,42,0.327,3,1,Credit Card,0
12993,37,Male,Delhi,Bronze,11,29002.74,2675.81,167,10,43,0.15,2,0,Debit Card,1
12994,35,Female,Mumbai,Silver,13,12460.62,1028.16,41,10,36,0.303,6,2,Credit Card,0
12995,60,Female,Ahmedabad,Bronze,9,7235.97,838.21,52,10,43,0.517,5,4,Debit Card,0
12996,38,Female,Chennai,Bronze,8,10034.26,1116.85,72,17,40,0.386,4,2,UPI,0
12997,21,Female,Hyderabad,Gold,13,45276.54,3167.8,42,20,34,0.297,1,2,UPI,0
12998,50,Male,Hyderabad,Platinum,14,13686.63,1117.46,16,13,42,0.471,7,2,Net Banking,0
12999,44,Female,Mumbai,Bronze,5,16719.43,3227.73,6,7,35,0.204,5,2,Credit Card,0
13000,24,Male,Hyderabad,Silver,9,22910.62,2382.39,47,21,63,0.249,5,1,UPI,0
13001,23,Female,Pune,Bronze,9,16084.4,1733.46,34,22,36,0.424,7,1,UPI,0
13002,32,Female,Hyderabad,Bronze,9,10303.41,1252.96,56,21,34,0.36,5,1,UPI,0
13003,35,Female,Ahmedabad,Bronze,10,39208.8,3913.99,32,16,45,0.199,8,1,UPI,0
13004,49,Female,Ahmedabad,Silver,16,27822.62,1670.48,155,12,27,0.136,7,2,Debit Card,1
13005,28,Male,Pune,Bronze,15,27417.88,1674.23,85,13,27,0.371,10,0,Credit Card,1
13006,37,Female,Delhi,Silver,17,52282.67,3506.05,37,13,39,0.107,8,1,COD,0
13007,41,Female,Delhi,Bronze,3,10636.96,3665.56,16,10,29,0.351,5,1,Debit Card,0
13008,32,Male,Bangalore,Bronze,8,16363.69,2074.05,94,14,38,0.403,10,2,UPI,0
13009,65,Male,Ahmedabad,Bronze,11,33541.93,3265.81,20,12,32,0.128,7,2,UPI,0
13010,24,Female,Pune,Platinum,10,17107.63,1648.72,13,19,35,0.434,6,1,Debit Card,0
13011,38,Male,Chennai,Gold,4,16319.79,4222.28,83,22,31,0.235,5,3,Credit Card,0
13012,59,Male,Delhi,Gold,11,10624.95,1019.86,52,14,23,0.357,4,2,Credit Card,0
13013,43,Male,Hyderabad,Silver,14,18613.02,1377.34,11,11,48,0.43,10,2,Net Banking,0
13014,61,Female,Mumbai,Bronze,8,22980.32,3381.46,38,17,27,0.687,8,4,UPI,1
13015,31,Male,Mumbai,Silver,11,17895.55,1939.66,72,13,38,0.383,5,0,COD,1
13016,54,Female,Kolkata,Bronze,9,34073.78,3434.95,52,17,26,0.362,2,3,UPI,1
13017,38,Female,Ahmedabad,Gold,13,24014.7,1780.43,60,13,24,0.085,5,1,COD,0
13018,35,Female,Pune,Bronze,8,24860.62,2793.34,69,15,26,0.335,4,0,Credit Card,0
13019,22,Female,Chennai,Bronze,10,18450.56,1576.31,39,15,35,0.112,3,1,UPI,1
13020,20,Male,Bangalore,Silver,15,29162.55,2131.83,21,12,37,0.123,0,0,Credit Card,0
13021,40,Female,Hyderabad,Silver,8,8907.73,1047.55,29,11,37,0.402,3,1,UPI,0
13022,43,Male,Pune,Platinum,11,20436.13,2156.93,58,21,42,0.345,5,2,UPI,0
13023,54,Female,Kolkata,Silver,10,13285.84,1409.97,36,16,25,0.338,4,1,Credit Card,0
13024,41,Male,Mumbai,Silver,12,49793.64,4065.3,71,21,27,0.118,5,1,Debit Card,0
13025,36,Female,Pune,Bronze,14,28810.11,1911.38,66,15,36,0.161,8,1,UPI,0
13026,42,Male,Hyderabad,Platinum,12,13653.22,1122.11,15,17,35,0.058,4,0,UPI,0
13027,38,Female,Chennai,Silver,13,36213.65,2822.66,33,13,46,0.448,4,1,UPI,1
13028,29,Female,Ahmedabad,Silver,15,17353.69,1112.9,33,15,45,0.397,3,1,Net Banking,0
13029,58,Male,Chennai,Bronze,8,23679.73,2989.28,29,12,26,0.476,4,3,UPI,0
13030,50,Female,Delhi,Gold,13,22034.61,1697.89,18,14,38,0.332,6,0,UPI,0
13031,21,Female,Hyderabad,Bronze,14,30202.44,2166.05,34,14,22,0.272,4,3,COD,0
13032,59,Female,Kolkata,Silver,7,15571.62,2029.23,26,14,35,0.188,9,1,UPI,0
13033,24,Male,Delhi,Platinum,12,26251.11,1971.62,34,15,25,0.171,6,2,UPI,0
13034,39,Female,Delhi,Platinum,7,15781.48,2256.01,11,12,38,0.101,2,2,UPI,0
13035,50,Female,Delhi,Silver,9,13940.9,1603.1,38,10,31,0.639,7,3,COD,0
13036,34,Male,Pune,Gold,18,19447.8,1217.19,128,19,52,0.142,3,1,UPI,1
13037,41,Male,Kolkata,Bronze,10,23070.11,2234.95,94,19,36,0.421,4,0,Debit Card,0
13038,51,Male,Mumbai,Gold,21,41148.51,1842.03,30,16,34,0.479,7,1,COD,0
13039,45,Male,Chennai,Silver,13,14645.46,1048.93,52,20,35,0.127,2,2,Net Banking,0
13040,60,Male,Ahmedabad,Silver,9,28503.35,2752.85,83,18,32,0.503,11,3,Net Banking,0
13041,58,Female,Pune,Platinum,13,23406.51,2185.29,61,16,29,0.639,5,4,COD,0
13042,56,Female,Mumbai,Gold,8,11649.04,1221.99,34,17,44,0.346,5,1,UPI,0
13043,39,Female,Chennai,Bronze,10,19418.65,1986.05,92,17,33,0.391,9,0,Debit Card,1
13044,34,Male,Ahmedabad,Gold,12,23207.95,2069.91,86,17,25,0.046,7,3,UPI,0
13045,51,Female,Kolkata,Bronze,9,11919.48,1272.3,60,13,36,0.286,3,1,Debit Card,1
13046,23,Male,Ahmedabad,Gold,15,75659.24,5046.18,11,19,32,0.188,4,5,Credit Card,0
13047,63,Male,Kolkata,Gold,10,19990.87,2192.99,60,8,32,0.071,5,3,Net Banking,0
13048,23,Female,Hyderabad,Bronze,12,22777.3,2002.07,1,9,45,0.435,5,0,UPI,0
13049,51,Male,Ahmedabad,Gold,17,74501.75,4393.19,109,17,36,0.173,5,0,UPI,0
13050,18,Male,Chennai,Silver,13,32742.28,2610.93,85,13,36,0.556,2,1,COD,0
13051,27,Female,Chennai,Silver,12,41314.74,3287.87,87,20,38,0.112,3,1,Credit Card,0
13052,38,Male,Kolkata,Bronze,12,24722.42,2284.87,50,13,29,0.163,1,0,Debit Card,0
13053,22,Male,Chennai,Bronze,13,33848.12,2257.81,34,11,34,0.416,5,0,UPI,0
13054,19,Female,Bangalore,Gold,8,13117.14,1430.23,92,15,39,0.775,5,2,UPI,0
13055,39,Male,Hyderabad,Bronze,13,41800.82,2802.0,68,12,33,0.366,5,1,Credit Card,1
13056,65,Male,Pune,Silver,14,52226.68,3863.82,44,13,25,0.346,4,0,Credit Card,0
13057,19,Female,Ahmedabad,Gold,12,48019.36,3619.39,37,21,35,0.054,8,2,COD,0
13058,27,Female,Pune,Bronze,10,11602.69,1110.47,77,15,48,0.266,5,1,COD,0
13059,51,Female,Mumbai,Silver,12,44369.1,3873.61,53,14,28,0.83,4,3,Credit Card,1
13060,33,Female,Pune,Silver,15,22422.62,1455.36,11,15,32,0.129,3,2,UPI,0
13061,65,Male,Delhi,Gold,15,21592.48,1353.44,133,20,33,0.525,7,2,Debit Card,1
13062,56,Male,Chennai,Silver,17,25198.02,1402.72,89,13,30,0.248,3,2,Debit Card,0
13063,39,Female,Pune,Silver,10,17055.95,1848.08,103,16,38,0.3,7,3,Credit Card,0
13064,29,Male,Mumbai,Bronze,8,3726.0,460.59,57,25,45,0.198,8,2,Credit Card,0
13065,41,Male,Mumbai,Gold,13,24047.4,2247.47,36,16,29,0.377,2,1,UPI,0
13066,64,Female,Delhi,Bronze,10,18897.58,1966.4,39,22,31,0.105,7,1,Credit Card,0
13067,57,Female,Mumbai,Platinum,14,29843.52,2237.37,86,15,37,0.344,4,2,COD,0
13068,55,Male,Kolkata,Silver,10,18430.08,1753.6,59,19,32,0.614,1,0,Credit Card,0
13069,27,Female,Bangalore,Platinum,4,3461.49,767.2,23,15,34,0.33,9,2,Credit Card,0
13070,52,Female,Kolkata,Silver,7,16672.51,1965.62,36,12,38,0.244,7,0,Credit Card,1
13071,49,Female,Chennai,Bronze,18,59574.84,3298.36,18,11,39,0.369,6,0,Net Banking,0
13072,24,Male,Chennai,Platinum,15,18579.71,1290.85,12,10,37,0.105,4,2,Debit Card,0
13073,38,Female,Chennai,Bronze,15,24512.96,1410.44,21,19,35,0.601,2,1,UPI,0
13074,37,Male,Hyderabad,Bronze,9,23294.28,2609.39,12,16,22,0.17,10,1,UPI,0
13075,43,Male,Pune,Bronze,21,23258.19,1085.78,40,10,32,0.552,9,1,COD,0
13076,21,Male,Bangalore,Platinum,12,29300.89,2403.23,55,15,35,0.616,2,2,Debit Card,0
13077,63,Female,Pune,Silver,16,40592.43,2599.64,53,7,36,0.697,9,2,Credit Card,1
13078,39,Female,Bangalore,Silver,20,33025.62,1693.28,63,14,45,0.745,2,1,Credit Card,1
13079,32,Female,Pune,Gold,8,13042.5,1525.23,20,10,51,0.06,4,2,UPI,0
13080,57,Female,Delhi,Silver,18,18983.64,931.86,19,14,42,0.264,5,3,UPI,0
13081,38,Female,Ahmedabad,Gold,12,19577.79,1488.04,35,16,37,0.318,4,3,UPI,0
13082,32,Male,Kolkata,Silver,10,24769.11,2710.99,21,17,44,0.349,10,3,UPI,0
13083,39,Male,Mumbai,Gold,9,29522.02,2954.43,15,9,48,0.255,5,0,UPI,0
13084,45,Male,Mumbai,Bronze,10,23123.99,2257.31,70,16,30,0.494,3,0,Credit Card,0
13085,31,Female,Kolkata,Bronze,11,16055.51,1646.99,58,20,43,0.257,3,2,Net Banking,0
13086,44,Male,Delhi,Silver,14,31469.16,2265.98,43,14,48,0.295,3,2,Credit Card,0
13087,58,Male,Bangalore,Silver,17,24014.91,1463.51,18,14,30,0.391,2,1,UPI,0
13088,57,Female,Kolkata,Silver,9,19940.58,2361.19,71,19,31,0.17,7,1,Net Banking,0
13089,45,Female,Hyderabad,Silver,13,36993.6,2872.18,48,18,33,0.263,4,4,Credit Card,1
13090,43,Male,Bangalore,Bronze,8,13994.86,1781.18,67,16,33,0.264,4,0,UPI,1
13091,19,Male,Mumbai,Silver,10,15650.81,1477.21,42,17,42,0.166,4,3,Credit Card,0
13092,42,Female,Hyderabad,Silver,23,35401.36,1761.05,37,12,42,0.672,1,3,Debit Card,0
13093,20,Female,Pune,Bronze,13,42531.86,3178.76,68,23,23,0.177,5,3,UPI,0
13094,25,Female,Hyderabad,Silver,10,51079.94,4712.2,148,16,34,0.103,2,1,Credit Card,1
13095,61,Female,Bangalore,Bronze,8,21692.55,2783.73,53,12,43,0.418,5,1,UPI,0
13096,50,Male,Delhi,Silver,7,16072.96,2134.16,85,15,37,0.073,7,1,Net Banking,0
13097,59,Male,Pune,Bronze,11,14110.75,1323.84,71,19,43,0.169,3,3,Credit Card,0
13098,52,Female,Bangalore,Platinum,10,12483.57,1267.99,105,16,35,0.244,6,1,UPI,0
13099,23,Male,Pune,Gold,12,24223.82,2584.89,52,14,29,0.379,6,2,Debit Card,1
13100,56,Male,Hyderabad,Bronze,9,14108.46,1498.18,77,10,39,0.323,2,3,Credit Card,1
13101,40,Female,Mumbai,Silver,17,54120.45,3120.24,50,14,34,0.346,6,1,UPI,0
13102,42,Male,Bangalore,Gold,15,24316.27,1657.02,9,16,31,0.414,1,2,UPI,0
13103,60,Male,Ahmedabad,Silver,16,59864.04,3480.76,51,12,36,0.269,2,1,UPI,0
13104,36,Male,Delhi,Gold,10,18203.5,1831.6,55,16,39,0.446,5,0,UPI,1
13105,22,Female,Ahmedabad,Bronze,6,18480.89,3220.1,37,19,22,0.347,4,2,Credit Card,1
13106,28,Female,Ahmedabad,Gold,12,33685.8,2805.72,16,21,43,0.348,2,1,Credit Card,0
13107,29,Male,Kolkata,Silver,10,32055.18,2962.24,121,13,34,0.528,4,3,UPI,1
13108,27,Female,Hyderabad,Bronze,17,36939.2,2138.32,7,17,33,0.438,3,0,UPI,0
13109,25,Female,Bangalore,Silver,10,13361.59,1602.2,35,18,37,0.292,5,0,Credit Card,0
13110,41,Female,Delhi,Platinum,13,40090.38,3108.55,33,15,39,0.36,8,1,Net Banking,0
13111,45,Male,Bangalore,Gold,11,32048.91,3813.83,48,23,33,0.207,4,1,UPI,0
13112,58,Male,Hyderabad,Silver,9,12707.0,1297.86,26,18,39,0.205,8,4,UPI,0
13113,53,Female,Bangalore,Bronze,8,18896.19,2627.99,37,11,35,0.407,10,3,Debit Card,0
13114,54,Male,Pune,Silver,11,30818.74,2624.58,107,21,25,0.22,5,3,COD,0
13115,38,Male,Hyderabad,Bronze,9,21518.56,2349.22,79,16,30,0.112,6,0,UPI,1
13116,25,Male,Bangalore,Bronze,20,71507.78,3488.02,21,17,42,0.231,5,0,UPI,0
13117,26,Male,Kolkata,Silver,16,25768.65,1502.0,46,8,36,0.224,5,0,Debit Card,0
13118,64,Male,Mumbai,Platinum,17,51410.69,3188.53,118,18,35,0.244,4,2,Credit Card,0
13119,32,Female,Bangalore,Gold,13,25948.13,1950.38,23,18,35,0.136,4,1,UPI,0
13120,65,Male,Pune,Bronze,11,3307.73,300.0,33,16,19,0.528,6,2,Debit Card,0
13121,63,Male,Delhi,Silver,16,13198.62,888.29,53,18,29,0.525,7,0,Debit Card,0
13122,57,Male,Kolkata,Platinum,9,20757.05,2232.12,64,12,31,0.375,4,0,Debit Card,0
13123,35,Female,Delhi,Gold,12,40580.49,3298.07,58,14,35,0.447,3,1,Credit Card,0
13124,59,Female,Ahmedabad,Gold,11,36838.78,3173.19,21,22,31,0.167,4,1,Net Banking,0
13125,37,Female,Kolkata,Platinum,8,18756.73,2294.83,36,13,38,0.159,6,0,Credit Card,0
13126,23,Male,Delhi,Gold,7,8486.06,1169.23,4,15,35,0.706,2,1,UPI,0
13127,29,Female,Mumbai,Bronze,10,11022.71,1113.16,33,11,49,0.155,10,0,Credit Card,0
13128,19,Female,Pune,Bronze,12,29283.66,2578.48,45,8,35,0.146,7,0,Debit Card,0
13129,24,Female,Ahmedabad,Platinum,18,36640.98,2161.95,19,12,35,0.265,4,2,Credit Card,0
13130,33,Female,Hyderabad,Silver,17,47001.82,3073.86,66,22,34,0.078,4,3,UPI,0
13131,20,Male,Delhi,Bronze,16,31248.26,1901.13,26,22,37,0.427,3,1,Credit Card,0
13132,62,Female,Kolkata,Silver,9,13398.62,1505.24,95,17,23,0.07,6,1,Credit Card,1
13133,20,Female,Pune,Gold,10,18921.98,1949.62,24,23,34,0.256,3,0,Net Banking,0
13134,44,Male,Bangalore,Platinum,10,20071.48,2188.22,81,21,27,0.363,6,1,Credit Card,0
13135,60,Male,Mumbai,Bronze,7,2716.51,370.54,100,15,35,0.181,6,4,UPI,0
13136,57,Female,Pune,Silver,16,39702.78,2625.64,6,14,36,0.215,4,1,Credit Card,0
13137,55,Male,Pune,Gold,15,34103.81,2328.43,33,14,35,0.15,3,1,UPI,0
13138,50,Female,Hyderabad,Silver,14,42656.26,3052.33,75,20,43,0.109,4,1,Credit Card,0
13139,45,Male,Pune,Bronze,11,24860.38,2902.0,67,16,36,0.264,5,1,UPI,0
13140,18,Male,Hyderabad,Platinum,9,27714.07,3174.96,58,21,24,0.587,3,1,Credit Card,0
13141,25,Female,Mumbai,Silver,7,24172.07,3712.63,47,12,41,0.317,2,2,COD,0
13142,54,Male,Mumbai,Silver,12,30171.76,2325.6,70,15,41,0.688,1,2,UPI,0
13143,49,Female,Bangalore,Silver,15,4115.34,300.0,38,28,28,0.819,6,2,Debit Card,0
13144,65,Male,Hyderabad,Bronze,15,47735.11,2975.12,23,20,45,0.515,3,0,Credit Card,0
13145,60,Female,Hyderabad,Platinum,10,33986.27,3279.23,95,8,37,0.206,4,1,Net Banking,1
13146,54,Male,Delhi,Silver,8,15094.03,1995.33,22,17,34,0.227,6,2,UPI,0
13147,21,Male,Delhi,Silver,7,2582.9,385.11,68,20,31,0.322,5,0,Credit Card,1
13148,47,Male,Bangalore,Bronze,19,49446.01,3135.87,21,13,29,0.231,7,2,Credit Card,0
13149,23,Male,Mumbai,Silver,8,19150.19,2182.59,65,16,32,0.284,4,2,UPI,0
13150,63,Male,Chennai,Gold,12,12406.94,998.86,9,12,40,0.499,4,1,Net Banking,0
13151,36,Female,Delhi,Gold,13,24956.95,1959.28,51,21,28,0.045,5,1,COD,0
13152,49,Male,Pune,Platinum,12,25184.35,2195.58,23,14,40,0.18,2,1,UPI,0
13153,26,Female,Mumbai,Silver,13,21255.02,1958.98,6,11,45,0.447,5,3,UPI,0
13154,29,Female,Chennai,Gold,10,18316.3,1745.04,79,14,40,0.168,5,1,UPI,1
13155,28,Female,Ahmedabad,Silver,13,39955.8,3056.75,65,13,26,0.18,2,1,UPI,0
13156,63,Male,Pune,Gold,13,47583.36,3416.03,42,17,42,0.124,4,0,COD,0
13157,33,Female,Kolkata,Gold,17,69249.85,3938.74,50,9,43,0.435,3,1,COD,1
13158,18,Male,Hyderabad,Silver,12,14401.84,1296.65,38,16,30,0.284,3,0,UPI,0
13159,62,Female,Mumbai,Bronze,9,33241.89,3370.7,42,21,36,0.172,4,0,Debit Card,0
13160,38,Female,Kolkata,Bronze,9,20769.6,2371.81,41,21,26,0.213,3,0,Credit Card,0
13161,47,Female,Bangalore,Silver,19,49619.97,2538.21,40,18,45,0.152,7,0,UPI,0
13162,30,Female,Hyderabad,Platinum,14,47722.3,3292.97,38,12,25,0.22,5,2,UPI,0
13163,51,Female,Hyderabad,Bronze,6,12829.28,2155.09,35,18,41,0.649,2,0,UPI,0
13164,21,Male,Pune,Bronze,13,29944.81,2035.73,83,12,32,0.509,3,5,Net Banking,0
13165,45,Female,Kolkata,Bronze,10,15268.3,1575.82,21,12,38,0.064,5,0,Credit Card,0
13166,55,Female,Hyderabad,Gold,7,9032.72,1150.03,56,10,34,0.352,4,5,Debit Card,0
13167,48,Male,Delhi,Silver,19,29126.62,1630.82,39,9,53,0.13,3,1,Debit Card,0
13168,44,Male,Mumbai,Bronze,11,24909.83,2353.99,72,22,36,0.638,7,2,Credit Card,0
13169,22,Male,Delhi,Silver,16,37281.56,2154.74,40,14,50,0.411,4,4,COD,0
13170,42,Female,Pune,Silver,17,37049.38,1857.44,22,13,30,0.321,2,0,COD,0
13171,20,Female,Chennai,Silver,15,26267.67,1885.22,42,14,32,0.131,7,0,UPI,0
13172,50,Female,Ahmedabad,Gold,16,46762.34,3146.21,78,13,34,0.295,3,1,COD,1
13173,21,Female,Pune,Bronze,7,15506.79,2358.07,49,17,42,0.143,7,1,UPI,0
13174,42,Female,Mumbai,Silver,13,17341.62,1305.96,11,13,32,0.492,5,2,COD,0
13175,37,Female,Hyderabad,Bronze,10,22771.42,2252.11,25,21,36,0.408,3,2,UPI,0
13176,51,Male,Kolkata,Bronze,12,34589.47,2754.49,87,16,38,0.223,3,0,Debit Card,0
13177,43,Male,Kolkata,Silver,12,33924.35,3060.8,83,19,32,0.428,6,1,Net Banking,0
13178,22,Female,Bangalore,Bronze,14,38311.7,2707.73,57,15,38,0.212,6,3,UPI,0
13179,52,Female,Pune,Silver,11,32043.09,2963.68,16,12,27,0.729,5,2,COD,0
13180,45,Female,Mumbai,Bronze,18,46149.75,2655.45,20,18,38,0.107,9,1,UPI,0
13181,46,Female,Bangalore,Bronze,11,4456.64,393.81,24,15,38,0.334,5,3,Credit Card,0
13182,26,Female,Hyderabad,Gold,12,25530.8,2055.75,28,19,36,0.689,4,1,Debit Card,0
13183,55,Male,Chennai,Silver,10,23993.89,2118.77,22,14,36,0.389,8,0,COD,0
13184,23,Male,Pune,Gold,18,75392.4,4035.43,23,20,44,0.602,6,2,Credit Card,0
13185,36,Female,Chennai,Gold,12,36624.52,2883.44,116,21,37,0.374,4,1,COD,1
13186,61,Male,Mumbai,Silver,15,32191.72,1938.15,89,17,30,0.571,3,0,COD,0
13187,28,Female,Chennai,Gold,10,15692.8,1504.57,9,12,41,0.213,6,0,Net Banking,0
13188,19,Female,Chennai,Silver,16,28259.93,1890.36,57,17,40,0.13,4,1,Credit Card,0
13189,64,Female,Mumbai,Bronze,11,16821.54,1472.45,59,20,37,0.222,1,4,Credit Card,0
13190,61,Male,Mumbai,Bronze,13,49126.31,4161.86,3,13,35,0.568,4,3,Debit Card,0
13191,61,Male,Pune,Silver,22,37977.34,2186.26,60,12,40,0.232,8,0,Net Banking,0
13192,26,Female,Chennai,Bronze,13,41007.39,2942.35,36,18,29,0.341,3,2,UPI,0
13193,38,Male,Bangalore,Bronze,9,19768.09,2663.8,24,20,36,0.312,3,3,Credit Card,0
13194,41,Male,Ahmedabad,Bronze,18,44820.9,2791.6,88,16,39,0.246,6,3,UPI,0
13195,51,Female,Mumbai,Bronze,21,27038.58,1407.42,14,16,33,0.627,7,0,Debit Card,0
13196,39,Male,Hyderabad,Bronze,11,35319.0,3403.55,62,16,31,0.456,5,0,Debit Card,0
13197,20,Male,Chennai,Bronze,13,27682.33,2120.51,122,13,35,0.338,4,2,Net Banking,1
13198,29,Female,Mumbai,Bronze,11,34621.37,3550.36,42,20,32,0.434,7,1,Credit Card,0
13199,45,Female,Bangalore,Bronze,13,33516.07,2583.1,35,16,33,0.694,2,2,Credit Card,0
13200,47,Male,Kolkata,Silver,11,46307.94,3778.58,45,16,28,0.118,3,3,Net Banking,0
13201,43,Female,Pune,Bronze,14,40137.53,2740.29,45,11,34,0.902,11,3,COD,0
13202,65,Male,Chennai,Platinum,10,21123.13,2032.95,9,15,33,0.368,2,1,UPI,0
13203,38,Female,Kolkata,Gold,7,25292.58,3465.06,26,17,26,0.352,2,2,Credit Card,0
13204,45,Female,Mumbai,Silver,10,24061.68,2324.48,21,14,41,0.367,5,4,UPI,0
13205,43,Female,Mumbai,Gold,12,31464.31,2684.28,53,20,30,0.084,5,2,Credit Card,0
13206,50,Female,Hyderabad,Silver,9,17837.99,2280.33,59,13,44,0.35,6,1,COD,1
13207,38,Male,Hyderabad,Bronze,18,31795.4,1713.16,50,16,37,0.412,2,0,UPI,1
13208,52,Female,Chennai,Platinum,9,16556.99,2056.52,61,21,28,0.208,8,2,UPI,0
13209,51,Female,Kolkata,Bronze,9,27896.38,2840.49,37,6,29,0.652,7,0,UPI,0
13210,58,Female,Ahmedabad,Platinum,16,45695.37,3074.95,39,14,33,0.785,9,0,UPI,1
13211,64,Male,Kolkata,Silver,13,5058.81,382.33,91,14,45,0.293,3,0,UPI,0
13212,35,Male,Mumbai,Bronze,10,25127.55,2488.28,126,13,40,0.548,5,1,Credit Card,1
13213,28,Female,Ahmedabad,Silver,8,17868.38,2129.89,54,14,38,0.051,6,2,UPI,1
13214,40,Female,Chennai,Silver,7,6257.76,966.87,48,16,45,0.172,4,1,Debit Card,0
13215,65,Female,Mumbai,Bronze,16,49112.67,2971.76,44,14,27,0.47,4,1,Debit Card,0
13216,39,Female,Hyderabad,Silver,11,42057.67,3825.98,47,20,35,0.302,12,3,Credit Card,0
13217,34,Female,Bangalore,Gold,15,49032.29,3533.51,90,15,33,0.098,4,2,UPI,0
13218,22,Female,Delhi,Silver,15,4492.13,300.0,77,11,32,0.215,5,4,Debit Card,0
13219,61,Male,Ahmedabad,Bronze,7,18357.3,2492.08,36,17,34,0.075,7,1,Net Banking,0
13220,28,Female,Delhi,Bronze,7,11924.56,1615.3,19,16,38,0.58,6,0,Debit Card,0
13221,47,Female,Mumbai,Gold,15,28977.21,1796.59,26,9,45,0.186,3,1,Credit Card,0
13222,32,Female,Kolkata,Silver,12,22457.15,1973.04,68,14,42,0.118,1,2,UPI,0
13223,44,Female,Hyderabad,Silver,14,3672.01,300.0,59,15,23,0.289,7,1,Debit Card,0
13224,52,Female,Pune,Platinum,17,5719.42,347.61,38,12,35,0.645,9,0,Debit Card,0
13225,50,Female,Pune,Bronze,12,26739.12,2276.68,20,8,42,0.279,3,1,Credit Card,0
13226,37,Male,Delhi,Silver,10,22787.67,2422.93,39,24,38,0.181,10,1,UPI,0
13227,33,Male,Bangalore,Gold,9,19497.28,2024.16,26,10,25,0.183,8,1,Net Banking,0
13228,51,Male,Delhi,Gold,10,11552.77,1076.15,60,15,33,0.138,7,2,UPI,0
13229,19,Male,Mumbai,Bronze,4,9040.88,1836.34,48,14,33,0.069,3,2,Net Banking,0
13230,52,Male,Bangalore,Bronze,14,44596.69,3500.9,42,12,34,0.137,9,0,UPI,0
13231,57,Male,Pune,Gold,12,24238.88,1873.51,32,20,37,0.162,6,1,UPI,0
13232,45,Female,Kolkata,Bronze,11,22402.14,1747.48,31,10,36,0.105,7,6,Debit Card,0
13233,64,Female,Hyderabad,Platinum,11,35873.26,3313.18,40,18,34,0.265,5,1,Credit Card,0
13234,56,Female,Ahmedabad,Bronze,16,32455.82,2005.83,51,9,46,0.137,6,1,Debit Card,0
13235,23,Female,Hyderabad,Bronze,15,38581.17,2812.39,102,6,40,0.685,8,2,Debit Card,1
13236,26,Female,Mumbai,Bronze,13,31570.32,2614.77,50,14,26,0.215,4,1,UPI,0
13237,37,Female,Delhi,Gold,13,16904.98,1396.98,33,21,39,0.362,4,0,Debit Card,0
13238,18,Male,Mumbai,Platinum,9,11613.42,1308.37,28,8,36,0.125,4,1,Debit Card,0
13239,25,Female,Ahmedabad,Silver,12,11512.78,986.88,67,14,36,0.444,4,0,COD,0
13240,40,Male,Hyderabad,Platinum,15,20693.5,1291.28,72,11,25,0.367,2,0,Debit Card,1
13241,20,Male,Ahmedabad,Bronze,14,43886.87,2944.29,10,21,41,0.632,5,1,Credit Card,0
13242,21,Female,Pune,Bronze,12,18603.2,1460.38,8,16,40,0.483,2,1,COD,0
13243,42,Female,Hyderabad,Gold,13,26899.82,2075.88,90,9,46,0.449,2,3,UPI,1
13244,64,Female,Bangalore,Gold,13,26871.71,1946.51,46,15,34,0.103,4,1,UPI,1
13245,55,Female,Kolkata,Gold,13,31360.09,2541.64,7,12,38,0.453,12,0,Credit Card,0
13246,32,Female,Ahmedabad,Gold,10,9417.93,971.74,18,18,47,0.155,6,3,Credit Card,1
13247,38,Female,Kolkata,Silver,15,54814.63,3188.25,22,11,33,0.29,7,2,Debit Card,0
13248,52,Female,Chennai,Bronze,12,48354.6,3492.58,47,6,32,0.438,2,0,Debit Card,0
13249,63,Male,Hyderabad,Platinum,11,26128.4,2177.36,60,15,30,0.6,4,0,UPI,1
13250,31,Female,Hyderabad,Bronze,14,4326.41,300.0,25,11,30,0.245,3,1,Debit Card,0
13251,53,Female,Kolkata,Silver,18,26262.67,1426.82,19,19,31,0.124,2,2,UPI,0
13252,29,Male,Chennai,Gold,17,41661.8,2484.41,56,12,31,0.216,2,1,Debit Card,0
13253,34,Female,Bangalore,Bronze,15,35678.47,2534.93,49,17,29,0.423,5,2,Credit Card,0
13254,56,Female,Delhi,Gold,15,28413.71,1968.0,46,12,30,0.547,7,1,Debit Card,0
13255,26,Male,Ahmedabad,Bronze,12,44102.23,3190.55,75,13,45,0.185,7,0,Debit Card,0
13256,52,Female,Ahmedabad,Gold,13,23122.68,1681.38,33,13,46,0.159,4,0,Credit Card,0
13257,30,Female,Hyderabad,Silver,9,28677.03,3085.7,24,12,40,0.417,8,1,Credit Card,0
13258,32,Female,Kolkata,Silver,10,18759.86,2200.9,40,13,28,0.732,6,1,Credit Card,0
13259,35,Female,Mumbai,Silver,10,16686.72,1690.52,23,8,31,0.458,4,1,Debit Card,0
13260,50,Female,Hyderabad,Bronze,11,37881.04,2858.41,79,11,33,0.315,6,2,Credit Card,0
13261,23,Female,Mumbai,Silver,14,30442.4,2160.48,8,10,38,0.305,0,0,Credit Card,0
13262,44,Male,Bangalore,Silver,12,33334.06,2998.73,33,20,43,0.269,5,2,Credit Card,0
13263,40,Female,Hyderabad,Silver,12,58285.26,4815.73,69,19,28,0.228,7,3,UPI,1
13264,44,Female,Ahmedabad,Bronze,10,14008.89,1359.41,29,13,30,0.211,2,1,Net Banking,0
13265,51,Male,Kolkata,Bronze,9,25605.07,2992.71,50,20,27,0.282,3,1,UPI,0
13266,63,Male,Bangalore,Bronze,4,12186.13,2774.16,60,13,40,0.337,3,1,Credit Card,0
13267,55,Female,Bangalore,Gold,13,46443.89,3801.38,27,17,35,0.136,3,3,Net Banking,1
13268,31,Male,Delhi,Bronze,6,19543.96,3022.73,92,14,46,0.029,8,3,Debit Card,1
13269,53,Female,Hyderabad,Gold,12,39836.63,3615.64,95,20,26,0.251,2,2,UPI,0
13270,25,Female,Mumbai,Gold,9,12402.93,1314.6,134,10,40,0.321,3,3,UPI,0
13271,52,Male,Mumbai,Gold,15,15723.55,1051.98,95,14,42,0.54,7,1,Credit Card,1
13272,36,Female,Hyderabad,Gold,7,10838.92,1353.44,86,13,45,0.223,7,2,UPI,0
13273,47,Female,Chennai,Bronze,12,25484.94,2058.84,25,15,31,0.258,4,0,Debit Card,0
13274,31,Male,Delhi,Gold,10,34185.84,3444.26,50,17,32,0.543,7,0,Debit Card,0
13275,37,Male,Delhi,Silver,11,37095.51,3645.17,2,17,32,0.181,5,1,Net Banking,0
13276,42,Male,Delhi,Platinum,9,16537.33,1871.66,111,18,33,0.485,6,0,UPI,0
13277,57,Male,Mumbai,Platinum,10,20816.7,2099.0,72,15,45,0.563,4,0,UPI,0
13278,41,Female,Bangalore,Bronze,10,10924.73,1145.24,65,13,43,0.616,4,1,Debit Card,1
13279,31,Male,Kolkata,Silver,9,21120.96,2265.49,8,19,38,0.054,5,2,UPI,0
13280,43,Male,Chennai,Silver,10,18992.33,2021.61,60,12,41,0.607,9,3,UPI,1
13281,55,Male,Ahmedabad,Gold,12,24823.73,2024.2,22,19,27,0.375,4,1,UPI,0
13282,40,Male,Delhi,Bronze,11,33111.37,3262.65,29,21,29,0.131,8,2,Credit Card,0
13283,39,Male,Mumbai,Bronze,12,27042.7,2564.33,77,19,38,0.259,4,2,UPI,0
13284,65,Female,Mumbai,Silver,12,12461.39,1023.31,9,16,43,0.108,1,2,COD,0
13285,36,Male,Ahmedabad,Silver,10,2369.78,300.0,39,14,33,0.228,3,0,UPI,0
13286,63,Female,Bangalore,Platinum,20,54392.2,2696.78,29,14,21,0.397,6,0,Credit Card,0
13287,20,Male,Ahmedabad,Gold,16,36555.65,2409.14,75,21,35,0.182,4,2,Credit Card,1
13288,59,Male,Hyderabad,Silver,12,28754.7,2539.89,40,19,40,0.059,2,2,UPI,0
13289,36,Male,Hyderabad,Bronze,9,22007.25,2409.25,49,20,36,0.098,4,1,UPI,0
13290,26,Male,Kolkata,Bronze,9,9774.09,1169.9,32,13,34,0.201,3,4,Debit Card,0
13291,45,Male,Ahmedabad,Silver,18,39850.01,2029.2,112,13,34,0.401,2,0,COD,1
13292,37,Male,Kolkata,Gold,9,18330.57,1924.92,33,14,34,0.358,3,1,Credit Card,0
13293,62,Male,Delhi,Silver,11,23867.15,2126.86,18,17,31,0.673,8,0,Credit Card,1
13294,24,Male,Kolkata,Silver,12,35488.99,2990.52,17,12,46,0.417,8,3,Debit Card,1
13295,31,Female,Delhi,Platinum,16,26746.4,1680.34,35,14,25,0.188,6,0,Credit Card,0
13296,26,Male,Chennai,Platinum,19,23649.08,1159.6,38,16,42,0.577,3,2,Credit Card,1
13297,36,Female,Kolkata,Bronze,19,55873.63,3405.95,4,15,24,0.463,4,1,COD,0
13298,64,Male,Bangalore,Bronze,15,21597.4,1542.76,179,16,38,0.086,3,3,Net Banking,1
13299,31,Female,Delhi,Bronze,9,31947.35,3237.19,26,7,34,0.158,5,2,UPI,0
13300,55,Male,Bangalore,Gold,12,42165.21,4136.32,58,11,41,0.424,9,1,UPI,0
13301,53,Male,Mumbai,Platinum,10,35515.41,3556.39,52,14,36,0.427,2,0,Credit Card,0
13302,57,Male,Delhi,Bronze,12,35884.76,2798.04,46,17,32,0.168,6,3,UPI,1
13303,34,Female,Mumbai,Bronze,11,21387.3,2021.64,42,21,56,0.195,5,1,Debit Card,1
13304,47,Female,Pune,Platinum,9,26713.39,3021.77,32,14,26,0.301,8,0,COD,0
13305,26,Female,Bangalore,Gold,14,32692.32,2179.38,35,11,50,0.257,7,2,UPI,0
13306,50,Female,Pune,Platinum,6,19890.46,3473.88,8,9,23,0.193,8,1,UPI,0
13307,42,Male,Delhi,Silver,11,29001.2,2774.68,75,17,29,0.374,6,1,Credit Card,1
13308,31,Male,Mumbai,Silver,11,26777.16,2540.49,39,10,26,0.41,7,2,Credit Card,0
13309,28,Male,Delhi,Bronze,11,26271.58,2244.33,114,20,35,0.353,9,3,UPI,1
13310,52,Female,Pune,Bronze,13,23538.6,1755.26,56,14,28,0.107,2,4,UPI,0
13311,58,Male,Ahmedabad,Silver,14,32436.87,2197.97,95,5,34,0.203,5,2,Credit Card,0
13312,31,Female,Ahmedabad,Silver,8,20521.55,2463.54,4,14,37,0.72,9,3,Debit Card,0
13313,47,Female,Delhi,Bronze,12,24428.22,1968.75,9,17,35,0.378,6,4,Credit Card,0
13314,58,Female,Chennai,Platinum,21,57887.09,2468.21,18,13,35,0.406,8,2,Credit Card,0
13315,21,Female,Hyderabad,Bronze,15,42721.35,3087.05,49,12,30,0.633,4,2,COD,0
13316,21,Female,Pune,Gold,17,36797.5,2449.81,24,10,34,0.246,4,5,Debit Card,0
13317,45,Male,Delhi,Bronze,13,22603.02,1719.03,62,17,25,0.275,5,2,COD,0
13318,25,Female,Mumbai,Gold,7,1991.4,300.0,85,15,33,0.341,5,2,Debit Card,0
13319,19,Female,Delhi,Bronze,8,26833.81,3292.38,96,16,29,0.473,8,0,UPI,1
13320,58,Male,Ahmedabad,Gold,13,25644.18,2100.48,73,14,32,0.549,8,1,Credit Card,0
13321,63,Female,Mumbai,Bronze,9,18944.29,2380.42,18,21,33,0.479,6,2,Debit Card,0
13322,39,Female,Hyderabad,Silver,12,33229.9,2690.49,17,12,39,0.375,5,1,COD,0
13323,58,Male,Delhi,Gold,9,24535.68,2690.72,88,16,41,0.174,5,1,Credit Card,0
13324,33,Male,Kolkata,Bronze,15,43741.37,2882.0,31,19,34,0.462,4,1,Debit Card,0
13325,46,Male,Ahmedabad,Bronze,10,30835.67,3107.95,65,10,41,0.306,10,2,COD,1
13326,65,Female,Kolkata,Gold,19,53262.03,2879.99,62,12,37,0.279,4,0,Credit Card,0
13327,47,Male,Hyderabad,Platinum,15,4704.76,300.0,11,15,31,0.341,5,3,Credit Card,0
13328,29,Male,Pune,Bronze,9,27056.55,2553.68,19,24,40,0.392,12,3,Net Banking,0
13329,52,Male,Mumbai,Bronze,8,19868.81,2429.5,150,13,33,0.236,1,1,COD,1
13330,28,Female,Kolkata,Bronze,11,21710.47,1972.48,59,14,39,0.096,4,0,Credit Card,0
13331,63,Male,Chennai,Bronze,11,31755.7,2631.58,82,10,37,0.366,8,3,Net Banking,1
13332,38,Female,Pune,Platinum,11,23615.68,2218.23,24,19,42,0.207,5,4,Net Banking,0
13333,38,Female,Mumbai,Silver,21,39907.77,1688.84,36,15,40,0.413,4,1,Debit Card,0
13334,22,Male,Ahmedabad,Silver,12,40849.53,3313.07,8,20,31,0.338,3,1,UPI,0
13335,65,Female,Ahmedabad,Platinum,14,31921.52,2513.01,59,19,30,0.715,4,2,UPI,0
13336,37,Female,Ahmedabad,Silver,12,25732.34,2355.24,179,17,38,0.427,6,2,Credit Card,1
13337,54,Male,Hyderabad,Gold,21,6610.22,324.81,38,18,29,0.412,8,0,COD,0
13338,20,Female,Kolkata,Bronze,15,66346.54,4115.77,51,14,40,0.425,3,1,Credit Card,0
13339,61,Male,Ahmedabad,Silver,14,7220.27,522.11,26,24,39,0.309,5,1,UPI,0
13340,50,Female,Bangalore,Silver,10,22999.14,2671.78,159,10,36,0.273,4,0,Debit Card,1
13341,26,Female,Ahmedabad,Bronze,11,32500.98,2841.68,18,17,34,0.118,6,0,Debit Card,0
13342,26,Male,Delhi,Bronze,16,54847.75,3679.98,34,12,25,0.611,4,2,Debit Card,0
13343,21,Male,Hyderabad,Bronze,16,19960.53,1334.5,34,12,37,0.156,4,2,UPI,0
13344,52,Female,Mumbai,Bronze,20,30923.01,1472.11,67,16,40,0.268,4,1,Credit Card,0
13345,34,Female,Mumbai,Silver,17,44287.19,2920.34,33,8,34,0.712,5,0,COD,0
13346,51,Male,Mumbai,Silver,6,18126.71,2785.84,100,11,36,0.489,8,0,Net Banking,1
13347,41,Female,Mumbai,Silver,15,60730.92,3731.62,33,17,39,0.236,3,2,UPI,0
13348,49,Female,Delhi,Bronze,14,41686.73,3178.67,64,14,36,0.535,4,1,Debit Card,0
13349,18,Female,Pune,Gold,9,15245.36,1895.44,63,16,43,0.489,4,3,UPI,0
13350,25,Female,Chennai,Bronze,9,17111.82,2100.05,43,17,23,0.41,2,2,Credit Card,0
13351,62,Male,Bangalore,Silver,8,20005.63,2670.72,25,22,45,0.608,5,3,Credit Card,0
13352,40,Male,Delhi,Gold,11,9506.67,824.39,27,14,31,0.289,2,2,UPI,0
13353,64,Male,Mumbai,Bronze,13,38282.47,2704.98,46,19,39,0.5,5,2,UPI,0
13354,57,Male,Delhi,Gold,17,47622.7,2770.08,26,11,33,0.219,3,0,UPI,0
13355,29,Male,Hyderabad,Gold,11,14923.69,1470.95,69,16,34,0.604,4,3,UPI,0
13356,29,Male,Chennai,Bronze,11,20801.85,2008.31,91,10,35,0.364,3,1,UPI,1
13357,63,Female,Mumbai,Bronze,6,2470.7,416.19,98,16,29,0.216,6,3,Net Banking,1
13358,64,Male,Bangalore,Platinum,18,62047.75,3036.0,57,19,34,0.35,1,1,Net Banking,0
13359,32,Female,Mumbai,Bronze,14,40834.95,2576.16,162,15,37,0.464,10,2,UPI,1
13360,58,Female,Chennai,Gold,11,10162.28,1024.08,120,13,37,0.289,5,2,Net Banking,1
13361,36,Female,Bangalore,Silver,16,18625.02,1245.95,34,9,30,0.419,7,1,Credit Card,0
13362,43,Male,Chennai,Bronze,20,39706.89,1808.86,47,16,40,0.215,3,0,UPI,0
13363,46,Female,Bangalore,Bronze,11,29286.03,2964.36,28,16,26,0.443,3,1,COD,0
13364,39,Male,Pune,Silver,10,23681.88,2654.08,44,15,35,0.113,9,3,Debit Card,0
13365,57,Female,Kolkata,Silver,10,14698.46,1459.99,8,21,39,0.17,7,0,Net Banking,0
13366,38,Female,Pune,Gold,8,13513.5,1666.05,13,11,33,0.447,3,1,COD,0
13367,55,Male,Delhi,Platinum,9,22031.82,2247.34,31,11,34,0.317,2,0,Credit Card,0
13368,37,Female,Delhi,Gold,9,13290.48,1479.4,126,15,37,0.323,5,0,UPI,1
13369,46,Female,Ahmedabad,Bronze,11,21053.59,1731.6,25,15,43,0.272,8,2,Credit Card,0
13370,21,Female,Bangalore,Gold,8,22490.37,2822.68,32,16,39,0.353,4,1,UPI,0
13371,24,Female,Ahmedabad,Gold,13,14731.38,1095.86,8,14,38,0.364,4,2,Credit Card,0
13372,45,Male,Ahmedabad,Platinum,14,26872.42,2071.87,55,18,43,0.252,3,1,UPI,0
13373,45,Female,Mumbai,Silver,11,22737.69,2004.91,31,13,38,0.258,3,1,COD,0
13374,21,Female,Kolkata,Gold,18,34541.92,2161.43,78,18,28,0.289,4,1,UPI,0
13375,39,Male,Hyderabad,Silver,13,30846.26,2437.79,60,13,44,0.099,3,0,Debit Card,0
13376,29,Female,Hyderabad,Bronze,12,35603.85,2753.13,55,12,28,0.657,6,1,COD,0
13377,62,Female,Mumbai,Platinum,8,20919.25,2905.8,16,18,32,0.306,5,2,COD,0
13378,20,Female,Mumbai,Bronze,11,19477.79,1890.45,28,12,28,0.207,11,4,Credit Card,0
13379,39,Female,Pune,Bronze,9,20122.12,2063.71,55,17,33,0.233,5,3,UPI,0
13380,61,Male,Hyderabad,Platinum,19,43431.36,2515.86,85,15,39,0.432,6,1,Credit Card,0
13381,19,Female,Bangalore,Bronze,10,22457.04,2362.13,26,18,29,0.594,3,0,UPI,0
13382,41,Male,Chennai,Platinum,16,41210.94,2713.64,46,16,37,0.366,5,1,Credit Card,0
13383,51,Female,Ahmedabad,Gold,7,18409.3,2604.72,73,15,35,0.111,4,3,COD,0
13384,44,Female,Delhi,Bronze,14,20381.52,1458.51,63,13,29,0.358,1,2,Net Banking,0
13385,58,Female,Ahmedabad,Silver,11,41948.63,3887.0,9,17,42,0.413,4,0,Credit Card,0
13386,18,Male,Ahmedabad,Gold,11,22979.17,2203.31,61,12,40,0.417,2,0,Credit Card,0
13387,25,Female,Chennai,Silver,14,38631.57,2829.73,27,11,36,0.324,1,2,UPI,0
13388,40,Female,Pune,Platinum,13,34915.6,2749.53,10,14,38,0.175,3,2,UPI,0
13389,55,Male,Hyderabad,Gold,13,27604.81,2444.73,26,9,35,0.167,5,2,Debit Card,0
13390,23,Male,Ahmedabad,Bronze,18,42933.05,2436.1,51,14,32,0.363,6,0,Net Banking,0
13391,39,Male,Kolkata,Bronze,12,35511.77,3034.6,92,18,40,0.498,4,2,Credit Card,0
13392,42,Male,Mumbai,Platinum,10,16139.0,2012.54,11,13,48,0.219,8,1,Credit Card,0
13393,35,Female,Kolkata,Silver,10,28337.48,2898.04,28,11,34,0.148,3,0,COD,0
13394,34,Female,Kolkata,Bronze,21,60600.64,2652.18,71,17,26,0.576,5,0,UPI,1
13395,29,Female,Hyderabad,Gold,8,25329.5,3258.21,5,14,41,0.599,4,1,Net Banking,0
13396,23,Female,Bangalore,Gold,11,17044.12,1753.24,77,16,30,0.63,1,0,Credit Card,0
13397,43,Male,Pune,Silver,10,24156.79,2275.88,28,6,39,0.556,6,1,UPI,1
13398,44,Female,Ahmedabad,Silver,18,21977.63,1430.27,83,18,28,0.528,5,4,COD,0
13399,25,Female,Ahmedabad,Gold,12,38208.78,3198.8,30,10,44,0.532,3,3,UPI,0
13400,36,Female,Ahmedabad,Gold,12,17779.56,1534.67,41,12,28,0.107,0,2,UPI,0
13401,59,Female,Mumbai,Platinum,12,31027.97,2498.84,28,23,24,0.462,6,0,Credit Card,0
13402,18,Male,Chennai,Platinum,18,32467.35,1791.68,35,19,32,0.46,4,2,COD,0
13403,46,Female,Bangalore,Silver,10,30928.96,3227.07,43,18,29,0.087,7,0,UPI,0
13404,62,Female,Chennai,Gold,11,23655.16,2147.32,43,13,33,0.548,6,1,UPI,0
13405,52,Female,Delhi,Platinum,6,19537.57,2786.03,47,13,33,0.054,9,0,Debit Card,0
13406,57,Male,Pune,Bronze,11,13398.06,1224.54,42,15,44,0.745,5,0,UPI,0
13407,31,Male,Bangalore,Bronze,9,14561.04,1631.92,90,9,35,0.168,7,2,Debit Card,1
13408,52,Female,Bangalore,Gold,11,32180.9,2746.34,34,14,49,0.3,4,3,Credit Card,0
13409,65,Female,Ahmedabad,Bronze,15,58785.22,3361.86,47,16,32,0.228,4,0,Credit Card,0
13410,62,Female,Chennai,Bronze,11,26158.24,2673.47,21,19,30,0.308,4,1,Credit Card,0
13411,37,Male,Mumbai,Bronze,20,90175.64,4344.69,25,11,40,0.151,5,2,Debit Card,0
13412,30,Female,Delhi,Silver,15,38114.41,2912.33,28,20,32,0.325,7,2,Credit Card,0
13413,55,Female,Ahmedabad,Bronze,15,33622.97,2214.42,19,14,31,0.602,7,2,COD,0
13414,63,Female,Ahmedabad,Bronze,11,21500.24,1911.1,58,16,42,0.539,8,1,Credit Card,0
13415,25,Male,Ahmedabad,Platinum,18,68375.54,3835.36,14,25,46,0.413,4,0,COD,0
13416,60,Female,Chennai,Gold,8,21435.08,2926.7,49,15,44,0.166,4,1,Credit Card,0
13417,37,Female,Bangalore,Gold,13,24197.86,1736.12,66,19,45,0.041,5,1,Credit Card,0
13418,50,Male,Pune,Bronze,10,15113.59,1607.0,18,10,31,0.41,4,2,UPI,0
13419,43,Male,Bangalore,Gold,11,18184.66,1602.64,21,19,39,0.34,7,0,Debit Card,0
13420,56,Female,Hyderabad,Gold,11,27880.77,2660.13,53,14,38,0.182,6,1,Debit Card,0
13421,38,Male,Pune,Gold,12,8472.85,833.67,45,18,27,0.297,9,0,UPI,1
13422,59,Female,Ahmedabad,Bronze,15,26598.72,1740.15,70,21,31,0.13,8,2,UPI,0
13423,60,Male,Pune,Silver,8,19354.18,2467.77,20,19,28,0.171,10,1,UPI,0
13424,58,Male,Bangalore,Gold,15,33624.66,2224.85,29,18,37,0.202,3,1,Credit Card,0
13425,26,Female,Mumbai,Gold,15,28849.22,1790.51,4,16,32,0.233,4,2,COD,0
13426,41,Female,Ahmedabad,Gold,15,42524.15,2825.34,50,20,36,0.232,7,0,Net Banking,0
13427,54,Female,Pune,Silver,14,44390.2,2820.74,23,16,33,0.109,11,1,Credit Card,0
13428,58,Male,Hyderabad,Silver,13,25875.55,2005.18,23,12,33,0.586,2,1,UPI,1
13429,34,Female,Chennai,Gold,10,18118.2,1721.72,62,13,40,0.076,8,1,UPI,0
13430,41,Female,Mumbai,Bronze,13,40361.89,2978.12,26,14,29,0.347,9,2,UPI,0
13431,38,Female,Mumbai,Gold,12,23121.63,2057.15,65,14,40,0.479,9,1,Credit Card,0
13432,56,Female,Mumbai,Platinum,10,21654.72,2212.64,26,14,26,0.525,6,4,Net Banking,0
13433,58,Female,Pune,Gold,12,33412.8,2904.56,30,27,38,0.195,5,1,UPI,0
13434,56,Male,Mumbai,Bronze,9,11614.94,1209.96,50,11,34,0.143,6,0,UPI,0
13435,30,Female,Bangalore,Bronze,10,16323.86,1733.57,61,22,26,0.449,3,3,UPI,0
13436,28,Female,Mumbai,Gold,10,17917.7,1965.17,51,16,37,0.269,3,0,COD,0
13437,63,Male,Hyderabad,Platinum,15,64782.39,3916.43,20,17,31,0.447,2,3,Credit Card,0
13438,36,Female,Ahmedabad,Silver,11,11752.8,1072.65,32,15,43,0.537,4,1,Credit Card,0
13439,28,Female,Ahmedabad,Silver,16,32318.34,2235.8,25,17,35,0.063,8,1,Credit Card,0
13440,30,Female,Delhi,Bronze,16,22835.7,1402.08,79,12,20,0.496,5,2,Debit Card,1
13441,63,Female,Hyderabad,Gold,11,46340.12,4278.3,49,18,29,0.438,8,1,Debit Card,0
13442,62,Female,Pune,Gold,14,31464.41,2440.14,22,15,31,0.136,4,4,UPI,0
13443,18,Male,Mumbai,Platinum,10,13063.3,1342.19,36,20,40,0.412,4,1,COD,0
13444,57,Male,Mumbai,Bronze,13,8816.92,718.62,7,15,31,0.186,9,1,UPI,0
13445,61,Male,Bangalore,Gold,22,57731.21,2750.81,8,13,38,0.335,3,3,Net Banking,0
13446,36,Female,Chennai,Silver,10,25348.91,2373.81,22,11,30,0.315,5,2,COD,0
13447,29,Male,Mumbai,Silver,9,25733.1,2772.15,7,14,36,0.594,5,5,Credit Card,0
13448,25,Female,Kolkata,Gold,11,12782.35,1294.08,137,14,34,0.067,3,6,Net Banking,1
13449,25,Female,Hyderabad,Bronze,14,53574.98,3881.45,54,18,32,0.36,4,2,UPI,0
13450,62,Female,Pune,Bronze,13,30539.09,2273.71,63,23,42,0.365,7,2,UPI,0
13451,29,Male,Ahmedabad,Gold,11,30736.53,2581.96,35,15,39,0.332,10,3,COD,0
13452,65,Male,Delhi,Silver,16,41990.48,2761.53,82,12,28,0.46,7,2,Credit Card,0
13453,50,Male,Mumbai,Bronze,10,21474.94,2292.41,36,14,33,0.423,7,0,Debit Card,0
13454,62,Female,Delhi,Silver,10,34402.97,3375.0,28,18,28,0.18,6,0,Credit Card,0
13455,43,Male,Mumbai,Silver,13,22042.45,1723.06,38,8,36,0.226,7,4,Credit Card,0
13456,56,Female,Pune,Platinum,7,22447.79,3120.09,10,18,38,0.188,3,0,COD,1
13457,45,Male,Chennai,Bronze,11,42656.19,3399.83,56,12,26,0.292,7,2,COD,0
13458,22,Male,Hyderabad,Gold,12,39051.65,3132.98,60,12,33,0.158,3,2,UPI,1
13459,25,Female,Ahmedabad,Bronze,11,41740.14,3490.91,31,9,49,0.344,2,2,Credit Card,0
13460,42,Female,Pune,Bronze,14,20440.0,1542.68,109,16,27,0.673,6,2,Debit Card,1
13461,44,Male,Delhi,Bronze,11,35284.87,2646.98,49,20,39,0.155,4,2,Credit Card,0
13462,63,Male,Mumbai,Gold,10,27783.26,2575.68,37,19,36,0.415,6,0,UPI,0
13463,40,Male,Delhi,Bronze,10,24331.41,2267.41,43,18,48,0.125,1,1,Credit Card,0
13464,47,Female,Hyderabad,Gold,8,19717.63,2764.23,39,21,44,0.495,1,2,UPI,1
13465,62,Female,Kolkata,Silver,9,26741.91,3286.32,31,17,23,0.224,3,1,UPI,0
13466,64,Male,Ahmedabad,Platinum,5,8499.61,1549.88,93,17,29,0.166,8,0,UPI,0
13467,40,Male,Pune,Gold,11,11739.17,1113.61,58,8,32,0.202,3,2,Debit Card,0
13468,64,Female,Delhi,Gold,12,22984.32,2015.49,48,19,42,0.491,5,1,Debit Card,1
13469,37,Male,Delhi,Gold,21,7355.46,300.0,59,10,26,0.291,6,3,UPI,0
13470,35,Female,Hyderabad,Silver,8,15731.18,2137.56,48,9,33,0.142,5,3,Net Banking,0
13471,35,Female,Kolkata,Gold,6,20639.69,3486.69,20,16,35,0.339,3,0,Net Banking,0
13472,19,Female,Mumbai,Bronze,12,10700.71,918.88,62,13,30,0.49,8,4,Net Banking,0
13473,21,Female,Kolkata,Bronze,18,35395.96,1824.08,69,16,25,0.521,6,2,UPI,0
13474,47,Female,Delhi,Silver,10,12608.38,1176.96,113,13,42,0.166,6,1,COD,1
13475,50,Female,Hyderabad,Silver,8,20615.77,2557.04,41,14,53,0.41,7,3,UPI,0
13476,53,Male,Mumbai,Silver,14,40506.78,2773.15,47,16,41,0.364,3,1,UPI,0
13477,35,Female,Kolkata,Silver,16,38474.12,2219.28,55,19,36,0.409,5,0,Credit Card,0
13478,54,Female,Ahmedabad,Silver,11,18933.73,1583.64,38,12,34,0.135,6,2,UPI,0
13479,36,Male,Kolkata,Silver,13,30836.01,2371.24,95,16,36,0.716,5,3,Credit Card,1
13480,64,Female,Ahmedabad,Bronze,9,34105.26,3313.54,132,14,34,0.25,5,1,UPI,1
13481,45,Male,Kolkata,Platinum,16,49149.01,3000.71,56,17,37,0.048,4,2,Credit Card,0
13482,57,Female,Chennai,Platinum,9,15937.7,1833.82,47,15,37,0.17,4,3,Credit Card,0
13483,37,Male,Mumbai,Platinum,8,14067.47,1908.24,23,16,33,0.089,4,3,Debit Card,0
13484,50,Male,Kolkata,Silver,9,18645.15,1883.45,67,18,42,0.134,5,1,Credit Card,0
13485,29,Female,Chennai,Silver,11,28940.14,2641.38,128,12,32,0.641,7,3,Credit Card,0
13486,32,Female,Pune,Platinum,9,9336.22,956.33,22,17,31,0.441,7,3,Credit Card,0
13487,58,Female,Hyderabad,Platinum,12,33705.13,2688.42,48,14,36,0.059,3,1,Credit Card,0
13488,56,Female,Kolkata,Gold,13,22528.57,1712.74,67,14,39,0.432,5,3,Net Banking,1
13489,19,Male,Ahmedabad,Silver,10,21697.98,1961.54,145,15,33,0.091,5,2,Net Banking,1
13490,46,Male,Mumbai,Silver,11,17629.67,1542.39,52,18,36,0.418,2,1,Credit Card,0
13491,58,Male,Ahmedabad,Gold,13,36908.88,2858.15,7,19,34,0.442,2,1,Credit Card,0
13492,27,Female,Chennai,Bronze,19,35994.02,1666.55,36,10,36,0.759,6,1,Credit Card,0
13493,19,Male,Chennai,Silver,12,13967.41,1336.56,152,21,37,0.612,17,3,Net Banking,1
13494,28,Female,Pune,Gold,10,16410.18,1678.77,47,13,30,0.046,4,1,UPI,1
13495,30,Female,Ahmedabad,Gold,10,11425.96,1226.08,43,21,29,0.566,3,1,Credit Card,0
13496,27,Male,Bangalore,Silver,13,38193.11,2975.52,19,12,29,0.132,4,3,Credit Card,0
13497,31,Female,Hyderabad,Silver,22,23913.54,1207.51,64,18,34,0.129,1,3,UPI,1
13498,35,Male,Ahmedabad,Platinum,13,29577.6,2161.07,34,15,35,0.072,4,0,Credit Card,0
13499,26,Female,Bangalore,Silver,13,19824.19,1614.43,73,16,37,0.545,5,3,UPI,0
13500,56,Male,Mumbai,Gold,15,52077.7,3611.69,38,8,31,0.178,5,0,Credit Card,1
13501,45,Female,Hyderabad,Gold,13,33391.75,2580.66,15,14,50,0.431,2,2,UPI,0
13502,20,Male,Ahmedabad,Gold,13,19276.98,1633.69,103,15,34,0.49,3,1,Credit Card,0
13503,37,Male,Pune,Gold,15,34659.2,2354.39,38,21,33,0.307,5,3,Credit Card,0
13504,23,Female,Mumbai,Silver,10,13303.01,1381.55,14,13,41,0.669,4,1,UPI,0
13505,44,Female,Hyderabad,Silver,14,32427.93,2804.33,37,14,30,0.64,4,4,COD,0
13506,19,Male,Ahmedabad,Silver,6,13728.47,2350.94,78,10,31,0.25,4,1,UPI,0
13507,46,Female,Ahmedabad,Bronze,13,29471.72,2577.08,14,13,38,0.321,4,2,UPI,0
13508,55,Female,Hyderabad,Bronze,9,13338.52,1341.75,25,12,30,0.319,9,3,UPI,0
13509,20,Female,Bangalore,Bronze,18,18351.43,954.54,68,15,35,0.348,3,2,UPI,0
13510,33,Male,Mumbai,Platinum,10,7019.96,702.83,15,15,36,0.144,5,1,UPI,1
13511,47,Male,Pune,Bronze,13,8196.39,771.01,30,16,41,0.461,1,1,UPI,0
13512,57,Female,Pune,Bronze,12,27029.72,2209.8,12,16,38,0.329,4,0,Credit Card,0
13513,19,Female,Mumbai,Bronze,16,57207.38,3929.64,26,8,31,0.501,7,3,UPI,0
13514,34,Male,Mumbai,Gold,5,9090.81,1840.67,66,17,38,0.337,6,1,Credit Card,0
13515,58,Female,Chennai,Bronze,13,23222.11,1679.12,147,18,35,0.644,4,1,Debit Card,1
13516,29,Male,Delhi,Silver,9,18609.57,2151.17,10,14,35,0.087,9,3,Net Banking,0
13517,52,Female,Ahmedabad,Bronze,14,20151.74,1492.41,26,9,42,0.456,3,2,Net Banking,0
13518,60,Female,Bangalore,Gold,9,8220.66,1046.38,55,13,36,0.316,4,0,Debit Card,0
13519,18,Female,Mumbai,Platinum,11,17944.2,1610.9,59,19,40,0.395,4,1,Debit Card,1
13520,62,Male,Mumbai,Platinum,15,26465.91,1995.74,82,17,34,0.373,3,1,Credit Card,0
13521,32,Male,Delhi,Silver,9,35487.79,3873.46,59,14,34,0.283,1,1,Debit Card,0
13522,43,Male,Delhi,Silver,15,24525.6,1760.34,21,8,35,0.069,2,2,COD,0
13523,54,Male,Hyderabad,Silver,19,40458.7,2375.3,34,23,33,0.284,5,1,Net Banking,0
13524,38,Female,Kolkata,Silver,11,11219.72,965.25,7,19,41,0.129,7,1,COD,0
13525,48,Female,Pune,Silver,10,29896.74,2824.49,25,9,44,0.229,4,2,COD,0
13526,42,Male,Bangalore,Bronze,13,19326.09,1534.63,55,14,32,0.782,3,3,UPI,0
13527,40,Female,Hyderabad,Gold,10,9473.4,1183.56,62,14,27,0.41,5,1,COD,0
13528,41,Female,Mumbai,Bronze,9,10737.96,1274.72,32,20,33,0.395,4,1,COD,0
13529,55,Male,Ahmedabad,Silver,8,14991.6,1622.27,174,17,41,0.264,6,2,UPI,1
13530,45,Female,Delhi,Silver,13,15673.71,1159.48,22,11,34,0.225,3,1,UPI,0
13531,38,Female,Chennai,Silver,5,13302.94,2462.16,45,15,26,0.306,1,2,UPI,0
13532,60,Male,Pune,Gold,8,10474.97,1224.09,60,10,32,0.283,4,2,UPI,1
13533,35,Female,Hyderabad,Gold,7,18532.54,2781.27,17,14,36,0.217,6,3,Credit Card,0
13534,53,Female,Chennai,Gold,13,20137.5,1742.24,25,16,35,0.305,7,0,Net Banking,0
13535,52,Female,Pune,Silver,11,15086.72,1374.73,19,10,42,0.197,5,1,UPI,0
13536,62,Male,Kolkata,Bronze,13,21974.14,1585.06,58,17,26,0.46,6,1,Credit Card,0
13537,26,Male,Kolkata,Silver,10,12613.57,1285.95,11,19,24,0.466,3,2,UPI,0
13538,55,Female,Chennai,Platinum,14,29742.23,2219.43,84,14,34,0.618,4,1,COD,1
13539,47,Female,Delhi,Platinum,15,25724.3,1709.31,22,14,21,0.268,2,1,COD,0
13540,61,Female,Hyderabad,Gold,11,32884.8,3200.24,115,16,30,0.461,3,1,UPI,1
13541,51,Male,Hyderabad,Bronze,17,5209.46,300.0,30,12,37,0.126,7,0,UPI,0
13542,49,Male,Kolkata,Bronze,12,39691.82,3251.31,138,15,35,0.176,2,1,Credit Card,1
13543,20,Male,Pune,Silver,14,21834.99,1594.62,60,11,41,0.235,7,2,Credit Card,0
13544,20,Female,Chennai,Gold,16,59413.57,3640.37,36,19,25,0.214,3,1,Debit Card,0
13545,45,Female,Delhi,Gold,13,31551.12,2308.44,29,16,29,0.228,6,4,UPI,0
13546,61,Female,Mumbai,Platinum,15,50570.22,3279.73,72,13,34,0.232,5,1,UPI,0
13547,32,Female,Hyderabad,Silver,14,26822.99,2131.49,49,16,55,0.372,8,1,COD,0
13548,58,Female,Ahmedabad,Bronze,11,24330.38,2076.19,51,17,27,0.379,7,1,COD,1
13549,40,Male,Mumbai,Bronze,19,24293.69,1346.02,34,11,34,0.494,2,3,Credit Card,0
13550,57,Female,Delhi,Bronze,14,27935.39,2117.68,44,17,26,0.256,7,2,UPI,0
13551,28,Female,Kolkata,Silver,15,19969.74,1300.15,67,26,38,0.266,5,2,UPI,0
13552,65,Female,Ahmedabad,Bronze,11,25516.27,2368.57,62,8,34,0.557,9,1,COD,1
13553,49,Male,Hyderabad,Gold,11,27269.48,2345.2,32,13,39,0.061,6,0,Credit Card,0
13554,53,Female,Hyderabad,Gold,7,14098.79,2089.62,85,15,40,0.133,6,0,UPI,0
13555,50,Male,Chennai,Bronze,14,49934.72,3313.28,12,13,34,0.72,4,1,UPI,0
13556,41,Male,Ahmedabad,Bronze,12,35644.98,2647.84,29,12,37,0.209,1,0,COD,0
13557,56,Male,Mumbai,Bronze,11,15974.22,1371.88,113,5,35,0.648,4,2,UPI,1
13558,51,Male,Kolkata,Gold,14,39909.13,2711.53,53,18,34,0.562,3,0,Credit Card,0
13559,45,Male,Chennai,Silver,22,71799.09,3056.83,47,13,32,0.569,2,0,Credit Card,0
13560,54,Female,Bangalore,Bronze,9,2723.54,300.0,56,13,27,0.49,7,1,Credit Card,1
13561,24,Female,Mumbai,Gold,6,7030.36,1225.31,22,11,44,0.327,5,1,Credit Card,0
13562,21,Male,Mumbai,Silver,11,19997.05,1777.83,20,11,24,0.347,6,3,COD,0
13563,54,Male,Bangalore,Silver,9,14211.05,1467.48,28,14,34,0.328,4,4,UPI,1
13564,18,Male,Delhi,Gold,15,36699.22,2774.31,174,23,34,0.019,3,4,Debit Card,1
13565,18,Female,Ahmedabad,Gold,13,17303.61,1402.27,86,21,28,0.235,3,0,UPI,0
13566,64,Female,Ahmedabad,Gold,17,23163.46,1304.98,10,14,29,0.309,10,3,UPI,0
13567,37,Male,Delhi,Silver,10,23418.38,2414.86,180,14,29,0.513,2,3,Credit Card,1
13568,36,Female,Hyderabad,Silver,14,29671.18,1992.1,83,18,34,0.401,5,0,UPI,0
13569,46,Female,Pune,Gold,16,49874.13,3210.27,34,21,38,0.574,8,1,Credit Card,1
13570,27,Male,Chennai,Silver,13,39024.53,2533.84,102,12,42,0.331,2,0,Net Banking,1
13571,35,Male,Pune,Gold,9,44588.78,5262.46,32,17,37,0.132,4,2,UPI,0
13572,45,Female,Hyderabad,Platinum,3,4100.89,1218.37,18,22,30,0.655,3,2,Credit Card,0
13573,52,Female,Ahmedabad,Platinum,14,9492.23,823.92,28,10,33,0.104,8,1,UPI,1
13574,60,Female,Pune,Bronze,15,49834.65,3438.18,103,16,35,0.286,9,2,Credit Card,1
13575,64,Male,Mumbai,Bronze,9,46357.32,4960.03,68,13,30,0.327,7,1,Net Banking,0
13576,48,Male,Mumbai,Bronze,10,21909.51,1999.04,23,15,36,0.686,6,0,UPI,0
13577,44,Male,Bangalore,Gold,12,23005.78,1913.63,76,16,34,0.332,5,2,UPI,1
13578,28,Female,Bangalore,Silver,14,30039.6,2314.56,56,18,45,0.425,3,0,UPI,0
13579,55,Female,Hyderabad,Bronze,17,25123.79,1432.65,18,16,34,0.226,5,1,Net Banking,0
13580,22,Male,Hyderabad,Bronze,10,4961.95,449.46,98,17,29,0.542,3,0,COD,1
13581,25,Female,Kolkata,Bronze,11,23900.36,2418.59,36,18,31,0.633,8,1,Debit Card,0
13582,51,Male,Hyderabad,Bronze,9,18314.79,2208.6,40,18,37,0.547,3,3,Debit Card,1
13583,65,Female,Mumbai,Bronze,13,12021.78,954.79,79,19,31,0.187,4,0,UPI,0
13584,29,Male,Pune,Gold,13,20696.13,1644.47,12,20,44,0.254,4,1,UPI,0
13585,55,Female,Chennai,Bronze,15,12795.34,934.34,24,11,34,0.228,2,2,Credit Card,0
13586,18,Female,Kolkata,Bronze,15,40078.16,2534.37,34,16,35,0.693,2,4,Credit Card,0
13587,48,Male,Kolkata,Gold,15,32235.04,2175.79,66,16,31,0.335,5,2,UPI,0
13588,21,Male,Ahmedabad,Gold,14,31143.03,2345.83,19,18,41,0.501,8,1,UPI,0
13589,62,Male,Kolkata,Bronze,13,34220.49,2667.86,28,11,47,0.155,5,1,UPI,0
13590,22,Male,Hyderabad,Bronze,10,29998.39,3186.6,130,18,40,0.367,5,0,COD,0
13591,47,Male,Hyderabad,Gold,15,35022.99,2360.2,47,10,28,0.318,6,1,UPI,0
13592,41,Female,Mumbai,Silver,11,32619.58,2753.66,34,15,34,0.388,11,3,Credit Card,0
13593,20,Male,Chennai,Bronze,15,47340.26,3837.15,50,22,32,0.599,10,1,Credit Card,0
13594,28,Male,Mumbai,Bronze,13,43874.76,3069.9,16,11,40,0.037,2,2,Credit Card,0
13595,62,Male,Chennai,Bronze,15,33902.5,2396.4,97,13,42,0.271,2,1,UPI,1
13596,21,Male,Mumbai,Silver,11,23861.13,2341.07,75,15,36,0.558,3,1,COD,0
13597,43,Male,Pune,Platinum,8,11429.4,1453.72,41,14,46,0.669,5,1,UPI,0
13598,44,Female,Ahmedabad,Gold,14,22922.39,1618.2,58,13,34,0.022,7,5,Credit Card,0
13599,63,Male,Hyderabad,Silver,13,26414.66,2111.21,24,12,28,0.252,7,0,COD,0
13600,60,Male,Delhi,Silver,13,25525.93,1881.76,113,17,34,0.263,2,2,UPI,1
13601,44,Male,Delhi,Silver,7,25144.37,3896.93,32,14,39,0.089,6,1,Credit Card,0
13602,59,Female,Ahmedabad,Silver,15,34386.86,2535.57,108,16,27,0.486,3,3,COD,0
13603,23,Female,Hyderabad,Bronze,14,35316.53,2461.51,31,14,41,0.1,9,4,COD,0
13604,32,Male,Kolkata,Gold,9,29527.07,3255.86,52,18,32,0.724,4,0,Credit Card,1
13605,47,Male,Hyderabad,Gold,10,24438.82,2364.75,52,18,39,0.155,4,2,UPI,0
13606,59,Female,Hyderabad,Silver,15,32178.45,1951.74,39,11,33,0.386,1,2,UPI,0
13607,54,Female,Ahmedabad,Gold,13,35084.57,2432.5,40,14,25,0.082,1,3,Credit Card,0
13608,54,Female,Hyderabad,Silver,14,34897.31,2565.84,75,11,35,0.278,0,2,UPI,0
13609,59,Male,Kolkata,Silver,14,46983.67,3460.16,9,11,24,0.229,1,1,UPI,0
13610,54,Male,Chennai,Bronze,6,5587.29,978.29,87,18,30,0.333,3,0,Net Banking,1
13611,52,Female,Ahmedabad,Gold,14,22056.13,1534.65,30,13,33,0.189,3,0,Credit Card,0
13612,40,Male,Pune,Gold,15,32963.99,2134.38,28,18,36,0.327,9,0,Credit Card,0
13613,23,Female,Delhi,Gold,10,35609.61,3043.5,33,15,36,0.493,3,5,Debit Card,0
13614,21,Female,Ahmedabad,Bronze,11,30518.16,2908.52,68,18,31,0.327,10,1,Debit Card,0
13615,35,Female,Bangalore,Bronze,8,16483.08,2297.5,37,11,34,0.458,5,0,UPI,1
13616,26,Male,Delhi,Silver,13,31549.47,3117.37,8,25,41,0.16,13,1,UPI,0
13617,46,Female,Delhi,Silver,20,30967.17,1593.51,10,17,39,0.416,7,0,UPI,0
13618,30,Female,Kolkata,Silver,12,48274.9,3895.02,30,11,34,0.45,4,1,Credit Card,0
13619,64,Male,Mumbai,Platinum,16,23361.33,1447.87,68,16,35,0.605,7,1,Net Banking,0
13620,34,Female,Hyderabad,Gold,14,8290.03,657.49,74,11,40,0.342,4,2,Debit Card,0
13621,62,Male,Hyderabad,Silver,14,36606.55,2744.66,57,12,32,0.506,5,3,Net Banking,0
13622,49,Female,Hyderabad,Bronze,9,8320.29,910.04,113,20,28,0.393,5,1,Net Banking,1
13623,65,Male,Mumbai,Bronze,7,11239.46,1741.99,32,12,27,0.291,2,3,UPI,0
13624,39,Female,Kolkata,Gold,12,24667.02,2071.15,77,14,31,0.311,5,3,Credit Card,0
13625,21,Female,Ahmedabad,Gold,10,28155.92,2573.4,38,20,45,0.325,6,5,UPI,0
13626,22,Female,Pune,Gold,18,48992.55,3111.64,77,13,42,0.505,2,4,UPI,0
13627,54,Female,Pune,Silver,12,11805.22,985.28,17,21,40,0.189,5,0,UPI,0
13628,58,Female,Kolkata,Bronze,10,12507.67,1187.03,36,19,31,0.14,5,1,UPI,0
13629,30,Male,Bangalore,Platinum,14,78413.45,5272.17,55,20,33,0.299,2,3,Credit Card,1
13630,51,Male,Pune,Platinum,10,19004.95,2009.96,24,20,40,0.076,8,2,Net Banking,0
13631,62,Female,Kolkata,Silver,9,6657.28,720.98,52,10,26,0.34,7,0,Credit Card,1
13632,39,Female,Ahmedabad,Bronze,9,11448.42,1292.3,126,16,28,0.413,4,0,Debit Card,0
13633,40,Female,Pune,Silver,14,24579.59,1725.31,17,22,34,0.128,8,1,Credit Card,0
13634,20,Male,Hyderabad,Platinum,11,21153.05,2204.49,62,14,21,0.126,8,1,COD,0
13635,59,Male,Chennai,Gold,11,32294.89,3273.31,39,14,36,0.767,5,2,UPI,0
13636,51,Female,Kolkata,Gold,13,45277.84,3670.5,6,16,31,0.203,5,1,UPI,0
13637,49,Male,Delhi,Bronze,19,27985.48,1457.97,54,13,35,0.318,8,5,Credit Card,1
13638,62,Female,Pune,Bronze,12,20865.51,1688.82,78,9,26,0.115,3,0,Credit Card,0
13639,38,Female,Pune,Bronze,10,25456.89,2333.66,38,8,39,0.642,2,0,UPI,1
13640,63,Female,Mumbai,Platinum,11,14955.51,1546.57,67,11,42,0.114,5,0,Debit Card,0
13641,61,Male,Bangalore,Silver,13,42176.35,3273.55,35,10,34,0.629,8,1,UPI,0
13642,38,Female,Chennai,Gold,15,65011.61,4420.04,70,14,36,0.213,9,1,UPI,0
13643,61,Female,Ahmedabad,Bronze,11,23175.26,2219.2,28,12,35,0.183,7,2,Net Banking,0
13644,28,Female,Mumbai,Platinum,13,29382.17,2495.59,92,11,27,0.11,5,0,UPI,1
13645,56,Male,Hyderabad,Gold,10,14651.44,1672.63,77,7,30,0.382,4,2,UPI,1
13646,21,Male,Delhi,Bronze,7,17308.47,2502.17,90,14,43,0.352,5,1,Net Banking,0
13647,18,Male,Bangalore,Gold,8,11023.91,1245.84,9,14,22,0.618,3,0,Credit Card,0
13648,45,Female,Mumbai,Bronze,9,12287.15,1345.8,94,17,39,0.555,5,2,Credit Card,1
13649,41,Male,Kolkata,Bronze,9,5354.76,564.75,17,13,35,0.162,3,1,UPI,0
13650,52,Female,Pune,Bronze,15,43309.2,2934.33,44,13,51,0.524,4,3,Credit Card,0
13651,30,Male,Pune,Platinum,8,26099.01,3449.93,61,13,39,0.569,6,2,UPI,0
13652,64,Female,Bangalore,Platinum,10,31477.26,3127.58,31,19,36,0.591,6,6,UPI,0
13653,51,Male,Pune,Bronze,8,18151.62,2284.52,65,23,36,0.3,6,0,Net Banking,0
13654,28,Female,Kolkata,Gold,15,24387.87,1918.01,66,16,42,0.144,9,0,UPI,0
13655,53,Male,Mumbai,Gold,7,13824.69,2116.54,4,15,35,0.22,3,3,Credit Card,0
13656,34,Male,Mumbai,Gold,13,14639.91,1282.62,48,14,41,0.531,6,2,Credit Card,0
13657,52,Male,Pune,Bronze,10,32751.45,3046.82,152,17,40,0.22,1,1,Credit Card,1
13658,35,Female,Pune,Silver,8,26441.36,3143.57,85,18,28,0.413,3,1,Credit Card,1
13659,57,Male,Hyderabad,Gold,10,13253.49,1243.78,26,14,39,0.248,1,1,UPI,0
13660,39,Male,Delhi,Bronze,13,16008.18,1359.12,61,12,32,0.246,5,2,Credit Card,0
13661,41,Male,Ahmedabad,Silver,13,12668.9,1006.76,49,14,29,0.486,7,1,Net Banking,0
13662,36,Male,Bangalore,Gold,9,16927.55,1970.91,26,17,33,0.533,10,1,Debit Card,0
13663,54,Female,Mumbai,Bronze,10,22424.96,2180.46,82,18,33,0.512,7,0,Debit Card,1
13664,56,Male,Bangalore,Platinum,10,21640.05,2259.81,91,13,31,0.548,5,3,Net Banking,0
13665,38,Female,Hyderabad,Bronze,9,9302.62,1001.07,36,18,25,0.191,5,1,UPI,0
13666,25,Female,Mumbai,Platinum,12,16952.01,1541.09,93,14,36,0.26,4,1,Net Banking,0
13667,45,Female,Hyderabad,Bronze,12,19460.76,1542.68,31,19,33,0.298,4,1,Net Banking,0
13668,22,Female,Hyderabad,Bronze,26,80621.61,2857.83,40,16,28,0.437,8,1,Credit Card,0
13669,34,Male,Chennai,Bronze,7,11275.3,1303.6,49,14,40,0.185,8,1,COD,0
13670,54,Female,Pune,Gold,13,30048.63,2248.92,84,25,32,0.279,3,1,UPI,0
13671,53,Female,Kolkata,Gold,8,11870.68,1562.31,56,15,39,0.203,5,4,Net Banking,0
13672,36,Female,Chennai,Bronze,13,31354.3,2027.57,53,15,32,0.224,5,1,Credit Card,1
13673,44,Female,Ahmedabad,Bronze,12,41756.44,3051.01,44,16,28,0.61,5,2,Net Banking,1
13674,51,Male,Bangalore,Silver,16,17305.14,1085.04,45,14,35,0.521,4,2,Credit Card,0
13675,28,Male,Kolkata,Silver,9,3286.4,300.0,110,19,34,0.646,9,3,Debit Card,1
13676,62,Female,Bangalore,Gold,18,20087.92,995.13,78,18,24,0.427,5,1,UPI,0
13677,64,Female,Pune,Bronze,9,25672.49,2575.59,53,11,29,0.103,9,0,UPI,0
13678,29,Female,Kolkata,Silver,9,11014.96,1122.25,88,18,38,0.265,3,2,Credit Card,0
13679,38,Male,Chennai,Gold,13,17811.2,1558.6,68,16,29,0.366,3,1,Credit Card,0
13680,28,Male,Bangalore,Platinum,13,33694.12,2608.55,23,17,40,0.397,6,2,UPI,0
13681,56,Male,Chennai,Gold,7,21117.27,2923.51,53,18,28,0.188,1,0,UPI,0
13682,45,Male,Pune,Bronze,12,39784.94,3129.41,81,13,43,0.129,2,1,COD,0
13683,22,Male,Kolkata,Bronze,16,40973.19,2698.62,28,13,51,0.066,7,0,UPI,0
13684,34,Female,Kolkata,Silver,10,11392.29,1186.82,64,19,41,0.071,5,3,COD,0
13685,37,Male,Mumbai,Silver,16,59772.05,3645.67,48,13,33,0.813,2,0,Credit Card,1
13686,58,Male,Hyderabad,Platinum,11,12279.13,1351.39,43,24,28,0.709,4,4,Credit Card,0
13687,63,Female,Hyderabad,Gold,10,14276.25,1627.43,60,11,36,0.445,4,0,UPI,0
13688,29,Male,Chennai,Silver,9,19017.39,2195.05,47,15,43,0.493,4,0,UPI,0
13689,23,Male,Kolkata,Silver,10,23161.38,2450.86,67,12,34,0.289,3,1,Credit Card,0
13690,34,Male,Bangalore,Silver,11,44003.27,3494.74,20,12,38,0.373,7,1,COD,0
13691,36,Female,Chennai,Bronze,9,16570.9,1630.49,47,22,48,0.233,10,2,Debit Card,1
13692,43,Male,Chennai,Bronze,10,23089.12,2542.37,35,10,33,0.71,4,2,Net Banking,1
13693,65,Female,Delhi,Silver,9,13115.84,1635.52,29,12,26,0.303,6,2,Credit Card,0
13694,61,Female,Ahmedabad,Bronze,9,34538.62,3646.75,7,12,25,0.138,11,0,COD,0
13695,61,Male,Kolkata,Bronze,10,28759.06,2584.49,29,14,29,0.162,6,2,UPI,0
13696,49,Male,Hyderabad,Bronze,9,31230.75,3360.34,57,21,44,0.357,2,4,UPI,1
13697,23,Male,Kolkata,Bronze,21,20333.88,1162.54,69,23,40,0.626,3,2,UPI,0
13698,53,Male,Pune,Bronze,16,26536.49,1694.99,46,17,39,0.706,4,2,COD,1
13699,55,Female,Chennai,Gold,14,33678.36,2423.79,64,13,35,0.235,7,1,Net Banking,0
13700,28,Male,Delhi,Silver,13,46928.81,3374.59,54,17,30,0.168,6,0,Debit Card,0
13701,50,Female,Delhi,Silver,18,61868.3,3093.04,17,16,29,0.712,4,0,Credit Card,0
13702,41,Female,Hyderabad,Silver,11,39961.68,3550.38,34,16,38,0.197,6,1,COD,0
13703,40,Female,Hyderabad,Platinum,11,33969.18,3407.2,86,12,34,0.174,4,2,Debit Card,0
13704,32,Female,Hyderabad,Bronze,12,34566.4,2900.86,55,11,36,0.287,10,2,UPI,0
13705,44,Female,Pune,Silver,11,23811.26,2338.03,45,14,26,0.357,10,1,Net Banking,0
13706,28,Male,Delhi,Bronze,11,13485.78,1196.55,13,17,40,0.396,3,1,UPI,0
13707,34,Female,Bangalore,Silver,6,1694.62,300.0,32,18,42,0.395,0,1,Credit Card,0
13708,31,Female,Pune,Platinum,14,31492.29,2311.9,11,14,37,0.465,6,3,Net Banking,0
13709,44,Male,Mumbai,Gold,16,48332.26,2922.38,86,11,43,0.574,6,0,UPI,0
13710,35,Male,Ahmedabad,Gold,15,4525.93,300.0,35,12,42,0.355,5,2,UPI,0
13711,45,Female,Ahmedabad,Silver,9,11212.66,1143.29,19,9,32,0.347,7,2,Debit Card,0
13712,64,Female,Chennai,Gold,11,12991.51,1285.13,100,12,37,0.644,2,1,Credit Card,1
13713,64,Male,Ahmedabad,Bronze,20,35053.2,2031.15,21,12,34,0.622,4,3,Credit Card,0
13714,21,Female,Hyderabad,Silver,17,39930.72,2292.9,21,18,40,0.437,3,0,COD,0
13715,24,Male,Delhi,Silver,12,36733.45,3173.3,62,16,28,0.077,5,1,UPI,0
13716,62,Male,Ahmedabad,Bronze,10,9935.91,1015.69,84,11,37,0.77,4,2,Credit Card,1
13717,52,Female,Chennai,Bronze,16,39000.84,2509.8,31,13,40,0.478,5,1,UPI,0
13718,65,Male,Ahmedabad,Gold,15,15678.95,951.63,84,15,35,0.581,7,2,Credit Card,1
13719,26,Female,Kolkata,Bronze,7,19526.62,2952.2,44,14,46,0.391,3,1,COD,0
13720,25,Female,Pune,Bronze,13,22683.62,1766.53,47,15,40,0.605,7,0,Debit Card,0
13721,62,Female,Mumbai,Silver,10,9779.52,1109.07,29,12,39,0.534,2,3,UPI,1
13722,34,Male,Kolkata,Bronze,13,18492.82,1594.97,51,18,46,0.54,1,3,Debit Card,0
13723,34,Female,Pune,Gold,6,7406.51,1196.19,15,14,40,0.239,8,2,Credit Card,0
13724,50,Male,Pune,Silver,10,21614.69,2282.94,52,10,42,0.378,7,3,Credit Card,0
13725,49,Female,Bangalore,Gold,10,28332.37,2761.66,12,12,41,0.148,7,2,UPI,0
13726,25,Female,Ahmedabad,Bronze,15,48228.83,3128.1,20,14,32,0.221,6,1,UPI,0
13727,36,Male,Chennai,Gold,10,16333.79,1733.04,66,16,33,0.125,4,2,UPI,0
13728,55,Female,Bangalore,Gold,7,23332.19,3449.16,42,16,34,0.195,5,3,COD,0
13729,20,Female,Pune,Bronze,16,34160.71,2178.07,107,18,56,0.453,4,1,UPI,1
13730,22,Male,Ahmedabad,Bronze,17,60238.63,3338.61,64,16,34,0.456,7,3,COD,1
13731,30,Male,Mumbai,Platinum,8,15361.45,2058.46,19,20,28,0.179,5,2,Net Banking,0
13732,64,Male,Delhi,Bronze,7,14963.77,1992.13,53,13,36,0.163,4,2,Debit Card,0
13733,63,Female,Delhi,Silver,17,41171.11,2720.59,70,18,35,0.444,4,1,Credit Card,0
13734,48,Male,Ahmedabad,Bronze,13,30745.62,2477.16,49,9,40,0.457,1,2,COD,1
13735,33,Male,Kolkata,Bronze,11,17961.5,1701.32,51,14,50,0.44,2,1,UPI,1
13736,49,Female,Chennai,Bronze,17,54823.24,3239.74,25,19,39,0.282,2,3,Debit Card,0
13737,39,Male,Hyderabad,Silver,27,34456.04,1338.98,28,10,37,0.348,4,1,Net Banking,0
13738,46,Female,Hyderabad,Gold,17,45186.73,2720.6,51,25,29,0.492,6,4,COD,0
13739,39,Female,Delhi,Bronze,7,17592.62,2681.03,30,14,32,0.64,7,0,COD,0
13740,60,Male,Pune,Gold,16,51526.76,3158.13,13,12,36,0.368,2,0,UPI,0
13741,20,Female,Pune,Silver,14,50222.44,3175.78,103,16,29,0.179,5,3,Debit Card,1
13742,27,Male,Bangalore,Platinum,11,22360.37,2036.25,14,14,42,0.11,7,1,COD,0
13743,59,Male,Ahmedabad,Platinum,10,20687.85,2229.51,72,23,36,0.19,5,2,Credit Card,0
13744,38,Male,Chennai,Gold,9,17658.03,2169.21,66,10,30,0.076,3,0,Debit Card,0
13745,33,Male,Ahmedabad,Platinum,18,62315.54,3771.02,31,14,40,0.546,8,1,Credit Card,0
13746,29,Female,Ahmedabad,Gold,15,42827.38,2785.88,14,10,37,0.2,8,2,Net Banking,0
13747,19,Female,Bangalore,Platinum,9,29877.17,3139.4,80,11,37,0.283,3,1,UPI,0
13748,58,Male,Hyderabad,Bronze,6,11457.67,1974.06,72,12,32,0.161,5,0,UPI,1
13749,41,Male,Ahmedabad,Bronze,12,13462.21,1185.98,54,17,35,0.448,6,3,Debit Card,0
13750,52,Female,Delhi,Gold,17,24490.32,1358.08,6,14,32,0.504,8,4,UPI,0
13751,47,Male,Kolkata,Silver,9,26304.35,3111.25,52,15,31,0.155,5,2,UPI,0
13752,47,Female,Ahmedabad,Gold,17,27130.45,1541.55,35,15,41,0.341,3,1,UPI,0
13753,64,Male,Pune,Gold,14,64940.46,5075.64,10,20,39,0.255,5,1,Debit Card,0
13754,52,Female,Ahmedabad,Bronze,13,23432.77,1834.92,98,14,41,0.654,3,0,Credit Card,0
13755,36,Female,Delhi,Gold,9,21394.83,2516.09,7,14,38,0.271,9,1,UPI,1
13756,25,Female,Mumbai,Bronze,12,29955.6,2514.47,71,18,36,0.143,2,0,Credit Card,0
13757,43,Male,Delhi,Bronze,12,29245.62,2361.53,50,14,26,0.191,4,2,Net Banking,0
13758,57,Male,Mumbai,Silver,9,10547.28,1102.11,21,10,43,0.518,8,1,COD,1
13759,24,Male,Bangalore,Bronze,11,23877.37,2422.98,45,6,44,0.342,3,0,COD,0
13760,47,Male,Bangalore,Silver,15,31590.43,2415.1,22,14,26,0.422,6,2,Debit Card,0
13761,24,Male,Hyderabad,Silver,18,34303.22,1930.58,50,8,34,0.207,2,2,UPI,0
13762,20,Female,Delhi,Bronze,11,49185.44,3866.32,63,15,44,0.362,2,2,COD,0
13763,18,Female,Delhi,Gold,14,8387.12,704.29,14,17,40,0.77,5,0,Credit Card,0
13764,53,Female,Mumbai,Silver,18,16791.49,839.85,121,22,32,0.678,8,1,UPI,1
13765,42,Female,Bangalore,Bronze,9,25970.46,2878.34,46,18,38,0.231,9,2,UPI,1
13766,54,Female,Mumbai,Bronze,9,17333.2,2121.58,62,13,40,0.322,4,0,COD,0
13767,18,Female,Bangalore,Gold,5,6808.79,1408.09,14,16,33,0.315,6,2,Debit Card,0
13768,32,Female,Mumbai,Gold,7,17369.44,2375.51,34,10,38,0.364,8,1,UPI,0
13769,54,Male,Bangalore,Bronze,13,33791.12,3063.44,68,19,46,0.289,2,1,COD,0
13770,30,Female,Mumbai,Bronze,10,7161.89,732.22,121,15,30,0.271,2,1,UPI,1
13771,57,Male,Kolkata,Gold,9,25277.82,2850.58,45,9,35,0.528,4,5,Credit Card,0
13772,25,Female,Bangalore,Silver,10,29434.15,2497.74,67,9,28,0.163,4,1,Net Banking,0
13773,22,Female,Chennai,Bronze,10,20231.03,1993.46,44,17,39,0.554,8,0,COD,1
13774,26,Male,Mumbai,Silver,19,46736.96,2421.04,12,15,37,0.163,8,3,Debit Card,0
13775,18,Female,Delhi,Silver,15,37791.03,2436.23,74,15,28,0.245,8,2,COD,0
13776,53,Male,Hyderabad,Gold,19,49645.34,2694.87,30,10,31,0.323,4,1,Credit Card,0
13777,52,Female,Chennai,Bronze,14,19847.53,1313.42,42,17,35,0.258,3,1,Credit Card,0
13778,19,Male,Chennai,Silver,18,57417.9,3178.73,56,14,27,0.301,6,2,UPI,0
13779,57,Female,Mumbai,Bronze,12,35039.6,3093.09,36,10,22,0.44,10,2,UPI,1
13780,40,Male,Hyderabad,Platinum,19,65289.38,3119.59,76,7,32,0.326,6,0,Net Banking,0
13781,26,Male,Delhi,Gold,5,3706.92,647.34,15,16,35,0.457,5,0,UPI,0
13782,51,Female,Chennai,Gold,11,34123.87,3229.93,27,10,33,0.594,2,0,Credit Card,0
13783,63,Female,Delhi,Gold,11,20915.1,1868.08,18,12,31,0.495,4,2,Credit Card,1
13784,31,Male,Bangalore,Silver,12,35443.4,2677.68,5,12,34,0.464,11,0,Debit Card,0
13785,21,Female,Ahmedabad,Platinum,12,4674.62,416.45,52,10,34,0.155,4,4,Credit Card,0
13786,47,Male,Kolkata,Bronze,12,19688.06,1585.14,65,16,33,0.063,4,1,Net Banking,0
13787,48,Female,Ahmedabad,Gold,10,32703.18,2956.34,37,11,22,0.542,8,3,UPI,1
13788,55,Male,Ahmedabad,Bronze,9,24007.24,2673.4,25,21,41,0.138,7,0,UPI,0
13789,28,Female,Hyderabad,Bronze,10,12727.84,1228.04,15,17,29,0.525,3,3,Credit Card,0
13790,52,Male,Kolkata,Silver,5,14928.7,2812.17,80,13,31,0.085,4,0,UPI,1
13791,25,Female,Pune,Gold,4,5950.12,1465.47,55,16,32,0.503,3,2,Debit Card,0
13792,20,Male,Bangalore,Gold,8,14185.76,1960.53,29,21,36,0.049,4,1,UPI,0
13793,31,Male,Hyderabad,Silver,8,8784.65,1146.89,115,13,43,0.448,8,0,UPI,0
13794,30,Female,Mumbai,Silver,16,36833.6,2509.01,72,16,32,0.569,1,3,UPI,1
13795,62,Female,Kolkata,Platinum,6,20605.24,3178.62,109,13,30,0.615,8,0,COD,1
13796,49,Male,Mumbai,Bronze,7,22209.89,2996.47,59,6,24,0.183,9,6,UPI,0
13797,51,Male,Delhi,Gold,7,8104.7,1383.07,91,17,31,0.598,3,2,UPI,1
13798,62,Male,Ahmedabad,Silver,15,27400.09,2158.44,40,18,34,0.523,4,1,Credit Card,0
13799,36,Male,Chennai,Silver,18,14915.43,784.69,70,16,28,0.381,3,2,COD,0
13800,55,Female,Kolkata,Bronze,8,21881.3,3427.91,21,13,34,0.553,9,4,UPI,0
13801,33,Male,Pune,Silver,11,23534.1,2217.18,90,12,27,0.204,5,2,UPI,1
13802,19,Male,Mumbai,Bronze,8,21179.23,2784.99,34,14,42,0.134,7,2,UPI,0
13803,57,Male,Hyderabad,Bronze,13,30851.23,2379.23,91,15,30,0.518,5,1,Credit Card,1
13804,34,Female,Kolkata,Bronze,10,17138.21,1636.49,66,11,44,0.524,6,1,Credit Card,1
13805,51,Male,Kolkata,Bronze,13,21112.62,1701.52,180,11,25,0.574,6,2,COD,1
13806,59,Female,Chennai,Silver,20,53670.0,2610.17,9,19,41,0.674,7,4,UPI,0
13807,33,Female,Chennai,Gold,10,35307.95,3673.22,35,15,34,0.599,4,1,UPI,0
13808,55,Female,Hyderabad,Bronze,6,11556.4,1891.4,13,9,36,0.623,4,1,UPI,0
13809,19,Female,Chennai,Silver,18,57511.84,3256.73,80,13,37,0.443,5,1,UPI,0
13810,19,Female,Mumbai,Silver,9,30638.38,3030.42,49,12,44,0.649,7,1,Credit Card,0
13811,43,Female,Hyderabad,Silver,12,22219.24,1912.57,115,21,43,0.32,6,0,Credit Card,1
13812,30,Female,Ahmedabad,Gold,10,36072.71,3190.16,17,18,45,0.591,5,1,UPI,0
13813,64,Male,Hyderabad,Silver,8,23744.44,3117.34,33,20,36,0.615,5,1,UPI,1
13814,48,Male,Delhi,Gold,7,2085.0,300.0,11,14,32,0.133,2,3,Credit Card,0
13815,51,Female,Pune,Silver,12,34559.55,2831.45,96,12,33,0.083,6,1,Net Banking,0
13816,56,Male,Kolkata,Silver,10,33753.0,3352.47,81,12,36,0.083,2,1,UPI,0
13817,20,Male,Delhi,Silver,15,17427.34,1149.32,10,16,41,0.223,13,1,UPI,0
13818,25,Female,Pune,Gold,20,21545.53,1017.69,38,10,25,0.202,8,3,Net Banking,0
13819,40,Male,Hyderabad,Platinum,17,46242.42,2387.16,48,14,39,0.265,3,1,Credit Card,0
13820,31,Female,Kolkata,Silver,13,54136.48,3620.77,61,6,32,0.462,7,1,Credit Card,0
13821,44,Male,Chennai,Gold,8,9384.93,1220.84,27,14,27,0.395,5,0,UPI,0
13822,46,Female,Pune,Bronze,9,8207.14,779.91,62,17,35,0.525,4,3,COD,1
13823,56,Female,Hyderabad,Platinum,9,17264.19,1791.9,37,12,27,0.256,5,0,Debit Card,0
13824,56,Male,Hyderabad,Bronze,13,20328.4,1666.47,44,11,34,0.468,7,0,COD,0
13825,18,Male,Delhi,Bronze,14,8244.23,695.97,74,13,41,0.504,5,2,Credit Card,1
13826,34,Female,Delhi,Bronze,13,20109.48,1674.24,55,12,44,0.269,10,4,UPI,0
13827,58,Female,Chennai,Platinum,15,35217.95,2513.93,31,12,37,0.119,4,1,UPI,0
13828,47,Female,Ahmedabad,Gold,12,44733.81,3870.63,117,10,28,0.336,3,1,UPI,0
13829,30,Male,Bangalore,Platinum,11,28776.32,2705.44,21,15,34,0.177,4,1,Credit Card,0
13830,38,Male,Mumbai,Gold,10,28061.42,2925.54,64,11,40,0.216,8,0,COD,0
13831,36,Male,Bangalore,Silver,9,11585.39,1220.52,27,11,45,0.129,8,0,Net Banking,0
13832,36,Male,Bangalore,Platinum,15,35637.8,2114.99,64,12,48,0.31,1,0,Credit Card,0
13833,42,Female,Kolkata,Platinum,10,20209.61,2001.79,75,24,40,0.202,3,4,UPI,0
13834,39,Female,Ahmedabad,Silver,14,37528.23,2493.36,51,15,34,0.688,4,2,UPI,0
13835,48,Female,Kolkata,Bronze,15,38246.2,2737.09,39,13,48,0.3,7,4,Net Banking,0
13836,34,Female,Chennai,Gold,6,20017.57,3057.58,73,18,49,0.456,4,1,UPI,0
13837,40,Male,Kolkata,Platinum,5,11461.92,2228.72,47,20,31,0.637,3,2,COD,1
13838,49,Female,Pune,Gold,17,30232.5,1729.32,27,15,37,0.469,7,1,Net Banking,0
13839,27,Female,Chennai,Gold,12,38707.53,3301.66,56,19,32,0.337,4,1,Net Banking,0
13840,27,Male,Chennai,Platinum,12,35597.84,2852.62,8,19,40,0.329,12,0,UPI,0
13841,53,Male,Hyderabad,Platinum,16,46967.91,2756.33,127,19,37,0.149,6,1,UPI,1
13842,25,Female,Hyderabad,Gold,13,28150.82,2164.5,105,11,30,0.484,5,0,Credit Card,1
13843,37,Male,Hyderabad,Gold,7,24564.9,3294.63,22,18,28,0.13,4,0,UPI,0
13844,49,Female,Mumbai,Bronze,11,10603.9,1068.64,77,8,51,0.357,2,1,Credit Card,0
13845,31,Male,Pune,Silver,12,32006.77,3003.7,29,12,43,0.404,15,4,Credit Card,0
13846,45,Male,Pune,Silver,12,34417.02,2999.18,43,15,25,0.75,4,4,Net Banking,0
13847,63,Female,Hyderabad,Gold,13,18906.22,1389.31,29,21,36,0.525,10,3,Credit Card,0
13848,41,Male,Bangalore,Silver,15,23846.97,1587.51,48,17,36,0.681,3,1,Credit Card,0
13849,32,Female,Mumbai,Bronze,8,8652.2,1043.58,26,17,40,0.417,6,1,Debit Card,0
13850,39,Male,Bangalore,Bronze,6,16175.26,2659.35,17,15,25,0.382,6,2,UPI,0
13851,47,Male,Delhi,Gold,8,2421.08,300.0,27,13,25,0.313,5,1,Credit Card,0
13852,21,Male,Pune,Silver,5,10809.53,2400.89,29,12,37,0.223,4,1,Debit Card,0
13853,30,Male,Pune,Bronze,12,16052.86,1512.56,37,21,41,0.586,3,3,Credit Card,1
13854,40,Male,Bangalore,Bronze,9,12015.06,1314.12,43,17,36,0.431,3,0,COD,1
13855,25,Female,Mumbai,Silver,14,7621.16,509.7,65,19,37,0.719,3,3,COD,0
13856,35,Male,Pune,Bronze,16,22279.59,1402.39,19,17,27,0.344,6,1,Credit Card,0
13857,29,Female,Bangalore,Bronze,16,53969.33,3486.83,70,10,47,0.744,5,0,Debit Card,0
13858,48,Male,Chennai,Silver,9,12417.02,1552.72,52,13,25,0.218,3,1,Credit Card,0
13859,31,Female,Chennai,Silver,11,28871.01,2577.83,20,19,32,0.545,4,0,COD,0
13860,51,Male,Kolkata,Silver,7,8565.58,1218.21,23,15,41,0.447,3,2,Credit Card,0
13861,35,Female,Mumbai,Bronze,11,26397.12,3123.33,29,9,34,0.332,9,0,Debit Card,1
13862,51,Female,Bangalore,Gold,16,47355.46,2744.54,12,20,34,0.098,6,1,UPI,0
13863,28,Male,Kolkata,Silver,14,28325.38,1995.03,156,20,37,0.168,8,1,Credit Card,1
13864,58,Male,Chennai,Bronze,14,30201.21,2408.57,33,11,40,0.501,4,0,Credit Card,0
13865,29,Male,Mumbai,Bronze,19,44800.89,2485.84,40,23,37,0.226,2,0,Debit Card,0
13866,32,Female,Ahmedabad,Bronze,15,21230.49,1299.08,53,19,28,0.178,0,0,UPI,0
13867,48,Female,Kolkata,Bronze,8,11632.63,1467.91,19,17,32,0.57,0,0,Debit Card,0
13868,46,Male,Ahmedabad,Bronze,16,53538.4,3026.12,31,16,32,0.274,6,1,Debit Card,0
13869,43,Male,Hyderabad,Silver,12,39064.4,3592.0,70,14,37,0.375,4,1,UPI,1
13870,35,Female,Mumbai,Silver,17,44813.07,2332.16,67,18,42,0.191,10,1,Credit Card,0
13871,49,Female,Delhi,Silver,15,44199.36,2823.36,2,15,37,0.25,5,2,Net Banking,0
13872,39,Male,Hyderabad,Gold,18,59588.6,3284.06,41,21,34,0.53,8,4,UPI,1
13873,55,Female,Kolkata,Bronze,15,30923.6,1907.77,45,20,33,0.354,7,1,Credit Card,0
13874,34,Male,Bangalore,Platinum,10,20779.98,2131.12,36,15,43,0.471,5,3,Debit Card,0
13875,40,Male,Hyderabad,Bronze,12,31588.28,2842.91,60,20,37,0.541,8,2,UPI,1
13876,41,Male,Hyderabad,Gold,16,64199.43,4165.13,58,15,21,0.365,5,1,Credit Card,0
13877,25,Female,Kolkata,Bronze,10,28994.46,2874.26,54,18,31,0.483,3,1,Debit Card,0
13878,58,Female,Bangalore,Gold,15,40936.56,2473.24,57,8,35,0.288,3,1,UPI,0
13879,23,Female,Bangalore,Silver,11,19099.57,1671.68,8,12,44,0.595,2,3,UPI,0
13880,22,Female,Chennai,Bronze,13,30083.68,2147.81,46,14,28,0.459,3,0,Credit Card,0
13881,61,Male,Delhi,Silver,12,32550.35,2818.77,68,20,31,0.708,8,1,UPI,0
13882,46,Female,Bangalore,Bronze,15,39181.26,2722.63,18,21,41,0.574,6,1,COD,0
13883,45,Male,Pune,Gold,11,18625.27,1660.4,89,19,23,0.338,3,1,Debit Card,0
13884,28,Male,Pune,Gold,13,45555.73,3379.0,77,26,34,0.709,2,2,Credit Card,0
13885,18,Male,Delhi,Bronze,9,34628.53,3380.02,46,22,36,0.845,4,1,UPI,0
13886,60,Female,Mumbai,Silver,9,18867.7,2100.14,44,13,32,0.235,0,1,Debit Card,0
13887,36,Male,Kolkata,Bronze,9,21485.56,2452.2,30,15,42,0.303,3,0,UPI,0
13888,26,Male,Mumbai,Gold,11,17809.06,1623.31,28,15,38,0.33,7,3,Net Banking,0
13889,44,Female,Pune,Bronze,7,9288.57,1472.18,51,13,44,0.649,6,1,UPI,1
13890,51,Male,Bangalore,Silver,18,41422.14,2512.39,26,15,38,0.323,2,0,Credit Card,0
13891,61,Female,Delhi,Platinum,9,13915.72,1497.55,50,17,35,0.377,4,2,UPI,0
13892,21,Female,Mumbai,Bronze,12,33027.64,2783.63,31,16,44,0.328,8,3,Debit Card,1
13893,53,Female,Mumbai,Platinum,5,8606.65,1842.65,55,21,36,0.595,3,3,Debit Card,0
13894,35,Male,Ahmedabad,Silver,17,48729.34,3145.15,56,13,29,0.066,4,1,COD,0
13895,32,Female,Kolkata,Bronze,10,23091.06,2122.95,76,18,29,0.367,8,1,COD,0
13896,30,Female,Hyderabad,Silver,23,10214.31,468.94,14,15,34,0.454,4,2,UPI,0
13897,36,Female,Pune,Gold,12,24195.05,1865.06,46,16,36,0.347,6,2,Debit Card,0
13898,23,Female,Bangalore,Silver,16,37702.9,2296.19,17,11,41,0.317,2,0,UPI,0
13899,65,Male,Delhi,Bronze,8,5259.57,639.63,60,13,38,0.309,5,0,Credit Card,0
13900,29,Female,Mumbai,Bronze,14,9306.61,723.17,6,14,44,0.521,9,2,Credit Card,0
13901,54,Male,Kolkata,Gold,6,12690.06,2031.17,74,10,41,0.219,4,3,COD,1
13902,34,Female,Hyderabad,Silver,10,32339.17,3104.13,29,12,36,0.428,7,2,UPI,1
13903,40,Male,Pune,Silver,5,15185.32,2768.25,88,15,31,0.395,2,1,UPI,1
13904,43,Female,Pune,Bronze,12,25022.18,2187.0,49,18,39,0.199,4,2,Credit Card,1
13905,46,Male,Kolkata,Gold,15,23738.07,1432.62,58,21,31,0.316,7,2,COD,0
13906,50,Female,Ahmedabad,Platinum,14,18066.75,1388.81,42,10,42,0.248,6,1,Credit Card,0
13907,44,Male,Delhi,Bronze,17,45080.19,2784.21,53,8,29,0.417,7,3,COD,0
13908,42,Male,Mumbai,Bronze,11,22622.9,2378.37,27,13,40,0.409,2,2,UPI,1
13909,27,Male,Delhi,Platinum,11,33182.27,2968.97,35,11,44,0.285,3,0,UPI,0
13910,64,Female,Kolkata,Gold,13,41678.13,3283.6,23,18,40,0.101,2,2,UPI,0
13911,40,Male,Kolkata,Silver,13,22033.05,1791.37,15,14,36,0.448,3,3,Debit Card,0
13912,38,Male,Delhi,Platinum,18,50236.31,2596.11,41,11,31,0.318,1,0,Credit Card,0
13913,38,Male,Chennai,Silver,10,26328.33,2714.93,10,13,32,0.156,3,2,Debit Card,0
13914,60,Male,Hyderabad,Bronze,6,10676.39,1572.33,35,13,25,0.285,5,0,Credit Card,0
13915,30,Female,Pune,Gold,13,23120.88,1619.5,9,11,35,0.296,2,0,Credit Card,0
13916,54,Male,Chennai,Silver,12,32752.0,2850.48,68,15,33,0.651,5,1,Credit Card,0
13917,50,Male,Bangalore,Platinum,11,27028.44,2201.56,6,17,36,0.247,2,4,Credit Card,0
13918,41,Male,Pune,Bronze,11,13887.81,1414.41,42,9,33,0.335,3,2,UPI,0
13919,61,Female,Pune,Silver,8,11578.8,1462.78,23,12,40,0.168,6,0,Debit Card,0
13920,28,Male,Hyderabad,Gold,21,20271.42,1044.55,23,9,34,0.543,5,1,Credit Card,0
13921,34,Male,Bangalore,Bronze,14,26348.55,1877.57,40,17,51,0.35,4,0,Debit Card,0
13922,21,Male,Mumbai,Silver,9,10728.06,1273.98,14,15,35,0.297,4,0,UPI,0
13923,64,Male,Bangalore,Platinum,8,20616.41,2292.0,102,25,30,0.505,1,4,UPI,0
13924,42,Female,Mumbai,Silver,7,30903.15,4253.09,7,16,37,0.448,5,1,Credit Card,0
13925,47,Male,Ahmedabad,Silver,11,31552.6,2614.32,99,17,43,0.428,5,0,Debit Card,1
13926,26,Male,Ahmedabad,Platinum,13,39081.68,3160.4,30,20,27,0.209,3,3,UPI,0
13927,38,Female,Bangalore,Bronze,11,31087.47,2560.57,35,15,29,0.407,4,2,UPI,1
13928,37,Female,Delhi,Platinum,10,8285.0,715.62,47,15,26,0.371,5,2,Debit Card,1
13929,36,Female,Kolkata,Gold,9,20009.25,2313.9,38,18,46,0.357,4,0,COD,0
13930,36,Male,Bangalore,Silver,17,29295.8,1585.61,32,14,31,0.044,5,2,Debit Card,0
13931,29,Female,Chennai,Silver,13,17374.28,1457.98,60,11,34,0.439,6,1,UPI,0
13932,54,Male,Chennai,Platinum,18,35109.25,1996.14,19,14,41,0.541,4,0,Credit Card,0
13933,59,Female,Hyderabad,Bronze,11,32459.87,2767.93,16,14,33,0.351,4,2,UPI,0
13934,34,Male,Kolkata,Bronze,13,22289.11,1925.32,14,11,36,0.225,4,2,COD,0
13935,54,Female,Kolkata,Bronze,12,34909.1,2972.88,35,15,43,0.125,7,3,Net Banking,0
13936,65,Male,Mumbai,Bronze,8,21251.6,2364.9,166,13,31,0.278,5,2,UPI,1
13937,56,Female,Pune,Silver,9,22896.58,2485.6,42,14,34,0.016,4,0,COD,0
13938,45,Male,Hyderabad,Platinum,12,26481.12,2146.81,89,13,33,0.508,6,1,UPI,1
13939,58,Male,Chennai,Platinum,12,40356.24,3357.32,39,13,28,0.601,3,2,Credit Card,0
13940,52,Male,Chennai,Bronze,19,29464.97,1569.16,94,17,25,0.557,7,2,Debit Card,0
13941,64,Male,Ahmedabad,Silver,15,23095.53,1620.13,25,10,29,0.287,6,0,Debit Card,0
13942,65,Male,Mumbai,Gold,11,16853.25,1913.61,66,19,31,0.331,5,4,Net Banking,0
13943,35,Male,Chennai,Bronze,9,26515.5,2652.13,70,15,39,0.174,1,1,Net Banking,0
13944,31,Male,Chennai,Gold,9,28557.77,2773.48,70,24,34,0.146,5,0,Credit Card,1
13945,52,Male,Mumbai,Gold,12,19883.23,1695.74,27,13,24,0.162,7,2,COD,0
13946,61,Female,Chennai,Gold,10,31955.71,3007.17,61,18,34,0.379,2,2,Net Banking,0
13947,58,Male,Pune,Silver,9,12426.0,1317.69,60,16,30,0.572,3,1,Credit Card,0
13948,24,Male,Delhi,Silver,11,31599.12,2841.58,67,11,25,0.372,2,1,Debit Card,0
13949,58,Female,Hyderabad,Bronze,12,30199.49,2521.91,68,14,33,0.529,7,2,UPI,0
13950,30,Male,Pune,Silver,13,23617.6,2215.66,50,13,33,0.117,6,3,Net Banking,1
13951,35,Female,Pune,Silver,18,49231.12,2625.81,15,13,29,0.22,1,0,Net Banking,0
13952,54,Male,Delhi,Platinum,13,27796.09,2092.85,29,8,38,0.151,7,4,Credit Card,0
13953,30,Female,Ahmedabad,Platinum,7,17581.94,2429.71,28,14,28,0.43,6,0,Credit Card,0
13954,53,Female,Kolkata,Platinum,16,78075.28,4365.47,6,14,46,0.483,6,0,Credit Card,0
13955,48,Male,Hyderabad,Platinum,15,45908.93,3004.89,47,16,37,0.083,6,4,Debit Card,0
13956,19,Female,Ahmedabad,Bronze,8,14179.52,1712.06,48,19,45,0.538,6,2,Debit Card,0
13957,33,Male,Ahmedabad,Silver,10,18934.98,1925.27,20,11,34,0.586,6,2,Debit Card,0
13958,26,Male,Pune,Bronze,14,44934.59,3287.39,82,15,40,0.233,7,0,UPI,0
13959,26,Male,Chennai,Bronze,11,19542.69,1844.68,23,17,27,0.168,6,1,Credit Card,0
13960,55,Male,Ahmedabad,Silver,11,38254.65,3730.7,50,16,38,0.125,4,3,Credit Card,0
13961,28,Female,Delhi,Gold,14,37586.09,2888.83,68,12,30,0.705,4,4,Credit Card,0
13962,39,Male,Kolkata,Gold,15,13632.35,979.58,7,21,32,0.583,6,4,UPI,1
13963,50,Female,Hyderabad,Bronze,20,55859.84,2981.5,10,16,49,0.251,9,2,COD,0
13964,53,Female,Bangalore,Bronze,11,3157.99,300.0,60,22,31,0.378,5,0,UPI,1
13965,62,Male,Mumbai,Bronze,9,16831.67,1886.44,78,9,45,0.472,9,3,Debit Card,1
13966,40,Male,Chennai,Bronze,14,39382.06,2969.67,94,15,34,0.209,7,1,Debit Card,0
13967,62,Male,Delhi,Bronze,8,4155.68,520.38,30,19,47,0.307,10,0,UPI,0
13968,62,Male,Mumbai,Gold,13,58417.4,4026.54,41,20,35,0.453,7,3,COD,0
13969,51,Female,Kolkata,Gold,16,46541.85,3071.58,21,16,46,0.495,3,2,Credit Card,0
13970,26,Male,Kolkata,Silver,14,18985.28,1319.02,18,13,34,0.349,4,2,UPI,0
13971,41,Female,Bangalore,Gold,11,34782.3,3568.01,77,21,44,0.162,5,0,Net Banking,0
13972,25,Male,Ahmedabad,Bronze,15,7058.34,481.33,18,13,37,0.127,5,1,UPI,0
13973,24,Male,Pune,Platinum,10,12664.33,1293.18,61,14,33,0.521,6,0,Debit Card,0
13974,53,Male,Pune,Bronze,16,14372.12,926.4,13,15,27,0.23,2,2,Net Banking,0
13975,35,Male,Hyderabad,Gold,23,9998.91,422.54,44,10,30,0.445,8,1,UPI,0
13976,20,Female,Delhi,Platinum,12,25342.2,1900.15,51,15,41,0.408,3,3,Debit Card,0
13977,45,Female,Delhi,Gold,12,26812.78,2372.04,24,14,36,0.233,4,1,UPI,0
13978,23,Male,Ahmedabad,Bronze,14,30952.72,2345.16,25,12,36,0.159,3,3,COD,0
13979,61,Female,Kolkata,Gold,21,51581.62,2317.34,31,17,29,0.557,5,3,COD,0
13980,61,Female,Hyderabad,Bronze,9,19151.84,2247.32,16,8,25,0.057,5,1,Credit Card,0
13981,38,Male,Ahmedabad,Bronze,15,15202.24,1136.69,29,13,33,0.136,8,1,Credit Card,0
13982,45,Male,Mumbai,Bronze,11,20363.8,1747.76,48,19,38,0.361,7,0,Credit Card,0
13983,57,Female,Pune,Platinum,8,2106.44,300.0,53,17,37,0.504,6,1,COD,0
13984,18,Female,Pune,Platinum,12,34361.59,3171.6,98,17,35,0.618,7,0,UPI,0
13985,53,Female,Kolkata,Bronze,10,24585.56,2285.15,33,16,37,0.459,8,2,Credit Card,0
13986,38,Female,Delhi,Silver,7,14899.51,2261.49,30,22,38,0.335,8,1,UPI,0
13987,60,Male,Kolkata,Platinum,13,32942.95,2901.47,26,14,41,0.196,4,2,COD,0
13988,52,Male,Ahmedabad,Silver,12,34408.16,2965.87,33,14,48,0.519,4,1,Debit Card,0
13989,30,Female,Delhi,Silver,14,29159.09,1874.94,53,17,53,0.14,5,1,Credit Card,0
13990,27,Male,Hyderabad,Silver,12,28640.01,2094.81,7,14,36,0.101,6,1,Credit Card,0
13991,61,Female,Ahmedabad,Gold,16,63958.65,3609.52,80,11,33,0.288,4,2,COD,1
13992,64,Female,Bangalore,Silver,18,34791.25,1673.24,27,19,44,0.574,1,3,UPI,0
13993,27,Male,Mumbai,Gold,19,67680.84,3601.5,20,11,32,0.335,1,1,Credit Card,0
13994,63,Female,Chennai,Silver,10,19990.08,1884.7,26,20,34,0.27,4,2,Credit Card,0
13995,30,Female,Bangalore,Bronze,6,2932.33,482.6,36,15,29,0.013,5,1,UPI,0
13996,54,Male,Ahmedabad,Bronze,12,28276.89,2280.57,42,25,25,0.482,5,2,Credit Card,0
13997,55,Male,Bangalore,Bronze,12,21724.82,1877.75,46,16,34,0.558,2,0,Debit Card,1
13998,41,Female,Delhi,Silver,11,11683.68,986.56,23,16,41,0.693,7,0,Credit Card,0
13999,19,Female,Delhi,Bronze,19,39632.42,2127.09,38,11,37,0.31,5,2,UPI,0
14000,39,Male,Delhi,Gold,6,11340.9,1763.05,18,13,33,0.094,4,4,Credit Card,0
14001,34,Female,Bangalore,Silver,9,33633.72,3886.48,180,10,37,0.532,4,1,UPI,1
14002,53,Female,Kolkata,Gold,5,17371.05,3071.64,8,15,28,0.129,6,0,UPI,0
14003,31,Male,Mumbai,Platinum,14,16359.29,1334.84,53,14,42,0.292,7,2,UPI,0
14004,27,Male,Kolkata,Gold,11,17857.73,1533.77,19,16,31,0.502,4,2,Credit Card,0
14005,52,Male,Delhi,Platinum,15,47251.39,3100.52,30,10,28,0.176,4,2,Credit Card,0
14006,42,Male,Ahmedabad,Silver,12,44099.73,3291.27,44,10,30,0.601,1,2,COD,0
14007,20,Male,Ahmedabad,Bronze,10,19313.38,1900.2,32,14,31,0.397,7,2,COD,1
14008,64,Male,Pune,Platinum,14,22123.35,1767.18,36,12,45,0.342,7,1,COD,0
14009,55,Female,Kolkata,Gold,15,28343.71,2085.56,85,14,26,0.304,4,1,UPI,1
14010,34,Female,Mumbai,Gold,11,27263.86,2460.99,41,11,35,0.503,4,1,UPI,1
14011,29,Male,Ahmedabad,Gold,10,28894.39,2853.08,4,23,35,0.383,5,1,Debit Card,0
14012,41,Male,Pune,Silver,10,26241.49,2899.65,118,9,34,0.321,9,1,Net Banking,1
14013,46,Female,Mumbai,Bronze,6,7716.92,1249.93,57,10,30,0.413,11,2,Credit Card,0
14014,60,Female,Delhi,Gold,12,24093.8,1876.26,31,17,31,0.182,5,0,Credit Card,0
14015,42,Female,Kolkata,Bronze,16,5320.99,320.93,50,11,25,0.689,8,1,Credit Card,0
14016,53,Male,Chennai,Bronze,11,26549.35,2178.82,33,14,29,0.529,7,2,UPI,0
14017,43,Male,Hyderabad,Silver,12,11242.75,950.93,64,16,33,0.636,3,0,UPI,0
14018,55,Female,Delhi,Silver,15,22673.71,1541.37,63,21,36,0.518,3,1,UPI,1
14019,18,Male,Ahmedabad,Bronze,13,39736.35,3193.64,40,8,37,0.586,6,4,Credit Card,0
14020,37,Male,Bangalore,Gold,15,41256.84,2551.04,36,17,31,0.197,9,2,Credit Card,0
14021,45,Male,Chennai,Gold,5,12175.24,2514.17,17,13,34,0.267,3,1,UPI,0
14022,33,Female,Bangalore,Gold,15,36786.79,2202.07,15,19,34,0.16,1,1,COD,0
14023,64,Female,Mumbai,Silver,7,20544.7,3463.4,45,19,38,0.153,5,4,UPI,0
14024,34,Male,Bangalore,Platinum,15,24211.61,1634.95,52,13,34,0.416,4,1,Debit Card,0
14025,57,Male,Chennai,Bronze,12,26171.41,2347.25,47,18,39,0.4,6,1,Debit Card,0
14026,45,Male,Chennai,Gold,7,15468.62,2299.17,59,17,28,0.226,5,2,UPI,0
14027,29,Male,Delhi,Bronze,11,23183.78,1886.31,65,14,35,0.333,6,1,Credit Card,1
14028,44,Male,Pune,Silver,16,75337.24,4124.47,64,15,26,0.515,4,1,Debit Card,0
14029,59,Female,Delhi,Silver,14,16727.66,1101.17,77,25,37,0.416,8,1,UPI,0
14030,64,Male,Mumbai,Gold,9,4803.48,536.57,102,20,23,0.381,7,2,COD,1
14031,47,Male,Ahmedabad,Bronze,14,30300.04,2297.19,63,15,31,0.394,5,1,Net Banking,1
14032,58,Male,Bangalore,Bronze,11,18462.65,1657.27,27,15,39,0.702,4,1,Net Banking,1
14033,51,Female,Pune,Silver,23,7188.31,300.0,73,11,41,0.164,6,0,Debit Card,0
14034,54,Female,Kolkata,Silver,5,11174.46,2538.27,31,14,31,0.338,3,1,UPI,0
14035,23,Male,Hyderabad,Silver,15,34271.66,2417.61,80,15,31,0.406,4,1,Credit Card,0
14036,24,Female,Chennai,Bronze,13,48987.47,3210.06,134,14,35,0.184,5,0,Net Banking,1
14037,49,Female,Pune,Silver,10,16437.36,1699.58,77,13,31,0.325,5,1,UPI,0
14038,49,Female,Ahmedabad,Bronze,11,6063.6,526.88,75,10,30,0.432,8,3,Credit Card,1
14039,42,Female,Kolkata,Bronze,8,9702.7,1355.51,40,19,35,0.342,4,1,UPI,1
14040,50,Female,Pune,Silver,14,6194.42,470.34,33,19,29,0.22,4,1,Net Banking,0
14041,24,Female,Delhi,Gold,13,47262.88,3547.08,21,14,39,0.485,3,1,Credit Card,0
14042,29,Male,Kolkata,Bronze,15,45276.9,3105.22,125,18,32,0.216,8,3,UPI,0
14043,33,Female,Hyderabad,Bronze,13,46591.01,3355.0,38,14,26,0.27,2,1,Credit Card,0
14044,33,Female,Ahmedabad,Silver,16,48858.42,2799.82,48,11,30,0.266,8,1,UPI,0
14045,60,Male,Chennai,Bronze,11,11237.99,939.62,18,20,30,0.273,7,2,Debit Card,0
14046,53,Male,Ahmedabad,Silver,5,9653.69,1836.37,24,16,39,0.598,3,1,UPI,0
14047,30,Male,Mumbai,Silver,10,29631.4,2913.25,65,11,35,0.394,3,3,Debit Card,1
14048,24,Male,Mumbai,Bronze,8,5798.62,670.55,59,16,42,0.361,8,0,Credit Card,0
14049,53,Female,Pune,Bronze,8,21178.81,2596.69,69,19,44,0.825,5,1,Net Banking,1
14050,64,Female,Kolkata,Gold,11,26842.13,2900.48,39,14,43,0.03,3,3,Credit Card,0
14051,26,Female,Pune,Gold,9,39028.36,4236.9,85,19,42,0.403,3,1,UPI,1
14052,49,Female,Bangalore,Gold,10,34149.9,3059.98,22,23,32,0.488,4,0,UPI,0
14053,28,Male,Hyderabad,Silver,14,33431.03,2627.57,86,20,34,0.226,5,2,UPI,0
14054,25,Female,Chennai,Gold,11,24015.58,2225.62,55,22,31,0.368,3,4,Net Banking,1
14055,50,Female,Pune,Platinum,12,29742.48,2688.92,37,18,33,0.55,4,0,Debit Card,0
14056,40,Male,Bangalore,Gold,16,51146.32,2749.44,36,13,36,0.235,8,0,COD,0
14057,42,Female,Kolkata,Bronze,10,3279.13,335.59,26,17,48,0.247,3,2,Credit Card,1
14058,25,Female,Hyderabad,Silver,14,35290.2,2392.09,21,20,35,0.284,6,1,Net Banking,0
14059,62,Female,Chennai,Silver,8,2273.86,300.0,38,16,22,0.29,7,0,Credit Card,0
14060,39,Female,Mumbai,Silver,25,6999.03,300.0,8,13,32,0.23,3,0,UPI,0
14061,21,Male,Bangalore,Silver,14,27494.26,2237.86,64,15,37,0.406,6,0,COD,0
14062,57,Male,Kolkata,Gold,9,23483.95,2630.72,61,13,33,0.263,2,2,Debit Card,0
14063,20,Male,Hyderabad,Gold,12,12769.53,1006.65,90,20,34,0.186,5,0,COD,0
14064,46,Male,Bangalore,Bronze,9,31846.84,3184.44,33,12,33,0.247,2,2,Net Banking,0
14065,58,Male,Pune,Bronze,12,33252.49,3567.55,62,20,31,0.629,4,0,UPI,0
14066,46,Female,Delhi,Silver,14,44232.34,2925.35,50,13,43,0.582,4,0,UPI,0
14067,51,Female,Mumbai,Bronze,9,20955.62,2175.95,17,18,37,0.649,4,2,Credit Card,0
14068,51,Male,Pune,Bronze,11,29522.39,2475.63,60,14,44,0.58,4,0,UPI,0
14069,45,Male,Pune,Silver,6,11571.72,2301.59,50,16,36,0.15,4,3,Net Banking,0
14070,30,Male,Kolkata,Silver,14,31347.25,2392.58,53,16,40,0.436,6,0,Credit Card,0
14071,32,Female,Kolkata,Platinum,9,11648.82,1278.27,41,15,31,0.735,9,2,COD,0
14072,40,Male,Hyderabad,Bronze,6,12874.46,1864.65,37,11,27,0.542,5,2,Credit Card,0
14073,61,Female,Kolkata,Bronze,17,36975.59,2253.62,51,12,34,0.119,3,2,Credit Card,0
14074,43,Female,Bangalore,Bronze,14,30890.98,2503.43,78,11,42,0.332,11,1,UPI,1
14075,21,Female,Mumbai,Silver,8,21939.56,2730.59,57,16,35,0.589,3,2,Credit Card,0
14076,43,Female,Pune,Bronze,10,13126.79,1301.4,77,12,31,0.257,2,2,UPI,0
14077,57,Male,Hyderabad,Silver,21,46640.98,2044.5,68,16,35,0.166,2,2,Credit Card,0
14078,26,Female,Ahmedabad,Bronze,10,17649.15,1958.41,63,16,29,0.594,6,1,UPI,1
14079,22,Female,Ahmedabad,Silver,11,38108.3,3963.54,68,23,28,0.883,6,2,COD,0
14080,49,Male,Mumbai,Gold,14,31980.13,2424.79,85,18,40,0.125,5,2,UPI,0
14081,37,Female,Kolkata,Bronze,11,31467.63,2806.38,107,16,40,0.715,7,0,Credit Card,1
14082,28,Female,Kolkata,Silver,16,50356.32,3096.83,104,18,35,0.704,2,4,UPI,1
14083,32,Female,Bangalore,Silver,12,35906.74,2968.44,78,22,36,0.41,4,2,COD,0
14084,49,Male,Kolkata,Gold,16,6787.26,368.9,57,20,29,0.196,4,2,UPI,0
14085,45,Female,Ahmedabad,Silver,12,25036.3,2039.59,11,11,41,0.228,10,1,COD,0
14086,39,Female,Pune,Silver,5,12723.42,2810.19,74,15,37,0.072,8,0,UPI,1
14087,58,Male,Ahmedabad,Gold,10,23918.85,2317.13,18,15,38,0.284,4,4,UPI,0
14088,34,Male,Chennai,Silver,12,6911.86,698.82,38,12,29,0.558,9,1,UPI,0
14089,43,Female,Pune,Silver,8,10740.95,1260.91,61,19,34,0.54,8,2,UPI,1
14090,61,Female,Pune,Bronze,16,23437.87,1400.95,85,17,34,0.305,2,3,Credit Card,0
14091,24,Male,Kolkata,Gold,5,10717.48,2495.41,24,18,31,0.127,8,3,Credit Card,0
14092,59,Female,Mumbai,Gold,17,43945.77,2410.73,46,20,38,0.707,3,3,UPI,0
14093,43,Male,Kolkata,Platinum,15,48956.46,3571.45,25,20,33,0.352,7,1,UPI,0
14094,42,Female,Mumbai,Platinum,16,37260.07,2211.36,40,15,36,0.384,7,1,Debit Card,0
14095,27,Male,Mumbai,Gold,12,28164.51,2383.21,95,23,34,0.472,7,3,UPI,1
14096,62,Female,Ahmedabad,Silver,14,14116.64,996.73,30,10,43,0.211,8,1,COD,1
14097,36,Male,Mumbai,Gold,15,30404.08,2059.75,36,21,38,0.367,5,4,Net Banking,0
14098,28,Male,Hyderabad,Silver,14,62908.34,4246.05,38,11,31,0.237,6,1,Credit Card,0
14099,30,Male,Delhi,Silver,9,18134.44,2507.9,38,13,35,0.258,3,1,COD,0
14100,25,Male,Kolkata,Bronze,6,9068.52,1696.1,19,21,37,0.242,4,1,UPI,0
14101,57,Male,Hyderabad,Bronze,9,26771.42,2573.98,124,22,36,0.195,3,3,Net Banking,0
14102,21,Female,Pune,Gold,10,34187.53,3137.75,142,14,24,0.088,2,1,UPI,1
14103,64,Female,Hyderabad,Silver,14,35083.32,2648.02,63,11,37,0.409,2,1,UPI,0
14104,48,Male,Bangalore,Bronze,11,33586.59,2948.42,32,10,31,0.367,2,1,Net Banking,0
14105,45,Female,Chennai,Bronze,14,33168.36,3063.39,43,17,31,0.613,4,0,UPI,0
14106,28,Female,Mumbai,Gold,7,18171.48,2341.13,15,23,40,0.31,9,1,COD,0
14107,60,Female,Kolkata,Gold,10,24333.12,2496.15,50,11,36,0.385,3,0,Credit Card,1
14108,18,Female,Bangalore,Silver,14,24736.39,1661.57,61,12,30,0.19,4,3,Credit Card,0
14109,64,Female,Kolkata,Silver,9,14987.77,1651.47,61,10,22,0.251,5,0,Net Banking,0
14110,55,Female,Ahmedabad,Silver,10,19908.73,2127.55,22,16,26,0.414,7,2,Debit Card,0
14111,41,Male,Chennai,Bronze,14,12610.02,1008.05,89,16,29,0.417,6,0,COD,0
14112,64,Female,Bangalore,Silver,11,30879.65,2531.98,92,16,37,0.429,5,1,UPI,0
14113,48,Female,Kolkata,Gold,16,25628.24,1483.34,53,10,35,0.131,6,1,UPI,0
14114,58,Female,Pune,Silver,9,21397.27,2361.03,46,10,42,0.076,2,2,UPI,0
14115,63,Male,Mumbai,Silver,10,27518.4,2665.52,42,20,38,0.379,6,0,COD,0
14116,43,Female,Bangalore,Bronze,11,10675.93,1014.94,30,15,37,0.742,6,0,COD,1
14117,22,Female,Pune,Silver,15,40417.68,2569.06,147,17,39,0.402,8,1,COD,1
14118,37,Female,Mumbai,Bronze,13,4048.44,341.26,31,13,33,0.316,5,0,Credit Card,0
14119,58,Male,Delhi,Silver,11,29660.27,2729.82,55,16,30,0.247,6,1,UPI,0
14120,28,Female,Pune,Silver,12,33267.79,2742.33,8,11,43,0.405,8,2,UPI,0
14121,50,Male,Hyderabad,Gold,12,36660.3,2803.3,15,18,35,0.176,4,2,UPI,0
14122,55,Female,Kolkata,Silver,6,15639.24,2509.4,73,18,42,0.231,1,1,Credit Card,0
14123,44,Male,Ahmedabad,Bronze,11,18645.07,1733.64,38,16,33,0.127,5,0,Debit Card,0
14124,51,Male,Mumbai,Silver,14,25516.7,1765.6,19,12,30,0.253,7,4,Net Banking,0
14125,32,Male,Bangalore,Gold,17,26839.58,1645.49,102,7,32,0.49,9,1,Credit Card,1
14126,49,Female,Chennai,Bronze,8,22309.83,3126.76,43,15,45,0.148,2,2,COD,0
14127,38,Male,Bangalore,Silver,7,28060.29,3721.62,35,16,29,0.052,6,2,COD,0
14128,63,Male,Hyderabad,Platinum,11,25466.01,2275.99,93,10,35,0.284,6,2,Debit Card,1
14129,22,Male,Kolkata,Bronze,15,20327.94,1310.66,35,12,42,0.605,3,0,Debit Card,1
14130,23,Male,Hyderabad,Silver,7,12351.35,1949.75,61,20,30,0.205,3,0,UPI,0
14131,55,Female,Bangalore,Gold,18,50347.74,3081.1,60,25,42,0.303,2,2,Credit Card,1
14132,39,Female,Ahmedabad,Silver,13,33434.81,2698.55,47,17,28,0.767,6,2,COD,0
14133,35,Female,Kolkata,Gold,10,23215.08,2230.54,7,22,37,0.115,3,3,COD,0
14134,31,Female,Chennai,Bronze,14,31497.53,1962.12,25,17,33,0.541,3,1,Credit Card,0
14135,27,Male,Mumbai,Bronze,13,9358.57,680.4,62,13,43,0.299,4,4,Credit Card,0
14136,63,Female,Kolkata,Gold,8,13841.06,2006.61,87,14,30,0.461,4,2,COD,1
14137,30,Male,Pune,Gold,9,18653.76,1851.14,58,14,26,0.52,4,0,Credit Card,0
14138,48,Female,Kolkata,Platinum,10,16432.0,1820.93,45,20,28,0.75,7,1,Debit Card,0
14139,47,Female,Hyderabad,Bronze,9,23425.3,2453.46,11,20,30,0.566,8,1,COD,0
14140,20,Female,Hyderabad,Silver,11,41786.78,3775.41,16,14,35,0.289,6,4,COD,0
14141,47,Male,Hyderabad,Bronze,8,15805.72,2217.81,150,15,39,0.136,8,1,UPI,0
14142,23,Female,Chennai,Bronze,15,46629.1,2738.47,2,17,31,0.375,4,3,UPI,0
14143,46,Female,Kolkata,Silver,12,28296.21,2145.38,8,18,25,0.322,6,1,Credit Card,1
14144,25,Female,Ahmedabad,Silver,6,13941.82,2145.05,88,12,26,0.216,5,1,COD,1
14145,61,Male,Ahmedabad,Bronze,16,49214.71,3226.69,30,16,44,0.332,6,1,Net Banking,0
14146,62,Female,Kolkata,Bronze,18,49868.26,2536.32,12,12,25,0.122,4,3,Net Banking,0
14147,60,Female,Ahmedabad,Silver,12,30170.23,2901.06,62,12,35,0.481,1,0,Net Banking,1
14148,61,Male,Delhi,Platinum,11,34693.63,3315.87,56,17,33,0.431,4,3,Credit Card,1
14149,50,Male,Chennai,Gold,14,32971.1,2526.6,29,23,49,0.209,3,4,Net Banking,0
14150,34,Female,Mumbai,Bronze,12,25322.72,2420.11,6,16,33,0.148,6,2,Debit Card,0
14151,65,Female,Mumbai,Gold,17,45798.82,2863.24,36,10,38,0.129,5,2,Credit Card,0
14152,28,Female,Mumbai,Silver,12,17762.97,1616.03,81,8,30,0.488,4,1,Net Banking,0
14153,30,Male,Mumbai,Platinum,13,20037.1,1631.45,49,19,32,0.597,3,2,Credit Card,0
14154,28,Male,Mumbai,Bronze,9,14168.41,1517.12,47,9,41,0.094,3,1,UPI,0
14155,48,Male,Ahmedabad,Silver,9,13308.21,1758.46,48,19,41,0.383,13,2,Debit Card,0
14156,45,Female,Bangalore,Platinum,15,15099.81,1131.78,75,21,29,0.285,4,0,UPI,0
14157,61,Male,Hyderabad,Bronze,13,7923.94,709.24,17,16,34,0.196,5,1,Net Banking,0
14158,23,Female,Chennai,Platinum,20,28629.22,1460.38,26,13,36,0.338,1,1,COD,1
14159,58,Male,Bangalore,Gold,5,1427.57,300.0,59,19,38,0.398,3,1,Credit Card,0
14160,33,Male,Chennai,Platinum,15,35919.01,2455.51,17,13,49,0.751,3,0,UPI,0
14161,21,Male,Delhi,Bronze,14,33788.36,2288.88,78,17,38,0.567,5,1,UPI,0
14162,52,Female,Kolkata,Bronze,21,55186.27,2867.01,11,17,43,0.226,2,0,Credit Card,0
14163,65,Female,Pune,Bronze,9,12176.14,1360.74,75,14,35,0.104,4,0,Credit Card,1
14164,43,Female,Hyderabad,Platinum,11,27949.5,2649.03,42,19,40,0.508,2,1,Credit Card,0
14165,29,Female,Delhi,Bronze,8,12709.76,1472.3,23,18,29,0.161,7,4,UPI,0
14166,28,Male,Bangalore,Silver,8,23729.23,2896.72,57,15,38,0.116,3,2,Debit Card,1
14167,54,Female,Pune,Silver,16,9294.91,560.28,40,16,28,0.585,2,1,Net Banking,0
14168,42,Male,Kolkata,Silver,10,20408.18,1986.43,36,21,32,0.301,4,4,Credit Card,0
14169,35,Female,Delhi,Bronze,15,23875.2,1840.81,9,23,32,0.182,3,2,COD,0
14170,36,Female,Kolkata,Silver,8,25602.35,2917.26,39,11,26,0.187,8,0,Debit Card,1
14171,40,Male,Kolkata,Gold,14,37314.13,2903.8,22,16,32,0.661,4,0,UPI,0
14172,55,Male,Ahmedabad,Bronze,8,27773.64,3296.94,35,11,31,0.258,1,1,UPI,0
14173,35,Female,Chennai,Platinum,13,5333.63,387.18,52,17,33,0.395,6,2,COD,0
14174,43,Female,Pune,Gold,18,55869.31,3546.59,97,18,34,0.649,3,2,Credit Card,1
14175,23,Male,Chennai,Silver,13,16706.67,1366.94,12,13,36,0.332,5,0,COD,0
14176,21,Male,Kolkata,Silver,14,43959.42,3737.29,39,18,39,0.352,6,2,COD,0
14177,61,Male,Ahmedabad,Bronze,7,30355.84,4201.34,33,11,14,0.127,4,1,Credit Card,0
14178,46,Male,Delhi,Silver,11,41994.36,3271.97,17,17,31,0.413,6,1,UPI,0
14179,51,Male,Kolkata,Gold,13,18740.52,1428.44,57,14,32,0.176,9,1,Debit Card,0
14180,34,Female,Bangalore,Bronze,15,16421.21,1079.97,82,19,31,0.209,2,1,Net Banking,0
14181,60,Female,Kolkata,Silver,10,16872.89,1565.27,42,15,45,0.324,3,0,Credit Card,1
14182,60,Female,Chennai,Bronze,11,30475.32,2713.41,32,19,36,0.451,6,2,COD,0
14183,33,Female,Pune,Gold,12,14530.36,1243.01,102,10,32,0.552,7,1,UPI,0
14184,19,Male,Delhi,Silver,8,4465.66,527.41,66,15,40,0.201,9,0,UPI,0
14185,51,Male,Chennai,Silver,8,23990.79,3172.99,93,17,34,0.514,6,0,UPI,1
14186,25,Male,Kolkata,Bronze,19,32584.84,1659.67,53,13,38,0.25,2,3,Credit Card,1
14187,30,Female,Bangalore,Platinum,12,35713.22,3023.07,23,16,44,0.561,5,2,COD,0
14188,59,Male,Hyderabad,Bronze,14,36822.24,2894.48,45,14,34,0.776,3,3,Debit Card,0
14189,25,Male,Ahmedabad,Silver,19,44207.96,2377.86,28,17,26,0.277,5,1,UPI,0
14190,47,Female,Bangalore,Silver,10,26682.49,2955.42,25,17,30,0.288,1,2,UPI,1
14191,49,Female,Kolkata,Gold,10,34705.22,3532.69,29,12,29,0.218,6,1,COD,0
14192,53,Female,Bangalore,Bronze,18,44944.91,2887.77,24,14,27,0.082,4,1,Debit Card,1
14193,64,Male,Ahmedabad,Gold,17,52449.97,2911.9,11,18,32,0.539,6,0,UPI,0
14194,47,Male,Hyderabad,Silver,9,23110.53,2548.88,71,10,31,0.448,4,1,Debit Card,1
14195,18,Female,Bangalore,Silver,12,20360.65,1810.25,76,15,47,0.086,4,3,Net Banking,1
14196,60,Female,Hyderabad,Gold,17,37889.65,2477.47,40,16,32,0.271,5,0,Credit Card,0
14197,56,Male,Kolkata,Gold,12,27991.87,2388.17,18,16,29,0.138,10,3,UPI,0
14198,34,Female,Hyderabad,Gold,11,28483.55,2640.23,60,15,46,0.239,7,1,Debit Card,0
14199,37,Male,Chennai,Platinum,12,29552.45,2500.23,24,7,38,0.396,4,1,Net Banking,0
14200,41,Female,Chennai,Bronze,16,29074.22,1788.4,45,12,31,0.534,6,0,Credit Card,0
14201,39,Female,Hyderabad,Platinum,11,35112.88,3225.5,7,11,32,0.358,5,1,Credit Card,0
14202,46,Female,Delhi,Bronze,13,24568.82,1725.46,62,11,42,0.29,5,1,Net Banking,0
14203,39,Male,Pune,Gold,12,26886.51,2554.79,54,13,42,0.18,10,1,UPI,0
14204,61,Male,Delhi,Silver,12,33865.47,2663.54,32,10,38,0.273,3,3,UPI,1
14205,26,Female,Hyderabad,Silver,17,20986.67,1255.05,20,15,40,0.159,5,0,UPI,0
14206,54,Male,Pune,Bronze,11,39129.43,3605.64,79,9,36,0.247,9,1,UPI,1
14207,27,Female,Chennai,Silver,4,7994.55,2163.09,45,19,44,0.272,2,1,UPI,0
14208,53,Female,Pune,Bronze,15,22852.07,1305.71,11,16,31,0.582,5,0,Debit Card,0
14209,54,Male,Hyderabad,Silver,11,27313.33,2200.33,17,16,48,0.484,6,5,Credit Card,0
14210,45,Male,Chennai,Bronze,11,15536.59,1322.95,38,15,37,0.437,3,0,Credit Card,0
14211,45,Male,Pune,Silver,17,24780.33,1678.04,24,16,37,0.404,5,2,COD,0
14212,59,Male,Pune,Bronze,13,22173.34,1660.44,21,13,26,0.301,2,0,COD,0
14213,60,Female,Delhi,Bronze,13,25993.06,2077.75,36,13,29,0.214,6,3,UPI,0
14214,38,Male,Pune,Bronze,10,35089.91,3428.29,51,14,30,0.172,5,2,UPI,0
14215,41,Male,Kolkata,Silver,13,27871.75,2295.73,29,16,35,0.186,5,1,UPI,0
14216,59,Female,Hyderabad,Gold,10,25673.24,2347.97,19,18,29,0.409,4,3,Debit Card,0
14217,57,Female,Mumbai,Platinum,10,18800.71,1770.7,96,16,36,0.265,7,0,UPI,1
14218,19,Female,Mumbai,Bronze,13,29678.41,2454.99,110,13,29,0.626,6,0,UPI,1
14219,25,Female,Mumbai,Silver,16,37887.07,2170.22,14,15,32,0.256,4,3,UPI,0
14220,65,Male,Hyderabad,Gold,12,23341.82,2124.58,147,16,36,0.455,2,0,COD,1
14221,44,Male,Mumbai,Silver,13,42292.74,2836.36,4,12,45,0.165,4,0,COD,0
14222,39,Female,Delhi,Gold,7,9903.67,1352.65,16,12,31,0.285,5,1,UPI,0
14223,54,Female,Hyderabad,Bronze,7,23744.19,3339.83,60,18,37,0.4,6,1,COD,0
14224,44,Male,Kolkata,Silver,10,2800.3,300.0,52,10,32,0.587,5,1,UPI,0
14225,46,Male,Chennai,Silver,19,39971.9,2116.22,162,13,30,0.117,6,2,Credit Card,0
14226,20,Male,Kolkata,Bronze,7,26379.57,3422.85,60,14,31,0.262,7,2,Credit Card,0
14227,61,Male,Hyderabad,Silver,17,54397.49,3286.06,48,16,36,0.32,7,4,UPI,0
14228,30,Male,Hyderabad,Silver,15,34985.27,2342.54,30,14,26,0.553,6,0,Credit Card,0
14229,62,Female,Pune,Bronze,13,18249.37,1471.07,26,18,25,0.352,5,1,UPI,0
14230,27,Female,Pune,Silver,11,23569.86,2079.94,61,19,30,0.613,1,0,Credit Card,1
14231,53,Female,Pune,Gold,9,36230.39,4532.33,40,10,30,0.346,3,2,UPI,0
14232,26,Female,Ahmedabad,Gold,12,37064.89,2837.89,19,13,46,0.392,4,1,Credit Card,0
14233,44,Male,Ahmedabad,Silver,11,6973.35,669.5,82,12,40,0.292,4,1,Debit Card,1
14234,51,Female,Bangalore,Silver,14,31992.4,2274.62,19,9,41,0.196,6,1,Net Banking,0
14235,18,Male,Ahmedabad,Silver,13,22488.29,1661.26,24,16,44,0.429,3,1,Debit Card,0
14236,49,Male,Delhi,Silver,8,9440.43,1057.06,60,22,35,0.436,6,3,COD,0
14237,42,Male,Hyderabad,Bronze,10,27760.4,2634.38,18,9,29,0.538,4,0,UPI,0
14238,46,Male,Kolkata,Silver,16,19092.83,1326.72,136,18,27,0.198,6,1,Debit Card,1
14239,24,Male,Hyderabad,Silver,18,70560.47,3593.48,58,18,26,0.34,9,1,UPI,0
14240,20,Male,Pune,Silver,7,17966.85,3406.97,87,15,34,0.147,8,2,Credit Card,0
14241,37,Male,Hyderabad,Platinum,15,22490.03,1543.35,36,10,34,0.255,7,0,COD,1
14242,37,Female,Chennai,Gold,9,13244.56,1487.05,84,10,37,0.347,5,1,Credit Card,1
14243,47,Male,Ahmedabad,Bronze,10,25457.09,2805.94,29,15,33,0.422,1,4,Credit Card,0
14244,52,Female,Hyderabad,Bronze,8,21911.25,3115.99,34,19,49,0.393,4,1,UPI,0
14245,52,Female,Kolkata,Bronze,17,35906.77,1973.51,147,16,33,0.18,2,1,UPI,1
14246,56,Male,Mumbai,Gold,11,31667.34,3080.61,119,12,30,0.362,8,0,COD,0
14247,44,Male,Chennai,Gold,19,65522.93,3698.0,48,8,30,0.301,5,1,UPI,0
14248,43,Female,Chennai,Platinum,7,17255.42,2496.92,66,16,35,0.141,3,5,UPI,0
14249,31,Female,Hyderabad,Silver,11,13256.82,1273.88,47,21,42,0.437,3,3,UPI,0
14250,34,Female,Bangalore,Gold,15,43232.72,2906.97,12,16,31,0.551,0,1,UPI,0
14251,35,Female,Pune,Silver,15,39257.42,2328.86,29,16,28,0.198,4,0,Debit Card,0
14252,62,Male,Delhi,Gold,14,26091.95,1910.6,173,16,39,0.225,4,1,Net Banking,1
14253,46,Male,Delhi,Gold,15,42136.67,2876.54,91,18,30,0.043,4,1,UPI,0
14254,37,Male,Mumbai,Silver,14,51160.52,3286.36,57,16,45,0.46,6,3,UPI,0
14255,44,Female,Delhi,Silver,7,16512.24,2367.41,38,21,39,0.04,4,0,Credit Card,0
14256,35,Male,Delhi,Gold,15,4787.26,300.0,37,19,33,0.504,8,0,Net Banking,0
14257,21,Female,Pune,Silver,11,25529.19,2307.83,101,14,38,0.329,1,0,UPI,1
14258,18,Male,Ahmedabad,Bronze,8,17968.35,2404.27,52,9,34,0.831,3,1,Credit Card,0
14259,18,Female,Pune,Bronze,11,43640.62,4527.32,38,17,37,0.156,6,0,COD,0
14260,43,Male,Bangalore,Silver,18,41619.67,2316.66,33,17,40,0.552,2,1,COD,0
14261,62,Male,Kolkata,Silver,9,18944.46,2045.81,21,17,39,0.431,9,0,Debit Card,0
14262,37,Female,Mumbai,Bronze,18,54682.46,2820.83,25,16,37,0.632,3,3,UPI,0
14263,40,Female,Delhi,Bronze,10,18894.51,1929.87,79,14,35,0.223,8,0,UPI,0
14264,27,Female,Bangalore,Bronze,14,23654.39,1582.49,34,16,34,0.245,9,1,UPI,0
14265,28,Female,Mumbai,Silver,11,8075.52,765.03,40,16,51,0.125,9,0,Debit Card,0
14266,58,Female,Chennai,Bronze,15,23154.29,1664.03,36,14,40,0.333,7,1,Net Banking,0
14267,58,Male,Delhi,Bronze,15,7146.12,482.98,79,18,43,0.534,3,4,Debit Card,1
14268,22,Female,Delhi,Bronze,18,45848.63,2454.92,44,14,32,0.554,6,0,UPI,0
14269,18,Male,Pune,Bronze,11,27449.68,2394.25,148,13,33,0.147,4,1,Credit Card,1
14270,34,Male,Hyderabad,Gold,9,28043.25,2826.78,24,6,44,0.201,3,0,UPI,0
14271,39,Male,Mumbai,Bronze,9,11791.86,1272.01,53,15,35,0.382,5,6,UPI,0
14272,51,Male,Delhi,Gold,13,13252.02,905.16,42,18,31,0.619,3,3,Credit Card,0
14273,62,Male,Ahmedabad,Silver,15,65734.2,4051.72,12,12,38,0.499,2,1,Credit Card,1
14274,58,Female,Mumbai,Platinum,16,29436.42,2129.23,56,15,38,0.581,7,1,UPI,0
14275,46,Female,Kolkata,Bronze,3,9170.78,2829.83,16,17,45,0.428,3,1,UPI,0
14276,21,Male,Ahmedabad,Bronze,14,35294.61,2319.62,43,9,37,0.199,2,0,Credit Card,0
14277,22,Male,Bangalore,Bronze,12,35762.15,2870.45,38,16,24,0.345,6,2,COD,0
14278,28,Female,Ahmedabad,Bronze,19,46958.11,2405.23,48,12,37,0.053,5,0,COD,0
14279,38,Female,Bangalore,Gold,17,25481.13,1478.19,43,19,34,0.212,3,0,Credit Card,0
14280,52,Male,Hyderabad,Bronze,12,29344.03,2687.64,31,17,32,0.255,4,1,UPI,0
14281,29,Female,Delhi,Bronze,13,28255.23,2473.54,24,14,40,0.505,5,3,COD,0
14282,43,Female,Ahmedabad,Gold,13,8281.12,685.91,12,15,30,0.342,4,5,Credit Card,0
14283,36,Female,Kolkata,Silver,13,36586.32,2465.08,55,13,29,0.626,11,0,UPI,0
14284,62,Male,Pune,Bronze,10,20437.11,1851.6,50,20,35,0.252,10,2,Credit Card,0
14285,24,Female,Delhi,Bronze,14,22859.17,1599.92,2,12,34,0.238,4,1,Credit Card,0
14286,64,Male,Mumbai,Bronze,9,27977.05,3077.81,43,17,26,0.104,8,2,UPI,0
14287,24,Male,Chennai,Platinum,12,28221.69,2135.33,120,9,27,0.324,6,1,Debit Card,0
14288,43,Male,Bangalore,Gold,8,17313.01,2162.72,40,22,26,0.284,3,0,UPI,0
14289,57,Male,Mumbai,Gold,13,35756.63,2280.32,98,14,36,0.301,5,1,UPI,0
14290,22,Male,Hyderabad,Platinum,15,32445.34,2170.88,42,8,30,0.058,3,2,Net Banking,0
14291,38,Female,Bangalore,Silver,13,28350.23,2112.02,33,23,34,0.607,3,0,COD,0
14292,31,Male,Pune,Bronze,9,28810.81,3510.47,85,16,32,0.34,4,0,UPI,0
14293,21,Male,Bangalore,Silver,10,14519.84,1584.18,63,20,39,0.159,2,0,Credit Card,0
14294,40,Male,Chennai,Gold,14,9257.18,636.88,34,21,31,0.368,3,2,COD,0
14295,59,Female,Ahmedabad,Gold,13,31163.74,2240.2,15,22,28,0.184,3,4,UPI,0
14296,37,Female,Kolkata,Silver,11,13782.92,1354.52,15,9,29,0.604,2,0,Credit Card,0
14297,32,Female,Ahmedabad,Silver,14,18945.87,1212.92,26,26,32,0.424,4,2,COD,0
14298,62,Female,Delhi,Platinum,18,42943.15,2185.84,55,15,34,0.269,9,0,UPI,0
14299,46,Female,Chennai,Bronze,10,21108.43,2447.21,79,14,34,0.583,5,3,COD,1
14300,25,Female,Kolkata,Gold,12,26980.05,2043.69,71,15,30,0.442,5,2,Debit Card,1
14301,58,Female,Chennai,Bronze,13,23133.85,1788.94,60,19,32,0.212,8,1,UPI,0
14302,65,Male,Delhi,Silver,15,29286.14,2019.55,29,12,29,0.194,2,1,Credit Card,0
14303,36,Male,Bangalore,Bronze,22,45073.89,2154.16,24,16,44,0.261,8,1,COD,0
14304,65,Female,Hyderabad,Silver,14,31454.15,2197.59,29,10,30,0.321,4,0,Debit Card,0
14305,56,Male,Delhi,Silver,8,4472.45,587.0,49,14,22,0.208,0,0,Credit Card,0
14306,63,Male,Delhi,Silver,11,38886.47,2986.5,67,23,32,0.304,6,2,Credit Card,0
14307,45,Female,Kolkata,Gold,18,15268.07,888.15,43,16,29,0.054,8,1,UPI,0
14308,63,Male,Pune,Gold,12,23013.05,1596.03,51,15,33,0.609,6,2,Credit Card,0
14309,44,Male,Ahmedabad,Gold,11,9161.17,801.22,110,17,35,0.427,4,5,Credit Card,1
14310,21,Female,Bangalore,Bronze,15,36594.21,2350.54,65,10,35,0.292,7,0,UPI,0
14311,32,Male,Delhi,Platinum,15,25217.58,1560.47,69,12,47,0.697,6,3,COD,1
14312,52,Female,Hyderabad,Bronze,8,16209.89,2034.56,57,15,40,0.039,2,0,Net Banking,0
14313,54,Female,Mumbai,Bronze,20,32108.54,1531.4,72,19,31,0.177,6,1,Credit Card,0
14314,18,Male,Bangalore,Bronze,5,6783.53,1251.3,30,12,44,0.355,3,1,Net Banking,0
14315,20,Male,Pune,Silver,11,3851.38,300.0,32,18,39,0.423,2,0,Credit Card,1
14316,64,Male,Chennai,Platinum,15,26655.11,1667.71,17,15,40,0.491,3,0,UPI,0
14317,41,Female,Delhi,Bronze,14,15943.87,1110.92,50,12,23,0.185,5,1,Net Banking,0
14318,44,Female,Hyderabad,Silver,17,44730.86,2667.63,34,27,33,0.231,3,3,Net Banking,0
14319,57,Female,Bangalore,Gold,10,42340.37,4072.81,70,14,33,0.118,5,0,UPI,1
14320,53,Male,Hyderabad,Silver,15,62157.37,3846.93,69,13,37,0.343,6,0,Net Banking,0
14321,51,Male,Hyderabad,Gold,7,13704.23,2126.98,24,15,37,0.22,2,1,UPI,0
14322,46,Female,Ahmedabad,Bronze,5,7668.48,1488.01,26,12,39,0.432,10,2,Debit Card,0
14323,41,Male,Kolkata,Gold,10,5085.15,445.14,17,21,29,0.438,6,2,COD,0
14324,41,Male,Chennai,Bronze,12,21031.82,1823.11,64,21,34,0.377,5,0,Credit Card,0
14325,59,Female,Pune,Platinum,7,9241.9,1379.06,51,17,35,0.405,10,1,UPI,0
14326,21,Female,Ahmedabad,Silver,9,13201.86,1536.46,42,9,32,0.596,6,6,COD,0
14327,20,Male,Bangalore,Gold,12,8346.04,731.04,41,15,25,0.605,7,2,COD,0
14328,51,Female,Delhi,Bronze,9,26475.98,2832.47,180,18,32,0.234,1,3,UPI,1
14329,40,Male,Pune,Bronze,12,32135.09,2658.3,21,15,41,0.117,7,3,Credit Card,0
14330,40,Female,Delhi,Bronze,12,14667.57,1376.08,33,19,38,0.388,7,1,Debit Card,0
14331,62,Female,Mumbai,Silver,9,27329.7,2970.27,44,12,44,0.133,6,0,Credit Card,0
14332,22,Female,Hyderabad,Bronze,11,27354.68,2253.65,46,14,36,0.487,5,0,Net Banking,0
14333,48,Male,Mumbai,Gold,13,31077.5,2677.2,106,16,29,0.31,9,1,UPI,1
14334,58,Male,Kolkata,Bronze,14,33645.06,2896.7,8,13,46,0.257,7,0,Debit Card,0
14335,23,Female,Hyderabad,Gold,10,27198.98,2528.49,24,11,33,0.381,3,1,Net Banking,0
14336,54,Female,Chennai,Bronze,7,9257.7,1461.45,45,15,31,0.185,3,2,UPI,0
14337,27,Female,Pune,Bronze,13,47066.16,3144.37,31,14,49,0.368,5,2,Debit Card,0
14338,57,Male,Delhi,Gold,11,30110.26,2895.47,44,17,37,0.506,4,2,Credit Card,0
14339,24,Female,Ahmedabad,Gold,8,20994.5,2908.62,33,20,33,0.307,6,0,UPI,1
14340,56,Female,Kolkata,Silver,22,20057.87,1003.62,84,12,36,0.132,5,0,Credit Card,0
14341,55,Female,Chennai,Bronze,16,12040.92,879.75,81,12,28,0.099,3,2,Debit Card,0
14342,38,Female,Delhi,Silver,10,35639.26,3561.56,54,18,39,0.32,2,2,Debit Card,0
14343,37,Male,Pune,Silver,17,27312.18,1625.72,86,17,35,0.079,2,1,Credit Card,0
14344,20,Male,Bangalore,Bronze,14,35193.41,2427.19,17,11,28,0.104,5,0,Net Banking,0
14345,39,Female,Kolkata,Silver,15,46346.9,3285.73,69,13,39,0.199,6,1,UPI,0
14346,64,Male,Mumbai,Silver,12,40592.21,3669.67,98,17,34,0.453,2,1,COD,0
14347,21,Male,Mumbai,Bronze,17,47056.51,2716.72,48,13,25,0.29,11,0,COD,0
14348,45,Male,Ahmedabad,Platinum,15,27645.17,1730.1,57,14,32,0.355,6,0,UPI,0
14349,29,Female,Delhi,Gold,14,25577.75,1942.02,21,11,26,0.301,3,2,Credit Card,0
14350,55,Male,Delhi,Bronze,11,28290.12,2533.63,27,19,30,0.904,4,0,Credit Card,0
14351,53,Male,Delhi,Silver,7,17360.52,2357.4,31,13,39,0.145,5,2,Debit Card,0
14352,64,Male,Kolkata,Bronze,12,18403.31,1555.61,91,16,39,0.33,6,2,COD,1
14353,58,Female,Pune,Gold,11,2730.44,300.0,10,16,28,0.187,3,1,Net Banking,0
14354,22,Female,Bangalore,Silver,15,26190.96,1537.69,47,17,36,0.201,0,1,UPI,0
14355,30,Male,Mumbai,Bronze,12,24361.31,2008.31,50,16,27,0.225,6,3,Debit Card,0
14356,40,Male,Chennai,Bronze,14,34061.21,2191.33,58,20,25,0.463,6,2,COD,0
14357,47,Female,Hyderabad,Bronze,19,66334.56,3736.03,107,24,42,0.097,7,2,Credit Card,0
14358,54,Female,Kolkata,Silver,18,58426.56,3160.4,25,12,32,0.253,3,2,UPI,1
14359,42,Male,Kolkata,Gold,11,20301.85,1784.53,47,7,35,0.234,5,3,Debit Card,0
14360,65,Male,Pune,Bronze,16,41483.92,2653.38,61,20,36,0.206,9,2,Credit Card,0
14361,44,Female,Mumbai,Bronze,20,6886.0,300.0,121,7,38,0.357,5,0,UPI,1
14362,31,Female,Ahmedabad,Bronze,15,52380.77,3303.49,13,14,39,0.248,5,1,UPI,0
14363,65,Male,Bangalore,Bronze,13,23843.37,1753.28,57,10,41,0.307,4,1,Credit Card,1
14364,64,Female,Pune,Silver,12,27629.77,2368.46,17,20,32,0.29,6,2,UPI,0
14365,53,Male,Chennai,Silver,15,34697.31,2226.84,90,9,43,0.366,6,0,Debit Card,0
14366,56,Male,Mumbai,Gold,12,35607.61,3123.61,10,9,24,0.821,3,3,COD,0
14367,33,Male,Pune,Platinum,16,31637.94,1886.19,76,19,22,0.149,8,2,UPI,1
14368,39,Female,Mumbai,Platinum,17,46989.17,2940.6,12,16,40,0.428,5,0,Net Banking,0
14369,38,Male,Mumbai,Silver,11,27928.82,2528.2,34,18,40,0.475,3,1,UPI,0
14370,38,Male,Ahmedabad,Gold,13,30648.57,2310.32,20,16,38,0.357,4,2,UPI,0
14371,25,Female,Kolkata,Platinum,12,27090.81,2102.72,25,15,38,0.179,3,3,Credit Card,0
14372,33,Female,Bangalore,Bronze,9,17088.63,1741.56,15,15,34,0.128,12,0,Debit Card,0
14373,48,Male,Kolkata,Bronze,15,26836.97,2050.76,65,13,40,0.177,6,4,COD,1
14374,59,Male,Hyderabad,Bronze,11,19428.51,1855.96,27,14,35,0.312,4,1,Credit Card,1
14375,27,Female,Bangalore,Silver,13,35567.61,2576.93,47,12,30,0.144,7,2,UPI,0
14376,49,Female,Mumbai,Gold,10,12020.89,1178.99,59,18,40,0.178,4,0,Net Banking,1
14377,51,Female,Pune,Silver,11,24414.12,2264.87,54,20,33,0.368,4,0,UPI,0
14378,26,Male,Chennai,Silver,10,37212.81,3564.6,101,14,36,0.472,5,4,Debit Card,1
14379,34,Male,Ahmedabad,Silver,18,31872.18,1804.08,79,19,41,0.092,10,2,COD,0
14380,28,Male,Bangalore,Bronze,10,26464.93,2594.49,130,24,30,0.502,6,3,COD,1
14381,49,Female,Hyderabad,Bronze,21,6263.62,300.0,24,18,32,0.316,4,1,UPI,0
14382,27,Male,Mumbai,Bronze,9,8299.27,777.34,73,11,34,0.326,3,2,UPI,0
14383,39,Female,Chennai,Bronze,17,38310.51,2080.3,65,20,34,0.118,2,1,Net Banking,0
14384,34,Male,Bangalore,Gold,10,20081.34,2132.24,45,16,37,0.373,6,4,UPI,0
14385,21,Female,Kolkata,Gold,13,30865.99,2237.21,54,19,36,0.153,2,0,Credit Card,0
14386,65,Male,Kolkata,Gold,11,47714.02,4171.71,19,13,32,0.524,1,1,COD,0
14387,64,Male,Bangalore,Gold,21,31765.88,1675.37,16,17,38,0.073,3,3,UPI,0
14388,42,Female,Bangalore,Gold,9,21382.92,2275.97,64,15,40,0.457,4,2,Net Banking,0
14389,38,Female,Bangalore,Gold,15,20673.26,1555.26,49,21,40,0.262,6,5,UPI,0
14390,54,Male,Chennai,Gold,9,26604.15,2863.2,32,10,36,0.312,5,3,Credit Card,0
14391,55,Female,Kolkata,Gold,16,18994.83,1164.68,25,11,36,0.639,3,0,UPI,0
14392,18,Female,Pune,Silver,16,26590.27,1570.9,146,12,34,0.489,9,2,UPI,1
14393,42,Male,Hyderabad,Silver,16,20272.2,1388.68,12,9,44,0.642,4,1,UPI,0
14394,53,Female,Hyderabad,Gold,13,37665.52,2941.33,45,16,25,0.46,2,1,Credit Card,0
14395,34,Male,Ahmedabad,Bronze,7,15374.82,2313.39,49,20,41,0.665,4,0,COD,0
14396,58,Male,Mumbai,Silver,10,25055.3,2455.15,56,13,31,0.634,3,1,Debit Card,1
14397,41,Female,Delhi,Silver,12,24096.81,2025.47,12,12,46,0.13,3,2,COD,0
14398,19,Female,Pune,Bronze,16,56032.39,3288.34,15,13,23,0.237,6,0,Debit Card,0
14399,57,Male,Kolkata,Platinum,16,34242.31,2060.56,76,14,28,0.049,4,0,Debit Card,1
14400,32,Male,Mumbai,Bronze,12,44898.63,3968.79,59,21,41,0.192,5,1,UPI,0
14401,49,Male,Ahmedabad,Bronze,17,60374.75,3342.5,64,15,31,0.517,4,1,Debit Card,0
14402,56,Male,Mumbai,Bronze,8,6918.23,871.74,71,13,32,0.485,4,2,Credit Card,0
14403,23,Male,Bangalore,Gold,16,44027.25,2774.68,40,20,33,0.034,6,2,COD,0
14404,18,Male,Delhi,Silver,13,42805.56,3341.04,92,19,41,0.229,6,3,Credit Card,1
14405,64,Female,Kolkata,Silver,10,20300.32,1833.04,71,10,37,0.713,3,3,UPI,1
14406,40,Female,Delhi,Gold,14,35824.31,2570.31,23,18,31,0.533,5,0,UPI,0
14407,56,Female,Pune,Bronze,13,10776.97,869.89,49,19,33,0.371,2,1,Credit Card,0
14408,34,Male,Delhi,Bronze,12,16020.27,1303.59,45,16,32,0.421,6,1,UPI,1
14409,51,Female,Mumbai,Bronze,17,30531.87,1973.53,81,21,50,0.603,4,2,Debit Card,0
14410,58,Male,Delhi,Gold,9,9386.19,980.98,14,13,33,0.292,6,4,COD,0
14411,46,Male,Delhi,Silver,13,33540.0,2249.67,5,29,31,0.364,3,0,COD,0
14412,26,Female,Hyderabad,Bronze,14,40083.66,2785.34,46,21,37,0.644,4,0,Debit Card,1
14413,30,Male,Kolkata,Bronze,12,17172.41,1375.68,34,16,35,0.104,7,1,UPI,0
14414,23,Male,Kolkata,Bronze,10,8440.6,993.53,42,16,28,0.068,7,1,Credit Card,0
14415,23,Male,Mumbai,Silver,10,8631.72,779.02,57,14,35,0.368,2,1,COD,0
14416,37,Male,Chennai,Bronze,9,30206.33,3291.17,62,16,28,0.178,1,2,Debit Card,0
14417,20,Male,Delhi,Bronze,6,3504.05,632.14,2,21,35,0.369,10,1,Debit Card,0
14418,34,Male,Delhi,Silver,9,21418.59,2466.22,75,8,31,0.26,2,2,Debit Card,1
14419,29,Female,Bangalore,Gold,5,16220.92,3375.3,64,17,32,0.45,4,1,UPI,0
14420,65,Male,Kolkata,Gold,11,13800.78,1319.83,7,13,51,0.371,7,1,Debit Card,0
14421,64,Male,Delhi,Silver,9,13753.13,1440.43,58,15,28,0.168,4,0,UPI,1
14422,62,Male,Kolkata,Gold,10,22875.16,2358.11,58,13,34,0.144,9,1,Credit Card,0
14423,18,Male,Delhi,Silver,15,31947.25,2416.6,70,23,36,0.439,4,2,Credit Card,1
14424,34,Female,Hyderabad,Platinum,20,30303.72,1751.42,20,10,38,0.406,6,3,UPI,0
14425,20,Female,Mumbai,Bronze,14,23488.68,1932.66,26,15,36,0.521,3,1,Debit Card,0
14426,43,Male,Kolkata,Silver,16,36683.59,2281.77,40,14,39,0.796,4,0,Debit Card,0
14427,32,Male,Pune,Silver,15,26133.63,1836.34,16,16,42,0.33,5,1,Credit Card,0
14428,53,Male,Mumbai,Bronze,14,23502.45,1866.63,85,21,39,0.491,6,3,Credit Card,1
14429,49,Female,Bangalore,Gold,12,49808.08,3948.16,59,15,45,0.248,4,2,Credit Card,0
14430,49,Female,Mumbai,Bronze,12,38073.14,3112.09,57,13,36,0.632,4,2,COD,1
14431,21,Female,Delhi,Silver,9,25491.0,3182.78,10,15,30,0.116,4,3,Debit Card,0
14432,35,Female,Bangalore,Silver,8,12857.29,1893.05,22,18,30,0.38,6,4,Credit Card,0
14433,36,Male,Mumbai,Bronze,8,5344.72,653.11,44,8,28,0.517,12,4,Net Banking,1
14434,60,Female,Ahmedabad,Silver,9,37657.61,4428.48,62,15,36,0.181,3,4,COD,0
14435,52,Female,Bangalore,Silver,11,19751.18,1644.9,45,17,45,0.222,3,1,UPI,0
14436,57,Male,Ahmedabad,Gold,6,16396.48,2478.35,58,15,38,0.511,4,2,UPI,0
14437,31,Male,Pune,Gold,10,28231.63,2905.34,37,22,41,0.355,4,1,UPI,0
14438,50,Female,Mumbai,Bronze,18,31649.85,1677.58,16,12,39,0.37,5,2,Credit Card,0
14439,31,Female,Kolkata,Silver,9,31658.54,3011.33,22,15,34,0.321,5,2,UPI,0
14440,51,Female,Kolkata,Platinum,10,19053.67,2208.11,106,10,33,0.742,6,3,COD,1
14441,21,Female,Chennai,Bronze,13,23455.08,1962.83,21,19,29,0.242,5,0,UPI,0
14442,41,Male,Delhi,Silver,8,14516.61,1677.2,70,16,38,0.352,3,1,UPI,0
14443,46,Male,Ahmedabad,Gold,11,14786.16,1303.07,51,15,37,0.249,4,1,Credit Card,0
14444,36,Female,Bangalore,Silver,14,7960.58,523.46,48,11,36,0.365,9,3,Debit Card,0
14445,23,Female,Chennai,Bronze,11,48369.31,4732.4,82,14,38,0.428,1,1,Credit Card,0
14446,50,Female,Chennai,Silver,20,62730.06,3511.61,78,10,32,0.54,5,4,UPI,1
14447,57,Female,Hyderabad,Silver,11,24048.8,2292.65,19,14,27,0.174,9,3,UPI,1
14448,36,Female,Ahmedabad,Platinum,16,53651.03,3604.02,79,27,38,0.239,9,1,UPI,0
14449,18,Male,Bangalore,Bronze,14,50378.19,3486.28,58,21,35,0.082,5,0,COD,0
14450,22,Male,Chennai,Platinum,4,11377.4,2736.89,19,13,33,0.068,4,2,UPI,0
14451,44,Male,Hyderabad,Silver,10,19800.94,1889.5,39,10,40,0.589,5,1,Net Banking,0
14452,33,Female,Chennai,Bronze,16,46853.79,3166.73,30,11,41,0.617,5,2,UPI,0
14453,23,Female,Delhi,Silver,13,40334.18,3017.75,26,11,42,0.366,7,0,UPI,0
14454,57,Male,Pune,Silver,14,39797.81,2912.05,35,14,37,0.462,5,4,Net Banking,0
14455,30,Male,Ahmedabad,Bronze,12,22626.99,1896.5,71,20,33,0.245,3,3,Debit Card,0
14456,65,Female,Hyderabad,Bronze,15,40412.46,2541.05,26,16,35,0.36,5,2,Net Banking,0
14457,52,Male,Pune,Gold,11,25003.56,2446.07,60,16,34,0.235,3,1,UPI,0
14458,36,Female,Bangalore,Platinum,16,29921.26,1857.35,53,13,31,0.496,4,2,COD,0
14459,29,Female,Delhi,Bronze,15,39741.73,2532.98,75,16,38,0.389,3,1,Debit Card,0
14460,33,Male,Hyderabad,Bronze,9,30593.77,3327.5,20,11,40,0.337,2,3,UPI,1
14461,60,Male,Bangalore,Gold,11,38247.6,3573.01,79,11,31,0.325,4,1,COD,0
14462,27,Male,Chennai,Silver,11,27730.72,2649.5,88,19,26,0.496,2,3,Credit Card,0
14463,42,Female,Kolkata,Bronze,14,30790.17,2050.57,25,14,35,0.485,2,1,Credit Card,0
14464,37,Female,Mumbai,Platinum,11,29120.03,2969.24,4,14,33,0.143,7,2,Net Banking,0
14465,48,Male,Bangalore,Bronze,13,16662.87,1415.13,59,14,33,0.408,2,2,Credit Card,0
14466,21,Female,Pune,Silver,12,21868.65,1860.61,83,20,20,0.318,5,1,Credit Card,0
14467,61,Female,Delhi,Silver,8,25669.03,3347.65,72,13,34,0.507,9,1,UPI,1
14468,40,Female,Delhi,Silver,8,26385.36,3884.59,51,10,37,0.389,3,1,Credit Card,1
14469,19,Male,Bangalore,Bronze,16,52273.86,3225.92,29,19,28,0.344,5,2,UPI,0
14470,39,Female,Chennai,Gold,11,20754.04,2126.57,56,17,33,0.3,8,0,Debit Card,1
14471,54,Male,Mumbai,Platinum,12,3312.53,300.0,21,11,27,0.67,7,0,Credit Card,0
14472,25,Male,Ahmedabad,Silver,15,42291.39,2905.58,123,15,49,0.591,4,1,COD,1
14473,24,Female,Pune,Silver,12,30502.48,2671.31,65,16,35,0.362,4,1,COD,0
14474,31,Male,Bangalore,Bronze,12,32475.97,2697.22,57,13,31,0.649,7,1,Debit Card,0
14475,20,Female,Bangalore,Platinum,14,12567.76,909.35,9,19,36,0.089,5,0,UPI,0
14476,33,Male,Kolkata,Platinum,16,30401.67,1902.45,27,21,39,0.191,4,1,Credit Card,0
14477,36,Male,Delhi,Gold,12,43258.48,3878.77,20,11,33,0.173,6,0,UPI,0
14478,35,Female,Pune,Silver,12,14615.76,1278.51,50,14,39,0.345,6,2,Net Banking,0
14479,33,Male,Mumbai,Platinum,7,19669.78,2720.54,50,12,39,0.242,2,1,Credit Card,0
14480,25,Male,Delhi,Bronze,10,12668.84,1609.41,45,12,30,0.084,5,0,Credit Card,0
14481,50,Male,Bangalore,Silver,8,21820.73,2656.73,78,18,35,0.606,6,2,COD,0
14482,29,Female,Delhi,Silver,8,14885.31,2020.93,13,21,36,0.643,5,2,Credit Card,0
14483,28,Female,Delhi,Silver,12,39021.59,3285.85,24,15,38,0.641,2,0,UPI,0
14484,22,Male,Hyderabad,Gold,13,31589.23,2237.13,31,11,41,0.437,2,2,Net Banking,0
14485,44,Male,Delhi,Gold,14,41307.64,3095.23,25,17,36,0.397,6,2,UPI,0
14486,29,Male,Chennai,Bronze,6,26044.06,4100.13,41,14,32,0.274,6,2,Credit Card,0
14487,34,Female,Delhi,Bronze,10,37764.97,3087.48,22,11,33,0.342,8,2,Debit Card,0
14488,23,Female,Ahmedabad,Bronze,12,34269.29,2718.91,20,9,30,0.179,2,2,UPI,0
14489,50,Male,Chennai,Silver,18,55460.57,3241.58,11,16,35,0.278,5,2,Credit Card,0
14490,22,Female,Pune,Bronze,7,18253.63,2706.38,7,15,29,0.508,3,1,UPI,0
14491,45,Female,Delhi,Bronze,10,15612.18,1652.81,23,20,31,0.299,5,1,UPI,0
14492,31,Female,Mumbai,Gold,18,21977.17,1438.71,55,10,37,0.316,11,2,COD,0
14493,22,Female,Chennai,Gold,10,22124.99,2821.13,72,10,38,0.102,5,1,UPI,0
14494,50,Male,Chennai,Platinum,10,15072.65,1637.23,67,17,38,0.419,6,2,Credit Card,0
14495,65,Female,Bangalore,Platinum,15,25265.14,1549.9,59,12,31,0.479,3,1,UPI,0
14496,58,Female,Pune,Gold,16,26615.36,2028.45,42,21,41,0.408,5,2,Credit Card,0
14497,36,Male,Delhi,Bronze,4,2595.07,646.5,86,20,54,0.424,4,1,Debit Card,0
14498,39,Male,Kolkata,Gold,20,34752.54,1611.5,57,21,27,0.465,7,1,Credit Card,0
14499,22,Female,Mumbai,Silver,9,14727.41,1537.98,18,11,33,0.623,5,2,Credit Card,0
14500,19,Female,Bangalore,Gold,14,54691.7,4415.77,106,21,36,0.477,5,5,Net Banking,1
14501,47,Male,Pune,Silver,14,40221.12,2876.0,40,19,30,0.103,7,0,UPI,0
14502,64,Male,Ahmedabad,Gold,7,10802.84,1820.78,75,18,44,0.45,4,2,Debit Card,0
14503,56,Male,Chennai,Silver,10,14492.9,1509.81,26,14,21,0.395,5,1,UPI,0
14504,21,Female,Mumbai,Bronze,7,1956.52,300.0,36,21,32,0.608,5,1,COD,0
14505,50,Female,Ahmedabad,Silver,12,9668.24,881.81,53,12,37,0.331,7,1,Debit Card,1
14506,30,Male,Delhi,Bronze,10,6190.77,705.9,75,12,50,0.302,3,3,COD,1
14507,37,Female,Kolkata,Platinum,13,15969.92,1320.98,56,14,34,0.606,7,2,Debit Card,0
14508,24,Male,Hyderabad,Silver,11,23838.91,2190.68,48,11,48,0.049,4,0,UPI,0
14509,32,Female,Hyderabad,Silver,10,21950.4,2030.94,51,13,27,0.157,2,3,Debit Card,0
14510,40,Male,Pune,Platinum,9,12121.59,1396.33,13,15,32,0.089,6,1,Credit Card,0
14511,31,Male,Kolkata,Silver,20,45812.04,2154.19,74,11,36,0.458,7,0,Credit Card,1
14512,40,Female,Mumbai,Bronze,10,9096.83,910.17,25,13,40,0.119,7,2,Credit Card,0
14513,36,Female,Bangalore,Bronze,18,46669.51,2599.76,58,26,33,0.381,6,0,Debit Card,0
14514,46,Female,Mumbai,Silver,8,24137.29,2887.57,83,13,39,0.186,6,2,Credit Card,0
14515,37,Female,Kolkata,Gold,18,52130.93,2643.6,60,12,23,0.174,5,3,Credit Card,0
14516,46,Female,Ahmedabad,Gold,12,39995.98,3184.52,55,7,33,0.57,4,1,COD,0
14517,41,Female,Chennai,Platinum,7,5591.65,834.38,59,8,37,0.372,5,2,Debit Card,0
14518,35,Male,Hyderabad,Bronze,14,33853.44,2235.81,88,17,32,0.28,3,0,UPI,0
14519,27,Female,Pune,Bronze,12,16757.72,1342.5,50,11,27,0.124,6,1,UPI,0
14520,58,Male,Delhi,Bronze,12,14337.02,1163.36,9,19,43,0.915,9,0,COD,0
14521,25,Male,Mumbai,Gold,18,15215.38,926.85,21,8,34,0.404,2,0,Debit Card,0
14522,43,Female,Hyderabad,Bronze,7,27197.67,4430.6,25,9,32,0.112,7,3,Credit Card,0
14523,46,Male,Bangalore,Bronze,8,24022.27,3020.18,21,15,29,0.434,5,2,Credit Card,0
14524,27,Male,Pune,Silver,17,58684.23,3660.27,32,24,23,0.292,2,2,Credit Card,0
14525,34,Female,Delhi,Silver,13,34068.83,2517.49,20,13,44,0.387,11,0,UPI,0
14526,19,Female,Mumbai,Gold,12,18147.45,1454.91,58,15,30,0.111,2,0,UPI,0
14527,23,Female,Bangalore,Silver,15,45514.69,2804.68,29,12,37,0.196,4,1,UPI,0
14528,22,Male,Delhi,Silver,16,73924.07,4308.43,74,16,37,0.577,6,1,UPI,0
14529,45,Female,Chennai,Silver,14,40405.41,2672.2,33,12,33,0.363,5,1,Debit Card,0
14530,58,Female,Hyderabad,Gold,14,30023.77,2098.7,14,12,36,0.384,5,1,UPI,0
14531,22,Female,Chennai,Silver,13,29261.59,2444.43,12,18,38,0.386,4,4,UPI,0
14532,35,Female,Hyderabad,Bronze,11,39595.79,3203.88,49,25,36,0.218,2,3,Debit Card,0
14533,43,Male,Bangalore,Bronze,14,32023.17,2185.55,82,20,36,0.277,2,0,Credit Card,0
14534,37,Female,Ahmedabad,Bronze,10,21725.18,2094.93,20,17,37,0.586,4,1,Credit Card,0
14535,58,Male,Chennai,Gold,14,24050.64,1590.15,104,26,41,0.574,6,4,Credit Card,1
14536,44,Female,Hyderabad,Bronze,19,43258.94,2519.25,46,15,36,0.284,4,2,Credit Card,0
14537,29,Male,Pune,Platinum,11,11170.72,1057.8,37,15,36,0.205,4,2,COD,0
14538,24,Male,Bangalore,Bronze,9,14532.47,1853.75,14,23,31,0.465,6,0,Credit Card,0
14539,20,Male,Hyderabad,Platinum,6,11825.83,2084.37,74,15,37,0.346,5,0,UPI,0
14540,27,Female,Mumbai,Gold,14,16421.17,1246.01,38,19,36,0.109,7,1,COD,0
14541,51,Male,Hyderabad,Silver,8,15415.66,2179.7,52,16,47,0.231,4,0,Credit Card,1
14542,42,Female,Chennai,Gold,13,39458.76,3058.12,14,18,30,0.174,3,1,UPI,0
14543,52,Female,Pune,Bronze,8,32145.22,3505.47,28,12,35,0.215,2,2,UPI,1
14544,33,Female,Delhi,Silver,10,18496.33,1986.99,50,19,41,0.342,9,1,Credit Card,0
14545,19,Female,Ahmedabad,Bronze,15,28846.35,1790.48,71,15,37,0.152,3,1,Credit Card,1
14546,41,Female,Delhi,Silver,14,26570.78,1965.2,55,14,36,0.396,5,7,UPI,0
14547,27,Male,Hyderabad,Gold,22,63676.55,2763.15,20,17,30,0.321,4,3,Credit Card,0
14548,55,Female,Delhi,Bronze,7,11299.29,1638.54,15,14,34,0.106,2,2,Debit Card,0
14549,39,Male,Hyderabad,Gold,7,10545.53,1637.23,54,14,48,0.145,3,4,Debit Card,0
14550,43,Male,Pune,Silver,9,23400.6,2443.93,37,24,45,0.35,1,1,Credit Card,0
14551,60,Male,Delhi,Silver,20,51826.79,2666.92,17,17,33,0.541,5,5,Credit Card,0
14552,56,Male,Chennai,Platinum,9,21337.72,2380.79,32,15,42,0.231,7,0,Debit Card,0
14553,44,Male,Chennai,Gold,14,33123.24,2311.55,97,21,37,0.172,9,0,Credit Card,1
14554,46,Male,Mumbai,Silver,18,28794.72,1764.0,116,17,35,0.208,11,1,Credit Card,0
14555,64,Male,Hyderabad,Gold,14,29415.11,2218.31,47,12,24,0.758,4,3,Net Banking,0
14556,55,Female,Delhi,Platinum,12,3709.3,300.0,85,16,37,0.497,3,2,Debit Card,0
14557,37,Male,Chennai,Bronze,10,34293.31,3594.8,82,21,44,0.327,4,1,Debit Card,1
14558,44,Female,Kolkata,Silver,11,21733.21,2345.01,28,11,38,0.187,8,1,COD,0
14559,58,Male,Pune,Silver,10,45238.54,4093.58,18,10,37,0.237,3,2,Net Banking,0
14560,37,Male,Ahmedabad,Bronze,13,39520.24,3359.77,16,19,35,0.215,2,1,Debit Card,0
14561,61,Male,Pune,Bronze,10,14002.25,1466.41,55,14,35,0.489,3,1,Credit Card,1
14562,36,Male,Kolkata,Bronze,11,21516.12,1872.31,6,15,41,0.334,6,1,Credit Card,0
14563,37,Female,Kolkata,Silver,14,19706.17,1208.0,125,15,32,0.276,4,5,COD,1
14564,52,Female,Mumbai,Platinum,10,13736.48,1597.38,27,17,41,0.524,2,1,Net Banking,0
14565,64,Female,Pune,Gold,11,8744.03,792.54,28,14,33,0.098,7,2,UPI,0
14566,19,Male,Pune,Silver,13,18360.89,1368.75,102,18,32,0.386,4,0,Debit Card,0
14567,47,Male,Delhi,Bronze,15,20207.9,1268.41,41,13,40,0.306,12,1,Credit Card,0
14568,51,Male,Hyderabad,Bronze,15,40537.31,2993.38,45,13,30,0.114,6,1,Credit Card,0
14569,39,Female,Bangalore,Silver,14,10045.38,741.5,75,14,30,0.292,4,3,Credit Card,0
14570,20,Male,Ahmedabad,Silver,15,69215.11,4203.29,47,15,35,0.281,4,1,UPI,0
14571,23,Female,Pune,Bronze,11,23893.84,1910.42,102,17,34,0.397,4,2,Credit Card,0
14572,32,Female,Ahmedabad,Silver,10,33427.45,3412.41,38,14,31,0.534,6,2,Net Banking,0
14573,44,Male,Ahmedabad,Platinum,17,20859.64,1332.24,92,22,39,0.652,6,2,UPI,1
14574,27,Male,Ahmedabad,Gold,13,39620.74,2900.34,67,16,37,0.459,5,2,Net Banking,1
14575,26,Female,Pune,Gold,15,12362.73,878.4,27,13,24,0.341,8,3,UPI,0
14576,50,Female,Bangalore,Gold,9,6496.35,873.36,30,27,31,0.255,8,1,Credit Card,0
14577,49,Female,Pune,Bronze,8,28115.51,3185.04,78,11,32,0.596,6,3,Debit Card,1
14578,65,Male,Delhi,Bronze,8,16474.82,2090.27,39,16,33,0.248,1,0,Debit Card,0
14579,23,Male,Delhi,Gold,6,12295.21,2021.6,19,13,37,0.146,8,0,UPI,0
14580,58,Male,Bangalore,Gold,9,12554.45,1297.05,91,16,36,0.048,4,2,UPI,0
14581,53,Male,Chennai,Silver,13,19117.0,1415.89,90,17,29,0.28,3,1,Credit Card,0
14582,19,Male,Pune,Bronze,9,7548.91,763.59,30,10,23,0.538,7,4,Net Banking,0
14583,46,Male,Chennai,Silver,9,15813.09,1729.02,6,17,37,0.553,8,0,UPI,0
14584,21,Female,Ahmedabad,Bronze,9,21523.38,2430.6,65,17,35,0.599,3,0,Credit Card,0
14585,18,Female,Pune,Bronze,12,27110.57,2271.31,36,16,40,0.086,4,2,Credit Card,0
14586,36,Female,Hyderabad,Bronze,9,22106.86,2280.79,42,10,36,0.601,3,3,Credit Card,1
14587,43,Male,Pune,Silver,11,3988.13,352.27,84,12,42,0.397,4,1,Debit Card,1
14588,42,Female,Delhi,Bronze,14,38686.45,2377.05,28,10,31,0.35,6,0,UPI,0
14589,27,Male,Mumbai,Bronze,14,28378.53,1913.05,19,15,39,0.062,5,1,UPI,0
14590,32,Male,Kolkata,Gold,8,13104.54,1492.61,63,16,29,0.438,7,0,Net Banking,0
14591,39,Female,Mumbai,Silver,16,18512.69,1088.39,19,19,41,0.718,5,5,Credit Card,1
14592,65,Male,Mumbai,Silver,7,18770.91,2797.55,28,14,47,0.635,7,2,UPI,0
14593,38,Female,Mumbai,Silver,10,2402.95,300.0,12,20,31,0.14,6,5,UPI,0
14594,39,Female,Kolkata,Platinum,13,15239.42,1089.95,65,10,30,0.163,4,1,UPI,0
14595,53,Male,Chennai,Bronze,14,33258.02,2332.42,36,11,27,0.497,5,3,UPI,0
14596,51,Female,Kolkata,Bronze,10,18072.25,1737.31,59,18,41,0.456,7,1,Net Banking,1
14597,47,Female,Chennai,Silver,15,37698.86,2540.38,27,12,23,0.148,3,0,Credit Card,0
14598,42,Female,Kolkata,Bronze,16,35781.24,2286.73,64,16,35,0.322,2,0,Credit Card,1
14599,62,Female,Kolkata,Silver,8,10519.95,1588.7,36,9,33,0.23,8,0,UPI,0
14600,45,Male,Pune,Silver,5,3286.73,676.48,25,10,39,0.212,8,2,Credit Card,0
14601,18,Female,Chennai,Platinum,8,22669.88,2877.83,47,16,31,0.5,3,0,Debit Card,1
14602,62,Female,Pune,Platinum,19,36722.85,2044.39,155,19,35,0.251,9,3,Credit Card,1
14603,21,Female,Hyderabad,Platinum,12,12022.28,1016.2,43,21,28,0.676,3,2,Net Banking,0
14604,24,Male,Pune,Bronze,11,3535.5,310.6,27,13,31,0.496,6,1,Debit Card,0
14605,26,Female,Mumbai,Gold,9,23365.52,2499.28,36,18,36,0.144,8,3,COD,0
14606,53,Male,Bangalore,Bronze,12,19588.81,1628.2,19,11,42,0.642,5,1,Debit Card,0
14607,36,Female,Bangalore,Silver,14,14721.49,1168.94,28,17,29,0.358,3,2,COD,0
14608,18,Female,Delhi,Gold,10,30201.61,3260.26,43,21,35,0.332,4,0,Credit Card,0
14609,27,Female,Delhi,Bronze,8,4387.61,512.53,26,17,27,0.272,5,0,COD,0
14610,53,Male,Ahmedabad,Silver,6,11756.31,1975.19,65,12,40,0.055,6,3,COD,0
14611,26,Male,Pune,Bronze,6,14934.99,2852.24,36,18,29,0.192,6,3,Credit Card,0
14612,62,Male,Kolkata,Bronze,8,22756.55,2639.75,60,20,37,0.119,8,1,UPI,0
14613,63,Male,Kolkata,Platinum,15,15770.05,1026.88,29,15,24,0.132,4,6,Debit Card,0
14614,59,Male,Bangalore,Bronze,14,52781.43,3385.6,38,18,31,0.365,7,0,UPI,1
14615,49,Male,Mumbai,Bronze,10,42866.58,3477.89,87,14,45,0.71,8,0,Debit Card,1
14616,49,Female,Chennai,Silver,11,34073.42,3121.98,47,16,39,0.486,5,0,Credit Card,0
14617,23,Male,Mumbai,Gold,15,20359.3,1420.0,12,18,35,0.677,6,1,Debit Card,0
14618,65,Female,Ahmedabad,Bronze,10,21654.12,1997.22,92,11,40,0.678,5,1,Credit Card,1
14619,55,Male,Mumbai,Silver,11,37239.14,3332.26,95,19,28,0.447,6,2,COD,0
14620,34,Male,Pune,Platinum,14,35389.79,2599.7,10,9,36,0.228,7,1,Debit Card,0
14621,27,Male,Pune,Bronze,14,23918.28,1625.62,33,17,27,0.484,3,1,COD,0
14622,44,Female,Hyderabad,Bronze,11,21330.6,2008.53,106,16,30,0.133,4,2,UPI,1
14623,52,Male,Ahmedabad,Gold,8,6858.97,827.71,90,12,31,0.502,6,1,Net Banking,1
14624,38,Male,Mumbai,Silver,11,38005.37,3234.28,47,18,26,0.422,5,2,Credit Card,0
14625,42,Female,Kolkata,Gold,9,18177.55,2108.27,6,11,32,0.142,8,2,Net Banking,0
14626,45,Female,Kolkata,Bronze,15,50675.75,3768.69,121,14,41,0.613,0,1,Credit Card,1
14627,64,Female,Ahmedabad,Platinum,7,3704.32,556.62,89,14,34,0.583,4,3,COD,0
14628,32,Female,Mumbai,Platinum,20,24858.41,1325.64,151,12,38,0.482,4,3,COD,1
14629,21,Male,Pune,Bronze,15,31410.97,2152.47,17,15,35,0.103,5,3,Credit Card,0
14630,46,Female,Pune,Bronze,22,83767.12,4235.22,36,12,28,0.297,3,0,Credit Card,0
14631,26,Male,Hyderabad,Platinum,15,34715.57,2269.91,117,6,40,0.081,4,0,Debit Card,0
14632,44,Male,Hyderabad,Silver,10,17308.47,1516.18,14,12,33,0.199,4,4,UPI,0
14633,43,Female,Delhi,Silver,8,18552.91,2216.0,27,16,44,0.42,6,0,Credit Card,0
14634,36,Male,Ahmedabad,Silver,10,15834.4,1591.76,78,15,33,0.498,4,2,UPI,1
14635,45,Female,Bangalore,Gold,8,27107.31,3051.69,56,23,36,0.156,5,4,Debit Card,0
14636,34,Male,Mumbai,Gold,15,44792.15,2975.21,24,17,44,0.458,4,0,Net Banking,0
14637,60,Female,Ahmedabad,Bronze,14,55137.38,3649.23,18,16,44,0.223,6,1,UPI,0
14638,58,Female,Kolkata,Bronze,14,9993.8,722.06,83,12,43,0.403,3,2,Credit Card,0
14639,59,Female,Mumbai,Gold,13,8353.79,575.44,23,20,30,0.38,2,1,COD,0
14640,37,Female,Hyderabad,Gold,16,33100.0,1990.37,28,22,34,0.318,2,2,COD,0
14641,62,Female,Hyderabad,Silver,11,33458.95,2934.24,37,14,30,0.497,5,0,COD,0
14642,57,Female,Delhi,Platinum,18,62686.06,3122.17,89,16,40,0.281,5,2,Debit Card,0
14643,56,Male,Bangalore,Gold,13,30422.37,2416.06,147,26,42,0.256,6,3,Credit Card,1
14644,40,Male,Delhi,Bronze,12,32858.93,2932.64,43,14,34,0.038,8,2,UPI,0
14645,64,Male,Kolkata,Gold,20,73448.18,3563.49,21,19,35,0.169,4,0,Net Banking,0
14646,49,Female,Bangalore,Silver,8,12058.17,1491.01,5,13,42,0.139,3,2,Debit Card,0
14647,64,Male,Chennai,Bronze,18,67254.0,3520.39,50,18,33,0.465,7,3,Credit Card,0
14648,50,Female,Mumbai,Bronze,12,39504.1,3547.82,49,12,28,0.186,4,3,Credit Card,1
14649,63,Male,Delhi,Gold,13,25650.07,1703.23,3,6,30,0.374,2,1,COD,0
14650,22,Male,Hyderabad,Platinum,13,20024.73,1345.76,27,10,32,0.627,1,1,UPI,0
14651,60,Female,Delhi,Bronze,13,38290.63,2882.06,44,18,34,0.118,2,0,COD,0
14652,65,Male,Chennai,Bronze,10,43813.66,3991.6,46,18,34,0.803,1,2,Credit Card,1
14653,51,Male,Delhi,Silver,10,13995.78,1439.98,50,12,38,0.572,8,1,Debit Card,0
14654,57,Male,Mumbai,Gold,14,55896.84,3928.29,24,14,38,0.472,4,0,Debit Card,0
14655,28,Female,Chennai,Gold,17,23269.76,1335.57,26,15,25,0.498,3,0,UPI,0
14656,20,Male,Ahmedabad,Silver,13,26288.34,2002.04,33,11,37,0.536,5,2,Net Banking,0
14657,50,Female,Ahmedabad,Silver,8,9099.68,1183.49,72,21,36,0.075,5,1,Credit Card,0
14658,28,Male,Ahmedabad,Bronze,14,34404.31,2587.68,72,19,30,0.24,8,3,Debit Card,0
14659,33,Male,Hyderabad,Silver,7,15023.9,2322.09,35,16,39,0.286,5,2,Debit Card,0
14660,35,Male,Hyderabad,Bronze,9,20930.23,2244.7,59,15,42,0.461,11,2,Credit Card,1
14661,47,Male,Ahmedabad,Platinum,16,25838.14,1635.09,13,15,36,0.504,6,3,UPI,0
14662,65,Female,Ahmedabad,Bronze,11,20037.09,1815.46,41,14,36,0.715,3,2,Debit Card,0
14663,27,Male,Ahmedabad,Gold,13,30956.66,2140.17,28,8,33,0.333,5,0,UPI,0
14664,35,Female,Pune,Bronze,11,20625.32,1965.06,36,14,25,0.418,4,3,COD,1
14665,55,Female,Ahmedabad,Silver,7,14111.31,2161.58,65,14,42,0.382,2,1,Debit Card,0
14666,36,Male,Chennai,Bronze,9,6914.7,853.13,52,15,32,0.326,5,2,COD,1
14667,53,Male,Pune,Bronze,10,3074.65,300.0,36,23,48,0.258,3,3,Credit Card,0
14668,30,Female,Pune,Bronze,5,11870.79,2512.27,62,14,33,0.27,4,2,UPI,0
14669,63,Female,Mumbai,Gold,8,18594.96,2541.64,20,6,35,0.364,4,0,Credit Card,0
14670,20,Male,Delhi,Silver,11,25478.13,2410.91,41,16,25,0.438,5,0,UPI,0
14671,27,Male,Hyderabad,Gold,15,40206.28,2674.98,80,11,32,0.099,10,1,Debit Card,0
14672,55,Male,Hyderabad,Silver,9,15984.3,1792.56,27,15,39,0.579,4,3,UPI,0
14673,18,Male,Delhi,Silver,18,38911.26,1883.47,54,20,38,0.249,5,0,Credit Card,0
14674,44,Male,Hyderabad,Silver,12,20995.86,1769.7,43,12,34,0.303,4,0,Debit Card,0
14675,63,Female,Delhi,Platinum,11,4997.01,570.89,61,12,30,0.186,6,3,UPI,1
14676,25,Male,Chennai,Silver,10,27784.63,2717.29,39,19,36,0.342,5,2,UPI,0
14677,63,Male,Mumbai,Bronze,14,41122.58,2906.81,29,17,36,0.306,9,0,Credit Card,0
14678,59,Female,Ahmedabad,Platinum,17,55803.97,3038.67,81,13,37,0.278,10,1,Credit Card,0
14679,34,Male,Mumbai,Bronze,11,21679.7,1920.29,32,15,40,0.279,2,3,UPI,0
14680,26,Male,Kolkata,Gold,13,20635.9,1554.22,50,6,37,0.366,6,3,Debit Card,0
14681,23,Female,Mumbai,Bronze,11,16300.55,1776.54,18,18,32,0.292,3,2,Debit Card,0
14682,60,Male,Delhi,Gold,9,15929.76,1736.05,25,10,34,0.27,3,1,Credit Card,0
14683,42,Female,Kolkata,Bronze,8,3051.13,396.88,36,9,41,0.403,4,0,Credit Card,0
14684,56,Male,Delhi,Platinum,8,18699.27,2467.43,38,13,36,0.668,3,1,Credit Card,0
14685,45,Male,Ahmedabad,Silver,11,33413.14,2959.3,100,13,33,0.445,2,1,Debit Card,0
14686,50,Male,Bangalore,Bronze,10,23004.21,2394.96,63,16,32,0.499,2,4,Net Banking,1
14687,54,Female,Kolkata,Bronze,12,28209.9,2220.29,155,10,36,0.513,2,1,COD,1
14688,26,Female,Ahmedabad,Silver,14,22246.8,1635.47,18,21,41,0.481,4,3,UPI,0
14689,35,Female,Ahmedabad,Gold,14,43552.68,2885.82,83,26,36,0.509,9,2,UPI,0
14690,38,Female,Hyderabad,Silver,9,20988.57,2121.1,56,9,40,0.105,7,1,Credit Card,0
14691,19,Male,Hyderabad,Bronze,10,11226.58,1103.14,30,15,25,0.225,7,1,Net Banking,0
14692,60,Female,Bangalore,Silver,6,20214.11,3390.86,28,14,35,0.35,5,4,COD,0
14693,55,Female,Bangalore,Silver,19,62029.79,2782.01,54,13,36,0.685,4,2,Debit Card,0
14694,57,Female,Mumbai,Bronze,10,39120.7,3689.42,40,21,41,0.105,4,0,UPI,0
14695,53,Male,Ahmedabad,Bronze,13,48577.5,3246.53,51,15,32,0.448,9,0,UPI,0
14696,60,Male,Bangalore,Gold,12,19295.64,1639.29,81,9,38,0.237,4,0,Net Banking,0
14697,54,Female,Delhi,Platinum,11,22665.17,1943.42,73,16,35,0.661,8,3,UPI,1
14698,32,Female,Ahmedabad,Bronze,14,44980.14,3110.39,24,14,45,0.115,5,0,COD,0
14699,45,Male,Pune,Gold,14,17291.9,1142.25,58,14,46,0.361,3,1,Credit Card,0
14700,35,Female,Delhi,Bronze,14,48696.17,3690.3,31,12,36,0.539,5,0,Debit Card,0
14701,51,Female,Kolkata,Silver,6,17185.7,2494.72,16,18,43,0.577,4,0,UPI,1
14702,39,Female,Bangalore,Silver,19,56447.91,2945.16,82,12,30,0.168,6,1,UPI,0
14703,28,Female,Hyderabad,Bronze,6,14799.24,2490.69,14,16,38,0.693,5,3,Debit Card,1
14704,30,Male,Delhi,Silver,9,19692.63,2248.05,79,10,42,0.611,6,0,UPI,1
14705,21,Male,Hyderabad,Platinum,21,42519.28,1938.68,27,14,30,0.719,3,3,UPI,0
14706,39,Male,Delhi,Platinum,13,25751.93,2068.15,51,18,32,0.196,4,1,UPI,0
14707,24,Female,Hyderabad,Bronze,15,4426.18,300.0,24,14,40,0.512,5,1,Net Banking,0
14708,60,Female,Chennai,Bronze,15,36796.22,2706.48,30,13,26,0.063,5,1,Debit Card,0
14709,41,Male,Delhi,Platinum,7,29263.12,4160.86,41,14,33,0.235,10,1,UPI,1
14710,21,Male,Kolkata,Bronze,16,22596.17,1453.73,87,15,31,0.304,7,2,Credit Card,1
14711,45,Male,Hyderabad,Gold,14,11875.76,878.69,36,19,44,0.258,4,1,Debit Card,0
14712,32,Female,Pune,Bronze,11,37638.49,3611.89,9,15,39,0.186,7,1,Credit Card,0
14713,18,Male,Kolkata,Silver,13,34188.54,2539.83,57,19,32,0.172,5,2,UPI,0
14714,20,Female,Mumbai,Bronze,19,57839.48,3014.2,72,16,28,0.295,4,1,Credit Card,1
14715,31,Female,Delhi,Gold,12,34156.47,2652.97,34,17,40,0.136,5,0,UPI,0
14716,55,Male,Pune,Platinum,10,14843.54,1365.4,31,11,44,0.526,6,2,UPI,1
14717,18,Male,Mumbai,Bronze,10,33207.76,3017.97,45,21,34,0.439,8,2,Debit Card,0
14718,55,Female,Delhi,Gold,11,19164.88,1756.31,129,21,31,0.381,5,1,UPI,1
14719,55,Male,Pune,Silver,8,12477.75,1456.62,31,6,38,0.265,3,2,UPI,0
14720,38,Male,Pune,Bronze,12,35870.36,2774.59,104,11,36,0.221,3,0,COD,0
14721,65,Female,Kolkata,Gold,15,37547.78,2355.5,47,23,28,0.189,4,0,Credit Card,0
14722,46,Female,Chennai,Silver,22,60775.61,2571.82,43,20,36,0.338,2,1,COD,0
14723,22,Female,Pune,Bronze,12,31934.25,2539.72,9,9,37,0.288,6,3,Net Banking,1
14724,27,Female,Chennai,Bronze,11,31690.61,2947.27,68,11,40,0.618,6,1,Net Banking,0
14725,45,Female,Bangalore,Platinum,14,45235.29,3367.04,14,14,34,0.323,5,1,COD,0
14726,38,Male,Kolkata,Gold,12,30472.24,2390.38,77,14,47,0.248,2,1,Credit Card,0
14727,24,Female,Ahmedabad,Gold,13,50125.6,3500.14,35,19,30,0.578,6,2,UPI,0
14728,20,Female,Hyderabad,Bronze,14,43856.16,3218.52,16,11,41,0.35,3,2,Credit Card,0
14729,62,Female,Kolkata,Gold,12,31990.92,2865.8,143,13,44,0.391,5,0,Credit Card,1
14730,64,Male,Mumbai,Bronze,10,18463.06,1682.72,105,15,36,0.371,7,1,UPI,1
14731,37,Female,Hyderabad,Platinum,8,25975.97,3081.73,108,13,30,0.032,5,2,Net Banking,1
14732,36,Female,Hyderabad,Bronze,9,25138.85,2584.82,31,20,34,0.508,5,0,COD,0
14733,52,Female,Ahmedabad,Silver,16,16701.64,991.91,165,13,41,0.517,3,2,COD,1
14734,21,Male,Chennai,Silver,12,14045.9,1134.17,45,15,35,0.885,8,1,UPI,0
14735,22,Female,Ahmedabad,Gold,15,17765.16,1106.52,20,15,28,0.425,4,2,Net Banking,0
14736,18,Female,Ahmedabad,Gold,8,8401.83,1126.16,44,12,40,0.573,7,0,UPI,1
14737,21,Female,Hyderabad,Silver,14,14353.1,1213.92,97,15,36,0.048,4,1,Net Banking,0
14738,29,Male,Pune,Silver,13,38701.64,2952.87,66,18,39,0.523,4,2,COD,1
14739,44,Male,Chennai,Gold,13,29834.46,2273.94,42,15,43,0.148,5,2,Debit Card,0
14740,59,Male,Hyderabad,Bronze,14,44078.55,2994.54,20,13,30,0.6,5,2,Net Banking,0
14741,40,Male,Chennai,Gold,11,13476.72,1192.0,53,5,28,0.528,6,1,Credit Card,0
14742,42,Female,Bangalore,Platinum,15,9916.78,812.34,14,14,38,0.262,6,1,Credit Card,0
14743,38,Female,Chennai,Bronze,4,6095.64,1423.14,75,10,34,0.414,6,2,COD,1
14744,41,Male,Delhi,Bronze,12,31076.08,2823.63,22,11,36,0.261,7,1,Debit Card,0
14745,42,Male,Pune,Bronze,8,23625.67,2873.3,105,19,31,0.437,3,2,Debit Card,0
14746,62,Female,Mumbai,Bronze,14,26369.89,1995.61,16,17,28,0.795,2,2,UPI,0
14747,63,Female,Delhi,Silver,11,25383.42,2490.19,41,13,33,0.814,4,0,Debit Card,1
14748,49,Male,Delhi,Gold,11,15787.3,1744.06,47,26,23,0.407,5,1,UPI,0
14749,49,Male,Ahmedabad,Silver,21,32369.27,1546.93,7,16,33,0.366,2,4,Credit Card,0
14750,22,Male,Ahmedabad,Bronze,10,26993.06,2557.89,100,9,43,0.304,2,4,Credit Card,1
14751,53,Male,Delhi,Gold,14,39790.5,2796.6,34,11,32,0.332,7,0,UPI,0
14752,63,Female,Hyderabad,Gold,7,25470.02,3811.46,81,18,36,0.547,5,2,UPI,1
14753,59,Male,Chennai,Platinum,9,10349.05,1301.42,20,22,38,0.274,6,0,UPI,1
14754,59,Male,Chennai,Bronze,9,11179.68,1189.04,35,10,21,0.469,7,1,COD,0
14755,56,Female,Kolkata,Gold,9,14190.75,1754.2,25,13,39,0.185,2,0,Debit Card,0
14756,33,Female,Hyderabad,Platinum,9,20804.75,2751.88,60,8,32,0.433,3,4,UPI,0
14757,50,Female,Pune,Silver,10,45583.97,4006.99,180,10,41,0.24,2,1,Net Banking,1
14758,38,Female,Hyderabad,Silver,16,37580.82,2327.49,68,20,42,0.382,4,0,Debit Card,0
14759,26,Female,Hyderabad,Bronze,14,21462.48,1424.1,76,20,37,0.083,1,0,Debit Card,0
14760,23,Male,Hyderabad,Gold,9,9725.72,1174.84,14,17,36,0.685,2,2,COD,0
14761,62,Male,Pune,Silver,13,20635.19,1675.79,43,16,37,0.121,5,1,Debit Card,0
14762,52,Male,Kolkata,Platinum,12,32210.14,2406.44,72,12,23,0.096,3,3,Credit Card,0
14763,56,Female,Pune,Gold,11,30442.37,2841.33,81,14,42,0.363,5,1,UPI,1
14764,39,Male,Bangalore,Silver,14,40998.25,2396.72,28,12,30,0.195,3,6,UPI,1
14765,58,Female,Kolkata,Silver,16,25037.82,1552.14,60,10,45,0.124,3,0,UPI,0
14766,22,Male,Bangalore,Bronze,10,10770.86,1022.86,50,15,47,0.113,4,2,Debit Card,1
14767,59,Male,Bangalore,Bronze,20,56539.99,2790.24,49,15,35,0.239,4,2,UPI,0
14768,40,Female,Bangalore,Gold,10,15998.61,1704.39,85,18,31,0.229,4,0,UPI,0
14769,34,Female,Chennai,Gold,12,19915.7,1778.91,48,11,37,0.492,3,1,Debit Card,0
14770,29,Male,Delhi,Silver,9,10569.41,1287.39,67,10,38,0.416,1,1,UPI,0
14771,40,Male,Delhi,Gold,10,7446.97,801.28,48,11,36,0.645,5,1,Debit Card,1
14772,33,Male,Bangalore,Bronze,13,47217.48,3680.44,100,12,39,0.425,6,3,Credit Card,1
14773,20,Male,Bangalore,Silver,9,15946.16,1607.25,38,22,35,0.135,4,5,Credit Card,0
14774,47,Male,Mumbai,Silver,15,5680.76,432.07,50,15,38,0.046,3,0,UPI,0
14775,39,Female,Ahmedabad,Bronze,15,37153.65,2346.64,61,16,24,0.485,5,1,UPI,0
14776,26,Female,Delhi,Platinum,14,27777.25,2066.56,47,16,34,0.775,1,4,UPI,1
14777,46,Female,Ahmedabad,Gold,15,8632.95,514.51,40,14,34,0.161,4,2,UPI,0
14778,64,Female,Ahmedabad,Silver,10,33210.69,3226.73,25,17,25,0.182,6,2,UPI,0
14779,54,Male,Mumbai,Silver,16,38476.32,2796.09,101,14,47,0.683,3,2,UPI,0
14780,40,Male,Ahmedabad,Bronze,12,37306.03,2958.26,77,11,37,0.21,8,2,UPI,1
14781,30,Female,Kolkata,Silver,15,35668.13,2441.03,56,21,34,0.786,4,2,UPI,0
14782,49,Male,Mumbai,Gold,9,9142.88,1026.87,26,13,41,0.566,2,5,UPI,1
14783,63,Female,Ahmedabad,Platinum,13,31920.21,2143.99,37,13,42,0.245,4,1,UPI,0
14784,64,Male,Ahmedabad,Gold,17,29845.8,1767.27,172,15,25,0.201,8,0,COD,1
14785,65,Male,Hyderabad,Bronze,9,12528.64,1614.89,80,16,43,0.193,4,2,Credit Card,1
14786,40,Male,Ahmedabad,Silver,13,50162.66,3672.75,22,16,31,0.284,8,1,UPI,0
14787,62,Female,Chennai,Bronze,16,20085.44,1307.86,52,11,43,0.06,2,0,UPI,0
14788,34,Female,Kolkata,Bronze,9,16218.54,1783.17,39,21,41,0.617,5,0,UPI,0
14789,57,Female,Pune,Silver,6,13197.48,2233.97,77,13,37,0.6,4,0,Debit Card,1
14790,38,Female,Delhi,Silver,7,18848.21,2554.48,97,18,33,0.35,1,3,Credit Card,1
14791,19,Male,Bangalore,Bronze,12,39545.86,3723.06,72,8,37,0.406,4,0,UPI,0
14792,54,Male,Ahmedabad,Silver,18,36798.45,2052.84,87,20,40,0.219,3,2,Credit Card,0
14793,23,Male,Kolkata,Gold,25,65448.07,2461.82,23,21,37,0.136,7,3,COD,0
14794,61,Male,Bangalore,Bronze,11,12672.74,1116.14,66,18,41,0.371,7,2,UPI,0
14795,35,Female,Pune,Gold,11,32682.27,2717.96,90,22,37,0.534,5,0,Debit Card,0
14796,47,Male,Kolkata,Bronze,12,40686.5,3941.91,54,16,34,0.334,5,1,Net Banking,1
14797,39,Male,Delhi,Silver,15,28603.39,1815.34,59,9,32,0.121,5,2,Credit Card,0
14798,50,Male,Kolkata,Gold,15,46456.9,2922.72,29,12,42,0.691,9,1,COD,0
14799,47,Female,Bangalore,Silver,11,10795.57,930.64,87,15,39,0.682,5,2,UPI,0
14800,34,Female,Bangalore,Platinum,10,20192.86,1889.48,21,12,28,0.532,4,1,Credit Card,0
14801,60,Female,Hyderabad,Bronze,10,20457.61,1934.55,77,12,34,0.156,4,1,Credit Card,0
14802,49,Male,Ahmedabad,Silver,11,27930.77,2516.87,56,17,26,0.372,4,2,UPI,0
14803,59,Female,Mumbai,Silver,11,25458.23,2074.35,111,16,34,0.362,1,3,Credit Card,0
14804,31,Male,Kolkata,Gold,17,56726.04,3216.31,32,15,36,0.57,6,2,Credit Card,0
14805,27,Male,Bangalore,Gold,7,11094.9,1737.7,63,9,30,0.235,4,3,Credit Card,1
14806,64,Male,Chennai,Gold,10,27231.3,2857.76,73,16,43,0.338,2,2,COD,1
14807,53,Female,Delhi,Gold,9,23684.64,2345.29,55,11,37,0.334,6,0,UPI,0
14808,51,Female,Chennai,Bronze,16,18317.78,1229.13,35,18,38,0.504,3,1,Credit Card,0
14809,26,Male,Pune,Silver,16,4424.18,300.0,33,14,38,0.55,4,2,Credit Card,0
14810,59,Male,Kolkata,Silver,11,26707.54,2331.99,41,12,39,0.289,6,2,Debit Card,0
14811,45,Female,Hyderabad,Silver,6,9160.66,1583.87,10,7,32,0.503,6,5,Debit Card,0
14812,28,Female,Delhi,Platinum,12,27669.95,2447.79,9,17,37,0.687,5,1,COD,0
14813,31,Female,Hyderabad,Bronze,12,13379.55,1065.51,61,16,40,0.301,9,1,UPI,0
14814,56,Male,Mumbai,Silver,12,29287.55,2680.18,35,6,42,0.391,4,0,UPI,0
14815,64,Male,Bangalore,Silver,6,24582.59,3611.63,45,12,37,0.357,10,1,UPI,1
14816,36,Male,Ahmedabad,Gold,10,19261.24,1984.55,87,13,37,0.684,7,6,COD,1
14817,32,Female,Delhi,Platinum,11,4255.18,403.54,68,19,30,0.334,4,0,UPI,0
14818,45,Female,Pune,Bronze,21,43782.11,2149.86,15,7,35,0.219,6,1,COD,0
14819,41,Female,Ahmedabad,Bronze,19,30701.37,1558.74,6,19,34,0.194,6,1,Debit Card,0
14820,25,Male,Kolkata,Silver,16,22537.98,1347.31,79,15,28,0.148,7,3,UPI,0
14821,60,Male,Mumbai,Silver,17,31988.67,2011.36,12,19,32,0.372,6,1,Debit Card,0
14822,26,Female,Mumbai,Platinum,12,36249.32,3096.97,19,17,41,0.268,5,2,UPI,1
14823,64,Male,Hyderabad,Silver,11,16173.66,1680.8,22,19,32,0.277,3,3,UPI,0
14824,50,Female,Mumbai,Bronze,13,36220.46,2827.68,108,15,30,0.074,9,2,Debit Card,1
14825,50,Male,Delhi,Silver,9,19200.45,2005.96,58,15,31,0.054,6,1,UPI,0
14826,36,Female,Hyderabad,Silver,17,33227.21,2118.52,68,22,27,0.381,4,2,UPI,1
14827,20,Male,Ahmedabad,Gold,13,42898.67,3182.64,4,26,35,0.265,6,0,Credit Card,0
14828,27,Male,Mumbai,Bronze,14,26075.38,1948.31,8,11,34,0.419,3,3,Debit Card,0
14829,57,Female,Kolkata,Bronze,11,27550.37,2889.49,79,12,29,0.335,9,1,UPI,0
14830,64,Female,Ahmedabad,Platinum,13,27814.63,1995.37,12,13,36,0.206,5,1,COD,0
14831,59,Female,Pune,Bronze,7,18527.49,2703.65,127,16,25,0.375,6,1,UPI,1
14832,18,Female,Kolkata,Gold,14,25545.08,1961.04,25,16,30,0.233,3,3,Debit Card,0
14833,46,Female,Chennai,Silver,17,40579.69,2354.05,22,12,32,0.261,6,1,UPI,0
14834,51,Male,Delhi,Silver,4,10735.74,2431.47,22,15,33,0.665,5,5,Credit Card,0
14835,30,Female,Pune,Bronze,13,33851.21,2808.14,41,10,37,0.368,2,1,Net Banking,0
14836,18,Female,Pune,Bronze,16,42808.43,2631.83,121,13,26,0.366,7,2,Net Banking,1
14837,51,Female,Hyderabad,Silver,11,17620.58,1440.13,30,22,29,0.675,5,2,Credit Card,0
14838,46,Male,Bangalore,Bronze,9,32240.58,3838.13,59,15,44,0.113,6,2,UPI,0
14839,65,Female,Hyderabad,Silver,13,31658.9,2223.56,74,11,43,0.382,7,1,COD,1
14840,64,Female,Delhi,Bronze,12,38332.92,3023.91,109,18,37,0.847,2,3,Debit Card,0
14841,30,Female,Delhi,Gold,12,3504.46,300.0,78,14,37,0.409,4,1,Credit Card,1
14842,65,Male,Hyderabad,Platinum,15,41620.83,2923.05,53,18,34,0.19,4,1,UPI,0
14843,46,Male,Bangalore,Bronze,14,40266.81,2888.78,9,14,24,0.552,5,1,Credit Card,0
14844,56,Female,Kolkata,Bronze,14,35817.51,2410.56,41,16,39,0.444,6,0,UPI,0
14845,41,Male,Hyderabad,Gold,14,4449.97,300.0,8,7,32,0.321,5,4,Debit Card,0
14846,43,Female,Delhi,Silver,9,14108.01,1550.03,15,16,30,0.3,7,1,Debit Card,0
14847,34,Male,Bangalore,Bronze,18,24352.39,1278.63,35,18,42,0.277,3,0,UPI,0
14848,24,Female,Delhi,Silver,14,44987.49,3246.57,54,16,36,0.3,8,1,UPI,0
14849,30,Male,Bangalore,Bronze,10,10154.31,1116.96,25,16,35,0.439,4,1,Credit Card,0
14850,22,Female,Bangalore,Bronze,10,23293.18,2698.74,129,9,32,0.116,3,1,COD,1
14851,43,Female,Ahmedabad,Platinum,17,29573.54,1939.34,52,16,43,0.704,6,1,Net Banking,1
14852,20,Male,Hyderabad,Gold,11,32861.78,3174.66,86,14,25,0.331,6,3,Debit Card,1
14853,24,Female,Hyderabad,Gold,15,29415.22,2406.02,6,13,35,0.638,2,0,UPI,0
14854,56,Female,Hyderabad,Bronze,9,15453.9,1619.05,59,22,25,0.431,11,0,UPI,0
14855,18,Female,Bangalore,Bronze,9,14137.12,1503.0,130,16,35,0.342,0,4,COD,1
14856,34,Female,Bangalore,Gold,25,48929.19,1802.48,91,16,25,0.306,4,1,COD,0
14857,60,Male,Delhi,Bronze,8,2267.92,300.0,53,13,36,0.553,3,1,Credit Card,0
14858,42,Female,Pune,Silver,10,42631.5,3793.47,47,15,30,0.422,6,3,Credit Card,0
14859,20,Male,Hyderabad,Bronze,8,24227.23,3382.5,30,16,32,0.508,2,0,UPI,0
14860,32,Male,Ahmedabad,Silver,14,31817.4,2261.22,20,12,36,0.411,6,3,Credit Card,0
14861,46,Male,Chennai,Bronze,7,22017.47,3045.66,19,8,31,0.285,7,1,Debit Card,0
14862,60,Male,Delhi,Bronze,5,9602.16,2167.37,7,10,33,0.596,5,2,Credit Card,1
14863,49,Female,Delhi,Gold,11,33309.13,2592.68,24,15,24,0.458,3,1,COD,0
14864,43,Female,Mumbai,Silver,15,44164.09,3088.21,29,23,35,0.318,2,0,COD,0
14865,33,Male,Hyderabad,Bronze,10,20371.36,1985.39,52,9,30,0.243,8,0,Net Banking,0
14866,42,Female,Kolkata,Gold,11,33164.76,2896.57,22,21,33,0.341,5,1,UPI,0
14867,45,Male,Delhi,Bronze,11,6656.23,582.96,52,18,30,0.134,6,1,UPI,1
14868,26,Female,Mumbai,Silver,10,24146.08,2393.12,94,22,34,0.313,8,0,UPI,0
14869,18,Female,Chennai,Silver,13,28875.11,2187.04,58,12,37,0.133,4,1,Credit Card,0
14870,46,Female,Ahmedabad,Bronze,16,33518.65,1893.86,61,18,34,0.342,2,0,UPI,1
14871,39,Male,Chennai,Silver,11,22548.73,2013.97,51,15,34,0.209,5,1,Credit Card,0
14872,33,Male,Kolkata,Gold,15,28697.61,1982.26,112,11,34,0.21,2,2,COD,0
14873,58,Female,Hyderabad,Platinum,12,35114.39,3197.2,51,9,27,0.26,3,1,Debit Card,0
14874,61,Male,Bangalore,Silver,8,18879.11,2147.59,21,16,36,0.108,5,1,UPI,0
14875,58,Male,Mumbai,Bronze,13,68108.0,4739.17,58,19,49,0.14,3,2,Credit Card,0
14876,24,Female,Bangalore,Bronze,10,12471.21,1354.44,50,14,55,0.268,8,2,Debit Card,0
14877,31,Male,Chennai,Silver,11,31408.79,2699.23,92,14,45,0.534,8,2,Credit Card,1
14878,46,Female,Chennai,Bronze,7,23510.63,3005.37,55,18,31,0.302,10,0,UPI,0
14879,36,Female,Pune,Silver,11,21345.23,1849.38,56,17,36,0.197,6,4,COD,0
14880,36,Female,Pune,Silver,10,10636.49,1107.83,34,15,28,0.186,4,1,COD,0
14881,19,Male,Ahmedabad,Bronze,13,23169.44,1793.63,37,8,31,0.414,6,2,COD,0
14882,58,Female,Kolkata,Bronze,15,15412.14,1011.05,28,9,44,0.488,7,3,COD,0
14883,62,Female,Pune,Silver,11,15830.64,1458.82,46,17,43,0.247,8,1,Debit Card,0
14884,32,Male,Pune,Bronze,8,20967.37,2548.43,43,11,29,0.245,12,3,Credit Card,0
14885,20,Male,Kolkata,Platinum,9,39757.7,4531.03,40,12,38,0.072,6,1,UPI,0
14886,28,Male,Delhi,Silver,9,30435.65,3762.01,80,16,31,0.561,6,2,COD,0
14887,63,Male,Pune,Gold,18,32359.72,1652.78,55,13,31,0.464,6,3,UPI,0
14888,47,Female,Delhi,Platinum,13,39022.16,3051.1,36,11,26,0.106,2,3,UPI,0
14889,57,Male,Delhi,Gold,10,17945.69,1872.74,56,13,37,0.536,5,0,Credit Card,0
14890,35,Male,Hyderabad,Bronze,10,14302.06,1416.95,180,11,28,0.604,2,3,Debit Card,1
14891,65,Male,Delhi,Platinum,8,16677.51,2125.56,167,15,24,0.237,5,1,Credit Card,1
14892,19,Male,Delhi,Bronze,12,3577.88,300.0,25,17,25,0.224,4,1,Credit Card,0
14893,49,Female,Pune,Bronze,15,10492.31,687.37,46,15,40,0.104,2,0,UPI,0
14894,25,Male,Delhi,Silver,14,40365.93,3021.76,29,16,36,0.146,8,0,UPI,0
14895,39,Female,Bangalore,Bronze,9,31349.54,3427.54,38,9,39,0.561,2,5,UPI,0
14896,23,Male,Kolkata,Bronze,11,2930.46,300.0,53,17,37,0.276,8,3,UPI,0
14897,29,Female,Pune,Bronze,8,26397.23,3511.61,83,16,33,0.283,8,2,Credit Card,1
14898,64,Female,Kolkata,Bronze,13,41408.19,3242.76,49,12,33,0.106,11,1,UPI,0
14899,57,Male,Mumbai,Gold,12,22208.12,1886.23,18,18,26,0.011,7,1,UPI,0
14900,53,Female,Pune,Bronze,15,41365.55,2609.49,93,14,33,0.427,4,2,COD,1
14901,32,Male,Delhi,Silver,17,64441.93,3835.56,59,16,32,0.268,6,0,UPI,0
14902,45,Female,Bangalore,Platinum,11,38595.48,3303.37,38,19,32,0.145,4,1,Debit Card,0
14903,62,Female,Kolkata,Silver,18,47916.51,2644.68,47,9,35,0.465,4,3,Net Banking,0
14904,35,Female,Pune,Silver,13,22426.92,1629.64,43,10,44,0.166,6,1,COD,0
14905,19,Male,Bangalore,Platinum,14,20651.61,1830.88,80,12,37,0.301,8,3,Net Banking,0
14906,30,Female,Kolkata,Bronze,10,29142.15,2829.38,46,23,29,0.384,4,1,COD,0
14907,62,Male,Mumbai,Silver,11,30410.71,2687.64,48,10,35,0.469,5,1,UPI,1
14908,32,Female,Chennai,Gold,12,41967.18,3245.72,33,16,41,0.131,7,0,Debit Card,0
14909,37,Female,Ahmedabad,Platinum,19,19452.64,899.66,67,16,35,0.328,5,2,COD,1
14910,46,Female,Ahmedabad,Silver,14,34771.77,2600.46,43,10,34,0.31,5,0,Credit Card,0
14911,59,Female,Mumbai,Bronze,14,46368.79,2847.36,38,18,33,0.765,1,2,UPI,0
14912,46,Female,Chennai,Platinum,11,19918.65,1982.02,37,14,30,0.394,8,1,UPI,0
14913,20,Female,Hyderabad,Bronze,8,34913.44,4343.81,83,8,42,0.394,4,0,UPI,1
14914,36,Male,Chennai,Silver,17,25457.99,1421.82,33,14,43,0.376,7,2,COD,0
14915,20,Male,Hyderabad,Silver,14,30263.28,2149.42,29,17,33,0.495,4,3,Debit Card,0
14916,31,Male,Pune,Silver,10,28309.62,2857.85,105,18,37,0.658,4,2,Debit Card,1
14917,57,Female,Hyderabad,Gold,6,19723.39,2977.15,13,7,30,0.148,6,0,UPI,0
14918,21,Male,Ahmedabad,Gold,9,16192.58,1979.17,58,14,30,0.277,5,1,UPI,0
14919,28,Female,Ahmedabad,Gold,11,22138.27,1977.53,44,10,48,0.291,6,2,Debit Card,0
14920,48,Male,Bangalore,Bronze,15,38489.01,2828.84,50,16,35,0.203,3,2,Net Banking,0
14921,60,Male,Hyderabad,Silver,13,30393.71,2617.86,43,22,45,0.136,6,1,UPI,1
14922,49,Female,Bangalore,Gold,8,16647.97,2282.89,48,19,29,0.048,5,2,Credit Card,0
14923,44,Female,Ahmedabad,Silver,14,8068.04,526.07,79,16,35,0.112,1,2,Credit Card,0
14924,47,Male,Kolkata,Platinum,7,15339.93,2332.95,12,8,25,0.511,4,3,COD,0
14925,60,Male,Kolkata,Gold,10,34069.62,3653.74,27,26,30,0.301,7,0,UPI,0
14926,19,Male,Chennai,Silver,15,44668.45,2730.5,43,12,40,0.282,5,3,Credit Card,0
14927,26,Male,Chennai,Bronze,15,21710.85,1501.83,69,9,38,0.524,4,3,Credit Card,0
14928,45,Female,Chennai,Gold,17,14547.61,887.17,85,16,36,0.685,6,0,UPI,1
14929,48,Male,Hyderabad,Platinum,12,43363.03,3062.9,23,18,40,0.608,4,2,Debit Card,0
14930,51,Female,Chennai,Silver,10,16873.87,1786.21,18,17,26,0.403,6,1,Net Banking,0
14931,32,Female,Hyderabad,Gold,10,32753.22,3401.71,35,15,33,0.101,7,5,COD,0
14932,65,Male,Hyderabad,Bronze,12,40117.97,3381.1,14,12,37,0.29,7,0,UPI,0
14933,42,Female,Delhi,Silver,9,21629.58,2066.13,57,17,30,0.234,6,1,UPI,0
14934,53,Male,Delhi,Silver,7,16716.66,2492.53,19,11,25,0.227,3,0,Credit Card,0
14935,25,Female,Hyderabad,Gold,12,26842.51,2604.88,49,14,36,0.264,6,4,UPI,0
14936,26,Female,Kolkata,Platinum,14,16571.33,1119.83,24,18,30,0.668,4,1,Credit Card,0
14937,54,Male,Bangalore,Bronze,11,37538.79,3735.86,12,15,33,0.625,1,1,UPI,0
14938,65,Female,Ahmedabad,Bronze,11,29183.44,2649.12,19,19,34,0.265,7,4,COD,0
14939,62,Female,Ahmedabad,Gold,12,25375.94,2337.73,39,7,45,0.445,9,3,Credit Card,0
14940,56,Male,Pune,Bronze,8,23875.76,3087.84,18,16,25,0.259,8,1,UPI,1
14941,49,Female,Mumbai,Silver,14,33637.41,2474.52,88,20,41,0.342,4,0,UPI,0
14942,34,Female,Delhi,Bronze,12,15994.07,1221.06,38,22,35,0.057,1,2,UPI,0
14943,52,Male,Hyderabad,Bronze,12,15409.56,1475.02,50,6,33,0.574,4,1,Credit Card,1
14944,54,Male,Mumbai,Gold,16,4748.02,300.0,27,14,33,0.149,7,2,Credit Card,0
14945,36,Female,Delhi,Gold,11,26793.37,2259.46,32,10,30,0.21,9,2,Debit Card,0
14946,61,Female,Pune,Bronze,15,44449.06,2697.24,71,18,30,0.204,6,0,UPI,0
14947,46,Female,Ahmedabad,Bronze,13,26273.79,2031.25,23,11,37,0.517,2,0,COD,1
14948,24,Male,Bangalore,Bronze,8,8501.67,1159.91,34,17,29,0.094,10,0,UPI,0
14949,45,Female,Hyderabad,Silver,11,22411.38,1754.44,23,15,31,0.182,6,1,COD,0
14950,26,Female,Pune,Bronze,10,18159.05,1868.05,22,19,28,0.186,2,2,Credit Card,0
14951,45,Female,Ahmedabad,Silver,10,30457.91,2980.64,104,18,35,0.215,6,1,UPI,0
14952,23,Female,Kolkata,Gold,12,41742.65,3488.64,40,13,38,0.309,6,1,Credit Card,0
14953,46,Female,Delhi,Gold,9,2772.79,300.0,8,16,36,0.132,5,2,Debit Card,1
14954,34,Female,Hyderabad,Bronze,10,21150.3,2129.06,31,23,35,0.042,3,1,UPI,0
14955,33,Male,Mumbai,Gold,14,22401.2,1656.31,42,21,36,0.468,2,1,UPI,0
14956,40,Male,Kolkata,Platinum,12,25981.7,1965.39,137,16,42,0.122,5,4,UPI,1
14957,48,Female,Ahmedabad,Bronze,8,24324.65,2957.87,26,19,29,0.759,7,1,Debit Card,0
14958,20,Female,Kolkata,Bronze,10,19056.45,1750.44,6,10,25,0.594,7,5,UPI,0
14959,38,Male,Chennai,Silver,8,20930.41,2815.98,49,16,24,0.485,6,2,Net Banking,0
14960,43,Male,Bangalore,Bronze,15,62082.61,3992.23,68,19,36,0.289,5,1,UPI,0
14961,53,Male,Ahmedabad,Gold,15,25713.89,1794.79,11,15,33,0.701,7,1,COD,0
14962,59,Female,Kolkata,Gold,14,30466.81,2004.68,36,13,31,0.803,8,1,Net Banking,0
14963,54,Female,Delhi,Silver,15,30974.43,1984.52,30,15,50,0.302,4,3,UPI,0
14964,39,Female,Bangalore,Gold,14,58480.1,4348.29,33,17,37,0.601,8,0,Credit Card,0
14965,59,Female,Hyderabad,Gold,15,26336.58,1749.9,22,11,30,0.414,5,0,Credit Card,0
14966,29,Male,Chennai,Bronze,11,38906.16,3522.97,17,11,31,0.051,3,2,Credit Card,0
14967,59,Male,Ahmedabad,Bronze,9,20555.11,2167.69,16,21,33,0.28,6,0,UPI,0
14968,30,Male,Pune,Platinum,8,16504.66,2353.24,87,13,37,0.317,9,0,Credit Card,0
14969,28,Male,Bangalore,Platinum,15,36928.13,2945.49,46,18,34,0.286,3,5,Debit Card,0
14970,33,Female,Mumbai,Gold,15,24749.0,1864.56,103,14,33,0.231,5,0,Credit Card,0
14971,25,Female,Delhi,Platinum,16,54499.5,3084.27,50,16,39,0.376,2,1,Credit Card,0
14972,57,Male,Ahmedabad,Bronze,14,28980.5,1950.87,180,16,30,0.17,6,4,UPI,1
14973,57,Male,Mumbai,Bronze,15,16881.32,1238.32,24,13,31,0.205,6,0,Net Banking,0
14974,62,Male,Bangalore,Silver,11,38180.56,3115.02,82,23,41,0.29,3,2,Net Banking,0
14975,19,Male,Ahmedabad,Bronze,14,38258.59,2749.29,19,13,37,0.06,1,2,COD,0
14976,47,Male,Chennai,Gold,12,20264.84,1672.5,53,14,39,0.29,5,1,Net Banking,0
14977,47,Female,Pune,Platinum,7,24072.46,3237.48,34,12,44,0.695,3,1,Credit Card,0
14978,29,Female,Pune,Gold,11,12823.76,1314.06,29,10,35,0.241,7,0,UPI,0
14979,27,Male,Mumbai,Silver,13,34318.24,2580.6,48,16,37,0.526,4,1,Debit Card,1
14980,61,Male,Hyderabad,Bronze,17,11645.61,676.57,68,18,44,0.073,8,3,Debit Card,0
14981,28,Male,Hyderabad,Bronze,13,22033.38,1849.65,33,17,31,0.666,7,0,Net Banking,0
14982,32,Female,Chennai,Silver,12,17965.44,1442.01,35,16,34,0.746,7,1,UPI,0
14983,33,Female,Pune,Gold,8,8331.04,1066.66,36,22,23,0.27,3,2,COD,0
14984,34,Female,Mumbai,Silver,8,17630.6,2222.06,28,16,33,0.409,4,2,Credit Card,0
14985,43,Male,Mumbai,Platinum,12,28203.33,2498.85,28,14,29,0.318,3,2,COD,0
14986,19,Female,Ahmedabad,Gold,7,18181.29,2753.31,57,12,29,0.163,9,1,Credit Card,0
14987,29,Male,Ahmedabad,Bronze,11,25272.42,2201.51,40,13,33,0.274,5,1,Debit Card,0
14988,43,Female,Mumbai,Bronze,15,37845.18,2587.78,40,20,40,0.315,6,1,Debit Card,0
14989,40,Female,Ahmedabad,Gold,15,20208.16,1189.2,40,18,32,0.426,5,2,Debit Card,0
14990,35,Female,Bangalore,Bronze,8,11979.28,1407.76,130,15,36,0.233,3,3,Credit Card,0
14991,49,Male,Ahmedabad,Gold,13,27235.49,2183.96,126,18,33,0.124,4,1,Debit Card,1
14992,55,Male,Chennai,Silver,12,17152.2,1411.5,22,9,40,0.157,4,2,COD,0
14993,64,Female,Hyderabad,Bronze,12,31124.37,2204.99,46,15,33,0.513,8,0,Credit Card,0
14994,20,Male,Hyderabad,Silver,13,21426.76,1614.99,20,19,31,0.499,5,3,UPI,0
14995,55,Male,Bangalore,Silver,19,37128.38,2057.33,39,11,37,0.064,7,2,Credit Card,0
14996,20,Male,Delhi,Gold,10,6705.77,702.0,69,12,37,0.436,8,0,Credit Card,0
14997,47,Male,Bangalore,Bronze,8,4216.5,659.06,82,17,35,0.493,4,1,Net Banking,0
14998,18,Male,Chennai,Platinum,10,14597.03,1554.67,22,18,28,0.495,6,2,Debit Card,1
14999,47,Male,Mumbai,Gold,13,12368.82,1005.91,103,19,38,0.216,7,0,Debit Card,0
15000,62,Male,Bangalore,Gold,12,3974.75,300.0,20,13,36,0.397,6,2,Credit Card,0
